CreditScore,Gender,Age,Tenure,Balance,NumOfProducts,HasCrCard,IsActiveMember,EstimatedSalary,IsBalanceZero,Geography_France,Geography_Germany,Geography_Spain,Exited
-0.037465671100014995,0,0.7458121995935818,0.03478346734488051,-1.0223976130812507,0.7168853643458143,1,0,-0.8675756761975548,1,1.0,0.0,0.0,0
0.22496198029698244,0,1.5262274541340193,-1.3525912985477861,0.9701084130530497,0.7168853643458143,0,1,0.09556373206370507,0,0.0,1.0,0.0,0
-0.11094541349117427,1,1.1360198268638007,-1.6994349900209527,0.6548808496291616,0.7168853643458143,1,0,1.4240698708446031,0,1.0,0.0,0.0,1
1.9989729037406851,1,2.6968503359446756,0.7284708502912138,0.9710974234175775,-1.0457411022578735,0,1,-0.8077318209852369,0,1.0,0.0,0.0,0
-0.7302746707880883,0,1.0384679200462459,0.7284708502912138,1.4806358853755952,0.7168853643458143,1,0,-1.4990919459381833,0,0.0,1.0,0.0,1
0.4349041014145804,1,1.623779360951574,1.0753145417643806,1.4752417519737528,0.7168853643458143,1,1,0.7784845324877089,0,0.0,1.0,0.0,0
-0.15293383771469388,0,-0.22970686858196498,-1.0057476070746194,0.982941386300923,2.479511830949502,1,1,-0.7253726328217532,0,0.0,1.0,0.0,1
-0.3838701709440516,0,3.0870579632148942,-0.6589039156014528,0.3938884239541369,0.7168853643458143,1,0,-1.151371927500702,0,1.0,0.0,0.0,1
-1.475569200755561,1,-1.1076740299399572,1.422158233237547,-1.0223976130812507,-1.0457411022578735,1,0,0.7454571284634464,1,1.0,0.0,0.0,1
1.190695737437933,0,-0.5223625890346291,-0.31206022412828616,-1.0223976130812507,-1.0457411022578735,1,0,-1.27749804290178,1,1.0,0.0,0.0,1
0.19347066212934275,1,2.9895060563973397,-1.3525912985477861,-1.0223976130812507,0.7168853643458143,1,0,0.9955755424290277,1,1.0,0.0,0.0,0
0.23545908635286236,1,1.9164350814042381,1.422158233237547,0.7386150738810472,-1.0457411022578735,1,1,-1.6635492120660251,0,0.0,0.0,1.0,0
0.8023028133703768,1,0.9409160132286912,0.7284708502912138,0.36150042851173203,-1.0457411022578735,1,1,-1.31601465994274,0,0.0,1.0,0.0,0
1.0017478284320949,0,-0.3272587753995197,-1.0057476070746194,-1.0223976130812507,-1.0457411022578735,1,0,-0.9607826485472966,1,0.0,0.0,1.0,1
0.7498172830909774,1,0.6482602927760271,-0.6589039156014528,0.7321185321836301,0.7168853643458143,1,0,-0.26741171481836096,0,0.0,1.0,0.0,1
-0.37337306488817174,1,1.1360198268638007,-0.6589039156014528,1.6045329507172859,-1.0457411022578735,0,1,0.5436427133748802,0,0.0,0.0,1.0,0
1.5895857675613692,0,2.79440224276223,1.7690019247107138,0.9842488451167004,-1.0457411022578735,0,1,1.2176026628522856,0,0.0,0.0,1.0,0
0.15148223790582316,1,1.9164350814042381,-1.3525912985477861,1.856266531968299,-1.0457411022578735,1,1,-1.3523148764562403,0,0.0,0.0,1.0,0
1.7470423583995676,1,3.1846098700324488,0.03478346734488051,1.3793364182505155,-1.0457411022578735,0,1,1.0924894121306061,0,1.0,0.0,0.0,0
-0.2684020043293727,1,0.7458121995935818,1.422158233237547,1.5666934786010887,-1.0457411022578735,0,1,-0.10775072208242784,0,0.0,0.0,1.0,0
0.4768925256381,1,1.1360198268638007,-0.6589039156014528,-1.0223976130812507,0.7168853643458143,0,0,-0.08264909694630342,1,1.0,0.0,0.0,0
-1.5490489431467203,1,1.623779360951574,1.0753145417643806,1.1100619166939056,0.7168853643458143,1,1,1.225682505432665,0,1.0,0.0,0.0,0
-1.685511321873159,0,2.013986988221793,0.7284708502912138,0.45435432699952655,0.7168853643458143,1,0,1.1004375718929549,0,0.0,1.0,0.0,1
-0.5413267617822501,1,3.574817497302668,-1.0057476070746194,-0.034681821240541276,-1.0457411022578735,0,1,1.5083928505987185,0,0.0,1.0,0.0,0
-0.12144251954705418,0,1.623779360951574,-1.3525912985477861,1.130820503292957,-1.0457411022578735,0,1,-1.4333843016826482,0,0.0,0.0,1.0,0
0.371921465079301,1,2.9895060563973397,1.7690019247107138,1.4735478703787404,-1.0457411022578735,1,1,-0.5007788251653645,0,1.0,0.0,0.0,0
-0.21591647404997324,0,0.6482602927760271,0.7284708502912138,1.2304074039366586,-1.0457411022578735,1,1,0.15074872204205914,0,1.0,0.0,0.0,0
0.5503722680292593,0,0.6482602927760271,-0.6589039156014528,0.6547078533536724,-1.0457411022578735,0,1,1.2893880156696569,0,1.0,0.0,0.0,0
1.8940018431818861,1,1.0384679200462459,1.0753145417643806,0.6415619082591739,-1.0457411022578735,1,1,-0.8455986986934896,0,1.0,0.0,0.0,0
-0.27889911038525267,1,1.4286755473164647,0.03478346734488051,1.2013240561552727,-1.0457411022578735,0,1,0.24978721333731885,0,1.0,0.0,0.0,0
-0.29989332249701245,0,0.6482602927760271,1.0753145417643806,-1.0223976130812507,0.7168853643458143,1,0,1.6341412670605964,1,1.0,0.0,0.0,0
1.0122449344879747,1,5.233199913201098,-0.6589039156014528,0.9348975500799686,-1.0457411022578735,0,1,1.662957596830259,0,1.0,0.0,0.0,0
0.3824185711351809,1,0.6482602927760271,-1.0057476070746194,0.854895309726413,0.7168853643458143,0,0,-1.3285101275582967,0,0.0,1.0,0.0,1
-0.5308296557263702,1,0.6482602927760271,0.03478346734488051,0.005793508466068782,-1.0457411022578735,1,1,-0.10419788842283262,0,0.0,1.0,0.0,0
1.0017478284320949,0,0.6482602927760271,-0.6589039156014528,0.6757766734970367,0.7168853643458143,0,1,-0.17245695233839348,0,0.0,1.0,0.0,0
-0.9717081100733259,0,-0.5223625890346291,-1.0057476070746194,0.8422495074954096,-1.0457411022578735,0,1,0.2192388814959823,0,0.0,1.0,0.0,1
-0.05845988321177479,0,-0.42481068221707435,1.7690019247107138,1.3770391436871772,-1.0457411022578735,1,0,-0.5781583555645303,0,0.0,1.0,0.0,1
-0.19492226193821346,1,-1.1076740299399572,-0.31206022412828616,1.1536837168338525,-1.0457411022578735,1,1,1.5061132978370515,0,0.0,1.0,0.0,1
1.6840597220642883,1,1.9164350814042381,-0.6589039156014528,0.8191524107217301,0.7168853643458143,1,1,-0.9868837792363524,0,0.0,1.0,0.0,0
0.26695040452050206,0,1.1360198268638007,1.7690019247107138,1.0400113112493512,-1.0457411022578735,1,1,0.044181408759391985,0,0.0,0.0,1.0,0
0.4873896316939799,1,3.3797136836675583,0.03478346734488051,1.1966186863232542,-1.0457411022578735,1,1,1.0403437101710424,0,0.0,0.0,1.0,0
0.26695040452050206,0,-0.9125702163048478,0.38162715881804715,0.6046818084118905,-1.0457411022578735,0,0,-1.1645639781391748,0,0.0,1.0,0.0,1
-0.29989332249701245,0,1.2335717336813552,1.422158233237547,1.4888482150865225,0.7168853643458143,1,1,-0.49539405622831717,0,0.0,1.0,0.0,0
0.6973317528115779,1,-0.8150183094872931,-1.3525912985477861,-1.0223976130812507,2.479511830949502,1,0,1.126575310058433,1,0.0,0.0,1.0,1
-1.4230836704761616,0,1.0384679200462459,-0.31206022412828616,0.313575788979662,0.7168853643458143,0,0,-0.6471473135715998,0,0.0,0.0,1.0,1
-2.304840579170073,1,1.0384679200462459,1.422158233237547,0.7757696482659783,0.7168853643458143,0,1,1.157676050453933,0,1.0,0.0,0.0,0
1.2326841616614526,1,3.6723694041202224,-0.31206022412828616,0.7898896236005909,-1.0457411022578735,1,1,0.7533084779326971,0,1.0,0.0,0.0,0
-0.25790489827349283,1,1.1360198268638007,-1.0057476070746194,-1.0223976130812507,0.7168853643458143,0,0,-0.7247019005760265,1,1.0,0.0,0.0,0
0.4663954195822201,1,1.2335717336813552,1.422158233237547,-1.0223976130812507,0.7168853643458143,0,0,-0.6549795785744696,1,1.0,0.0,0.0,0
0.6868346467556979,1,0.7458121995935818,0.03478346734488051,-1.0223976130812507,0.7168853643458143,1,0,1.3913460833309517,1,1.0,0.0,0.0,0
1.6840597220642883,1,2.013986988221793,-1.3525912985477861,0.8938112568045223,-1.0457411022578735,1,1,0.36617834243731506,0,1.0,0.0,0.0,0
-1.7589910642643183,0,0.8433641064111366,1.0753145417643806,0.6510978044465389,0.7168853643458143,1,1,0.13726676100974042,0,1.0,0.0,0.0,0
-0.06895698926765469,0,-1.0101221231224025,0.03478346734488051,0.9432910909733214,2.479511830949502,0,1,0.814556602880378,0,0.0,1.0,0.0,1
0.29844172268814173,1,1.9164350814042381,-1.3525912985477861,0.6656294915876224,-1.0457411022578735,1,1,0.9449899088485578,0,1.0,0.0,0.0,0
1.8625105250142464,0,2.891954149579785,1.422158233237547,1.0743248164470605,0.7168853643458143,0,1,-0.11453125949254131,0,0.0,1.0,0.0,0
-0.17392804982645366,1,-0.5223625890346291,0.7284708502912138,1.4674562752703173,-1.0457411022578735,1,0,-1.283713680107008,0,1.0,0.0,0.0,1
-1.4335807765320414,0,-0.7174664026697384,-0.6589039156014528,0.7319548783513238,-1.0457411022578735,1,1,1.45490915405068,0,0.0,1.0,0.0,1
-0.3943672769999315,0,0.6482602927760271,-1.6994349900209527,-1.0223976130812507,0.7168853643458143,0,0,0.2417097996890242,1,0.0,0.0,1.0,0
0.41390988930282063,0,1.2335717336813552,0.03478346734488051,-1.0223976130812507,0.7168853643458143,1,0,-0.7753702913425315,1,0.0,0.0,1.0,0
0.06750538945878398,1,-0.6199144958521837,1.0753145417643806,1.081708407017027,-1.0457411022578735,1,0,-0.9117579508216648,0,0.0,1.0,0.0,1
0.5188809498616196,1,1.5262274541340193,1.422158233237547,0.8693587003862981,-1.0457411022578735,1,1,1.5011709415297516,0,1.0,0.0,0.0,0
1.49511181305845,0,1.33112364049891,-0.31206022412828616,1.574312885323119,-1.0457411022578735,1,1,-0.18446351062429187,0,1.0,0.0,0.0,0
0.09899670762642368,1,0.7458121995935818,0.03478346734488051,0.9729096963184416,-1.0457411022578735,1,1,1.3555254074090681,0,1.0,0.0,0.0,0
0.7393201770350974,0,-0.7174664026697384,-1.6994349900209527,-1.0223976130812507,-1.0457411022578735,1,0,0.3823387215786695,1,0.0,0.0,1.0,1
-0.5833151860057697,0,1.5262274541340193,-1.3525912985477861,1.0883497565837783,0.7168853643458143,1,1,1.7340474075956078,0,0.0,1.0,0.0,0
-0.5413267617822501,0,2.501746522309566,-1.0057476070746194,1.0644416390958646,-1.0457411022578735,1,1,-1.4939983018610243,0,1.0,0.0,0.0,0
-0.5203325496704903,1,0.6482602927760271,0.7284708502912138,0.9726907932100713,-1.0457411022578735,0,1,0.23140713726067477,0,1.0,0.0,0.0,0
-1.0241936403527254,0,3.0870579632148942,1.422158233237547,-1.0223976130812507,-1.0457411022578735,1,1,0.4039513592700016,1,1.0,0.0,0.0,0
0.3194359347999015,0,2.4041946154920115,-1.3525912985477861,1.1958795057755642,-1.0457411022578735,1,1,-1.0717640254088008,0,0.0,0.0,1.0,0
-0.06895698926765469,1,2.209090801856902,-1.3525912985477861,1.441570781359774,-1.0457411022578735,0,1,-0.2904815382654767,0,0.0,0.0,1.0,0
-1.5595460492026,1,1.0384679200462459,0.7284708502912138,0.9500089519282081,0.7168853643458143,1,1,-0.41474900013616844,0,1.0,0.0,0.0,0
0.26695040452050206,1,0.9409160132286912,-1.3525912985477861,1.212993734150276,-1.0457411022578735,0,1,1.1993133247385273,0,1.0,0.0,0.0,0
0.3929156771910608,1,1.8188831745866834,1.0753145417643806,0.8513432483976558,-1.0457411022578735,1,1,0.3121358180146028,0,0.0,0.0,1.0,0
-0.656794928396929,1,2.209090801856902,-0.6589039156014528,-0.017421013153822728,-1.0457411022578735,1,1,1.6086556971599104,0,1.0,0.0,0.0,0
1.6735626160084083,1,2.79440224276223,0.38162715881804715,1.4236953049422674,-1.0457411022578735,1,1,-0.4666898043248571,0,0.0,0.0,1.0,0
0.5818635861968989,1,0.8433641064111366,-1.3525912985477861,1.2308548747497952,-1.0457411022578735,1,1,-0.06929187892605838,0,0.0,0.0,1.0,0
0.5293780559174995,0,-0.3272587753995197,-0.6589039156014528,-0.10950432115563968,-1.0457411022578735,1,0,-1.4179100958552746,0,0.0,0.0,1.0,1
-0.05845988321177479,1,0.16050075868825375,-1.3525912985477861,1.1482741200777764,0.7168853643458143,0,0,1.296363561627157,0,0.0,1.0,0.0,1
0.06750538945878398,0,-0.22970686858196498,0.38162715881804715,0.2219755497210403,-1.0457411022578735,0,0,-1.1085583561064265,0,0.0,1.0,0.0,1
0.3824185711351809,0,-0.3272587753995197,0.03478346734488051,0.9773860152158734,-1.0457411022578735,1,0,-0.19099161259272585,0,1.0,0.0,0.0,1
0.7183259649233377,1,0.7458121995935818,0.38162715881804715,-1.0223976130812507,0.7168853643458143,1,0,1.0766028083342485,1,1.0,0.0,0.0,0
-1.6750142158172792,1,0.8433641064111366,0.38162715881804715,-1.0223976130812507,-1.0457411022578735,1,1,-0.16757080845934366,1,1.0,0.0,0.0,0
0.8127999194262567,1,1.2335717336813552,-1.3525912985477861,0.8869637291813223,-1.0457411022578735,1,1,0.298391532317116,0,1.0,0.0,0.0,0
-0.656794928396929,0,1.0384679200462459,-1.0057476070746194,1.0170889825938334,0.7168853643458143,0,1,0.4077332065261721,0,0.0,0.0,1.0,0
1.4636204948908105,0,0.6482602927760271,-1.0057476070746194,0.7450995348329694,-1.0457411022578735,1,1,0.41932250897891654,0,1.0,0.0,0.0,0
0.7183259649233377,0,-0.22970686858196498,-0.31206022412828616,0.8866865163413625,-1.0457411022578735,0,0,0.5458207714744289,0,0.0,0.0,1.0,1
0.13048802579406338,1,-1.3027778435750665,-1.3525912985477861,1.5201729438487563,-1.0457411022578735,0,0,-1.0786137873833335,0,1.0,0.0,0.0,1
0.4244069953587005,0,3.477265590485113,-0.6589039156014528,0.7183791808704149,0.7168853643458143,1,1,-1.444656281508017,0,0.0,1.0,0.0,0
-1.8324708066554776,1,1.623779360951574,0.03478346734488051,0.545171733950069,-1.0457411022578735,0,1,-0.3695007713170907,0,1.0,0.0,0.0,0
-1.4440778825879212,0,1.8188831745866834,-1.0057476070746194,0.8949834112707553,0.7168853643458143,1,1,-1.2117216945672722,0,0.0,0.0,1.0,0
-0.3313846406646521,0,2.9895060563973397,-1.3525912985477861,0.7103027998154586,-1.0457411022578735,1,1,1.433466194614992,0,0.0,0.0,1.0,0
0.004522753123504598,1,1.1360198268638007,1.422158233237547,-1.0223976130812507,0.7168853643458143,0,0,-1.0850759611951775,1,1.0,0.0,0.0,0
-0.08995120137941448,0,1.1360198268638007,1.422158233237547,0.6292105540650367,-1.0457411022578735,1,1,1.5584996375681681,0,1.0,0.0,0.0,0
-0.23691068616173305,1,0.6482602927760271,1.422158233237547,-1.0223976130812507,0.7168853643458143,0,0,-1.4242353819946203,1,1.0,0.0,0.0,0
-0.4783441254469707,1,0.7458121995935818,0.38162715881804715,-1.0223976130812507,0.7168853643458143,1,0,-0.9338771943478449,1,0.0,0.0,1.0,0
-1.0136965342968456,0,2.6968503359446756,1.422158233237547,-1.0223976130812507,-1.0457411022578735,1,1,-1.4536311855616777,1,1.0,0.0,0.0,0
1.1382102071585336,1,1.2335717336813552,-0.6589039156014528,0.9648415301704218,-1.0457411022578735,1,1,0.2726599462952611,0,1.0,0.0,0.0,0
1.0752275708232542,0,3.477265590485113,0.38162715881804715,1.0541672066672356,-1.0457411022578735,1,1,-0.8929616598827602,0,0.0,0.0,1.0,0
-0.17392804982645366,0,3.574817497302668,-1.3525912985477861,0.6899741266794243,0.7168853643458143,0,1,0.23795137427795826,0,0.0,1.0,0.0,0
-1.4125865644202815,1,-0.42481068221707435,1.422158233237547,1.0141952413562527,-1.0457411022578735,1,0,1.2931445326340847,0,0.0,0.0,1.0,1
2.030464221908325,1,1.7213312677691288,0.7284708502912138,1.0928197934935528,-1.0457411022578735,1,1,0.3376534845178389,0,1.0,0.0,0.0,0
-1.8009794884878378,1,-0.9125702163048478,0.7284708502912138,1.9111905943635932,-1.0457411022578735,1,0,0.2969352140370768,0,1.0,0.0,0.0,1
0.5293780559174995,1,0.8433641064111366,-0.6589039156014528,-1.0223976130812507,0.7168853643458143,1,0,1.294094765564723,1,1.0,0.0,0.0,0
0.015019859179384495,0,-0.7174664026697384,-1.0057476070746194,-0.43338943003109937,-1.0457411022578735,1,0,0.06820736397220893,0,0.0,0.0,1.0,1
-0.8352457313468872,0,0.7458121995935818,-1.3525912985477861,-1.0223976130812507,-1.0457411022578735,1,1,1.024261924332149,1,1.0,0.0,0.0,0
-1.8639621248231173,1,-0.3272587753995197,-0.31206022412828616,1.2120396774093807,-1.0457411022578735,1,1,-0.910187125743338,0,0.0,1.0,0.0,1
1.2641754798290923,0,1.4286755473164647,1.7690019247107138,-1.0223976130812507,0.7168853643458143,1,0,1.566303102376317,1,1.0,0.0,0.0,0
1.9359902674054057,1,3.477265590485113,1.422158233237547,0.7193483788123309,-1.0457411022578735,0,1,-0.6746051763252146,0,1.0,0.0,0.0,0
-1.2866212917497228,1,2.306642708674457,-1.0057476070746194,-1.0223976130812507,0.7168853643458143,0,0,-0.9880633727538632,1,1.0,0.0,0.0,1
-0.14243673165881396,0,0.7458121995935818,0.38162715881804715,-1.0223976130812507,0.7168853643458143,0,0,0.1226260258777809,1,1.0,0.0,0.0,0
0.6343491164762984,0,3.6723694041202224,1.422158233237547,1.2083468351264541,-1.0457411022578735,1,1,-0.5432735124759243,0,1.0,0.0,0.0,0
-1.3181126099173626,0,0.6482602927760271,-1.3525912985477861,1.0151501034801815,0.7168853643458143,1,1,1.12820234756501,0,0.0,0.0,1.0,0
0.6343491164762984,1,-0.3272587753995197,-1.3525912985477861,-1.0223976130812507,2.479511830949502,0,0,1.3021943865920795,1,0.0,0.0,1.0,1
0.9282680860409356,1,0.7458121995935818,-1.0057476070746194,0.9462837332473549,-1.0457411022578735,1,1,0.3176781205468703,0,1.0,0.0,0.0,0
-0.4678470193910908,0,-0.5223625890346291,1.422158233237547,-1.0223976130812507,-1.0457411022578735,0,0,0.7474845927737318,1,1.0,0.0,0.0,1
1.3271581161643717,0,2.013986988221793,1.422158233237547,1.010789759739502,-1.0457411022578735,1,1,-1.6532349254626977,0,0.0,0.0,1.0,0
0.4873896316939799,1,-0.1321549617644103,-1.3525912985477861,1.3899191513041778,-1.0457411022578735,1,0,-1.3720726775104626,0,1.0,0.0,0.0,1
-1.7065055339849187,1,2.9895060563973397,1.422158233237547,0.4807821658444943,-1.0457411022578735,1,1,-1.3051028560465303,0,1.0,0.0,0.0,0
0.8127999194262567,1,-1.5954335640277306,0.03478346734488051,1.0725040064860467,-1.0457411022578735,0,0,0.38482438657725443,0,1.0,0.0,0.0,1
-1.664517109761399,1,3.3797136836675583,-1.0057476070746194,1.7197979207112477,0.7168853643458143,1,1,1.1397651052599695,0,1.0,0.0,0.0,0
0.6343491164762984,1,-0.22970686858196498,-1.0057476070746194,1.3625330677265433,-1.0457411022578735,1,0,1.3778131147248502,0,1.0,0.0,0.0,1
-0.3313846406646521,1,-0.22970686858196498,1.422158233237547,0.7260270981518135,2.479511830949502,1,0,0.5915171382631685,0,1.0,0.0,0.0,1
0.015019859179384495,0,-0.3272587753995197,0.03478346734488051,1.0135730024249545,-1.0457411022578735,0,0,0.9828148007307714,0,1.0,0.0,0.0,1
2.030464221908325,0,-0.3272587753995197,-1.3525912985477861,2.388791108918048,-1.0457411022578735,1,0,1.5416867431717232,0,1.0,0.0,0.0,1
-0.7617659889557279,0,0.7458121995935818,0.38162715881804715,0.38478405199585525,0.7168853643458143,1,0,0.35849753869945283,0,0.0,1.0,0.0,1
-0.21591647404997324,1,1.0384679200462459,0.38162715881804715,0.8074284499103023,0.7168853643458143,1,0,1.026631174085808,0,0.0,1.0,0.0,1
0.4978867377498598,1,0.9409160132286912,1.0753145417643806,1.6836507194239971,-1.0457411022578735,1,1,1.2801311819990007,0,0.0,0.0,1.0,0
0.4349041014145804,1,1.7213312677691288,-1.3525912985477861,0.7883419995643719,0.7168853643458143,0,0,-0.09944030444913297,0,0.0,1.0,0.0,1
-1.5070605189232007,1,-0.3272587753995197,1.0753145417643806,-1.0223976130812507,-1.0457411022578735,1,0,-0.40031090733814856,1,1.0,0.0,0.0,1
-2.3363318973377125,0,1.9164350814042381,1.422158233237547,1.0039626888453401,0.7168853643458143,1,0,-0.6735395691205444,0,0.0,1.0,0.0,1
1.4426262827790506,1,0.6482602927760271,1.0753145417643806,0.4056491102318696,0.7168853643458143,1,0,0.29205653044943064,0,0.0,0.0,1.0,0
0.7393201770350974,0,1.8188831745866834,-1.3525912985477861,0.7442860979696362,-1.0457411022578735,0,1,-1.7169121559904157,0,0.0,0.0,1.0,0
0.5083838438057396,1,0.7458121995935818,0.7284708502912138,-1.0223976130812507,0.7168853643458143,1,0,0.3046529722416592,1,0.0,0.0,1.0,0
-0.5308296557263702,1,-0.3272587753995197,0.7284708502912138,-1.0223976130812507,-1.0457411022578735,1,0,0.12358840346884328,1,0.0,0.0,1.0,1
0.6763375406998181,1,2.9895060563973397,-1.0057476070746194,0.7240624467811054,-1.0457411022578735,1,1,1.3654890603164271,0,1.0,0.0,0.0,0
0.5818635861968989,1,-0.22970686858196498,-1.0057476070746194,0.6004411445899153,2.479511830949502,0,0,-0.5023593659720309,0,1.0,0.0,0.0,1
-1.8639621248231173,1,0.9409160132286912,0.03478346734488051,0.380100105352515,-1.0457411022578735,0,1,-0.24405909427850442,0,0.0,0.0,1.0,0
0.781308601258617,0,-1.6929854708452852,1.0753145417643806,1.1088401506328396,-1.0457411022578735,1,0,0.1205765276835825,0,0.0,1.0,0.0,1
-1.1186675948556444,1,1.8188831745866834,0.03478346734488051,-1.0223976130812507,-1.0457411022578735,1,1,0.5862111361237312,1,1.0,0.0,0.0,0
-1.790482382431958,1,2.4041946154920115,1.422158233237547,0.540192856040043,-1.0457411022578735,1,1,-0.2535216931957808,0,1.0,0.0,0.0,0
0.371921465079301,1,-0.9125702163048478,-0.31206022412828616,-1.0223976130812507,-1.0457411022578735,1,0,-0.3983035684651375,1,1.0,0.0,0.0,1
1.1172159950467737,1,2.79440224276223,1.422158233237547,1.3706315162766036,-1.0457411022578735,0,1,-0.21647353909528438,0,0.0,0.0,1.0,0
-3.0816264273051854,0,-1.0101221231224025,0.38162715881804715,1.3309063203269327,2.479511830949502,1,0,0.01564110977166185,0,0.0,0.0,1.0,1
0.5818635861968989,0,0.16050075868825375,-0.6589039156014528,0.7383112834009984,0.7168853643458143,1,0,0.3547127420257509,0,0.0,1.0,0.0,1
-2.0634071398848355,0,0.16050075868825375,0.38162715881804715,0.9025899318642575,0.7168853643458143,1,0,-0.1414502463136086,0,0.0,1.0,0.0,1
0.26695040452050206,1,0.7458121995935818,0.7284708502912138,1.0398616710818194,-1.0457411022578735,1,1,-0.6436368127283412,0,0.0,0.0,1.0,0
-0.3313846406646521,1,1.33112364049891,0.03478346734488051,1.635012188371473,-1.0457411022578735,1,1,-0.5538853432596502,0,1.0,0.0,0.0,0
-0.17392804982645366,0,0.7458121995935818,1.0753145417643806,-1.0223976130812507,0.7168853643458143,1,0,-0.18512660908346626,1,0.0,0.0,1.0,0
1.295666797996732,1,3.6723694041202224,1.7690019247107138,0.931685199314532,-1.0457411022578735,0,1,-0.6044793046072685,0,1.0,0.0,0.0,0
0.4244069953587005,0,0.8433641064111366,0.38162715881804715,1.0434527129493743,-1.0457411022578735,1,1,1.1856622059360105,0,1.0,0.0,0.0,0
-0.4573499133352109,0,0.7458121995935818,1.0753145417643806,1.680396971970664,-1.0457411022578735,0,1,-0.9598312011506163,0,1.0,0.0,0.0,0
-0.8142515192351274,1,-0.5223625890346291,0.38162715881804715,-1.0223976130812507,-1.0457411022578735,1,0,-0.08189959790296664,1,0.0,0.0,1.0,1
1.3901407524996512,1,-0.1321549617644103,-0.6589039156014528,-1.0223976130812507,-1.0457411022578735,1,0,0.3846432576417813,1,1.0,0.0,0.0,1
-0.12144251954705418,1,1.0384679200462459,-1.0057476070746194,-1.0223976130812507,0.7168853643458143,0,0,-1.5560859698343321,1,0.0,0.0,1.0,0
0.5188809498616196,0,-1.4978816572101759,0.03478346734488051,-1.0223976130812507,-1.0457411022578735,0,0,1.1175655334798396,1,1.0,0.0,0.0,1
0.5293780559174995,0,1.4286755473164647,0.38162715881804715,0.7440243484839102,-1.0457411022578735,1,1,-0.825891731717901,0,0.0,0.0,1.0,0
0.13048802579406338,1,0.6482602927760271,0.7284708502912138,1.3835163561918022,-1.0457411022578735,0,1,1.2793612105280912,0,1.0,0.0,0.0,0
1.201192843493813,0,2.6968503359446756,0.7284708502912138,1.2934502105344454,-1.0457411022578735,1,1,0.5398174923314798,0,1.0,0.0,0.0,0
0.896776767873296,0,-1.0101221231224025,-1.0057476070746194,2.0680908067082964,-1.0457411022578735,1,0,0.15171075264282385,0,1.0,0.0,0.0,1
0.08849960157054378,0,1.623779360951574,1.0753145417643806,1.1739489257868865,-1.0457411022578735,1,1,-0.10312065704318492,0,1.0,0.0,0.0,0
1.2431812677173326,1,3.0870579632148942,0.38162715881804715,0.905445820099287,0.7168853643458143,1,1,-0.4368883690996234,0,0.0,1.0,0.0,0
-0.646297822341049,1,-0.3272587753995197,1.0753145417643806,-1.0223976130812507,-1.0457411022578735,1,0,0.005242678021107948,1,0.0,0.0,1.0,1
-0.06895698926765469,0,-0.8150183094872931,0.38162715881804715,-1.0223976130812507,-1.0457411022578735,0,0,-0.5502655404725716,1,0.0,0.0,1.0,1
0.9492622981526954,1,2.209090801856902,0.7284708502912138,1.4899646370468715,-1.0457411022578735,0,1,0.8300120712316686,0,1.0,0.0,0.0,0
0.7393201770350974,1,0.16050075868825375,-1.3525912985477861,0.47644662790123127,0.7168853643458143,1,0,-0.48315449395741833,0,0.0,1.0,0.0,1
-1.4860663068114408,1,2.599298429127121,0.7284708502912138,0.461337158972271,-1.0457411022578735,1,1,0.743161614148078,0,1.0,0.0,0.0,0
1.1172159950467737,0,1.9164350814042381,1.422158233237547,2.0044178684254876,-1.0457411022578735,0,1,-1.1084332661040548,0,1.0,0.0,0.0,0
-1.4545749886438013,0,0.6482602927760271,1.422158233237547,0.6773737480514821,0.7168853643458143,1,1,-0.4562110443203532,0,1.0,0.0,0.0,0
-0.5623209738940099,1,0.5507083859584725,0.38162715881804715,0.719201154793898,0.7168853643458143,1,0,0.15223713692464877,0,0.0,1.0,0.0,1
-0.6148065041734093,1,2.501746522309566,-1.3525912985477861,-1.0223976130812507,0.7168853643458143,1,0,1.6641947907372114,1,1.0,0.0,0.0,1
0.32993304085578146,1,-0.22970686858196498,-1.6994349900209527,0.4236241319922555,-1.0457411022578735,1,0,1.3475380377430632,0,0.0,0.0,1.0,1
-1.3076155038614827,0,2.6968503359446756,-0.6589039156014528,-1.0223976130812507,-1.0457411022578735,1,1,0.2691501394325981,1,0.0,0.0,1.0,0
0.10949381368230357,0,0.9409160132286912,-1.3525912985477861,0.5422026088605992,0.7168853643458143,0,0,0.23600822861004797,0,0.0,1.0,0.0,1
-0.4783441254469707,1,1.2335717336813552,-1.3525912985477861,0.9568270025324003,-1.0457411022578735,1,1,0.8663452518234636,0,0.0,0.0,1.0,0
-0.4258585951675712,1,2.013986988221793,0.03478346734488051,1.4559447745029956,-1.0457411022578735,1,1,-1.4229053681829955,0,1.0,0.0,0.0,0
-1.2551299735820831,0,1.4286755473164647,-0.6589039156014528,-1.0223976130812507,-1.0457411022578735,1,1,-0.1441222451021343,1,1.0,0.0,0.0,0
0.26695040452050206,0,2.013986988221793,-1.6994349900209527,0.9533904331305754,-1.0457411022578735,0,1,-0.25867866300229564,0,0.0,0.0,1.0,0
-0.08995120137941448,0,1.4286755473164647,0.38162715881804715,0.7687969641194498,-1.0457411022578735,1,1,0.3787170103449528,0,0.0,0.0,1.0,0
-0.11094541349117427,1,1.1360198268638007,0.38162715881804715,1.3179699358976218,0.7168853643458143,1,1,-1.2474105141759761,0,0.0,1.0,0.0,0
-1.4860663068114408,1,-0.1321549617644103,-1.0057476070746194,0.4342651747775072,-1.0457411022578735,1,1,1.5380766561129844,0,0.0,1.0,0.0,1
-2.2313608367789137,0,0.6482602927760271,-0.31206022412828616,-1.0223976130812507,0.7168853643458143,1,0,1.0746270455783409,1,1.0,0.0,0.0,1
0.025516965235264394,1,2.79440224276223,-0.31206022412828616,1.3290288114003956,-1.0457411022578735,1,1,0.5435531898780372,0,1.0,0.0,0.0,0
0.4663954195822201,0,0.9409160132286912,-1.3525912985477861,0.46067787242145447,-1.0457411022578735,1,1,0.5947196852170931,0,0.0,1.0,0.0,0
-0.0059743529323753,1,2.9895060563973397,0.38162715881804715,1.618857493342281,-1.0457411022578735,1,1,-1.1035178015448375,0,0.0,0.0,1.0,0
-0.07945409532353459,1,3.0870579632148942,1.422158233237547,0.8598584021289923,0.7168853643458143,0,1,0.12859772890362656,0,0.0,1.0,0.0,0
-0.19492226193821346,0,0.9409160132286912,1.7690019247107138,1.2058238922372682,-1.0457411022578735,1,1,-0.9027728105542179,0,1.0,0.0,0.0,0
0.3614243590234211,1,1.1360198268638007,0.38162715881804715,1.1836024078970695,-1.0457411022578735,1,1,-1.68305266923193,0,1.0,0.0,0.0,0
-0.11094541349117427,0,0.3556045723233631,-0.6589039156014528,1.7990186173695766,0.7168853643458143,0,0,-0.5654055946431246,0,1.0,0.0,0.0,1
0.34043014691166135,1,-1.5954335640277306,-0.31206022412828616,1.1754000649357514,-1.0457411022578735,1,0,-0.8281506385568467,0,1.0,0.0,0.0,1
-1.150158913023284,0,0.9409160132286912,-1.3525912985477861,1.8670064757900031,0.7168853643458143,0,1,-0.5283015751046753,0,1.0,0.0,0.0,0
-1.1186675948556444,1,2.306642708674457,0.7284708502912138,0.2811560614457568,-1.0457411022578735,0,1,-0.6111009204609706,0,0.0,0.0,1.0,0
-0.6358007162851692,1,-0.8150183094872931,0.38162715881804715,0.9322006444556541,4.242138297553191,1,0,-1.0026607340985925,0,0.0,0.0,1.0,1
1.5685915554496093,1,0.9409160132286912,-0.31206022412828616,1.6305611585012771,-1.0457411022578735,1,1,-1.3580180089915566,0,1.0,0.0,0.0,0
1.0227420405438548,1,1.8188831745866834,-1.0057476070746194,0.6066485537784841,0.7168853643458143,1,1,-0.4989581670725921,0,0.0,1.0,0.0,0
-1.1396618069674043,1,1.8188831745866834,0.38162715881804715,0.20445283107198908,-1.0457411022578735,1,1,0.5868286053587395,0,1.0,0.0,0.0,0
0.40341278324694074,1,0.7458121995935818,-0.6589039156014528,0.9515904020518132,-1.0457411022578735,1,1,-0.7532423730589054,0,0.0,0.0,1.0,0
0.03601407129114429,0,2.209090801856902,0.03478346734488051,1.4892877931459354,-1.0457411022578735,1,1,1.0171114952645373,0,0.0,0.0,1.0,0
1.2641754798290923,0,-0.6199144958521837,-1.0057476070746194,-1.0223976130812507,-1.0457411022578735,1,0,0.637500639523372,1,1.0,0.0,0.0,1
1.1067188889908939,1,1.4286755473164647,-1.3525912985477861,0.6289657176230036,-1.0457411022578735,1,1,1.2228248668347945,0,1.0,0.0,0.0,0
1.1592044192702933,0,-0.3272587753995197,0.38162715881804715,1.1078923758796015,-1.0457411022578735,1,0,0.27504116721419575,0,0.0,1.0,0.0,1
1.0542333587114945,0,1.0384679200462459,-1.0057476070746194,-1.0223976130812507,0.7168853643458143,0,0,1.1237161100042226,1,1.0,0.0,0.0,0
-1.2026444433026837,0,2.013986988221793,-1.0057476070746194,0.0873037480106195,0.7168853643458143,1,0,-1.592833803832047,0,1.0,0.0,0.0,1
-0.4258585951675712,1,0.6482602927760271,-0.6589039156014528,1.2830823536739882,0.7168853643458143,0,1,-0.6139360046894815,0,0.0,1.0,0.0,0
0.9807536163203351,1,-1.5954335640277306,-0.6589039156014528,0.9376118519777962,-1.0457411022578735,1,0,0.5019169565643367,0,0.0,0.0,1.0,1
0.3614243590234211,0,-0.7174664026697384,0.03478346734488051,-0.36334381796134957,-1.0457411022578735,1,0,0.45976613663893734,0,1.0,0.0,0.0,1
-0.5203325496704903,1,2.209090801856902,-1.0057476070746194,1.627691095524867,0.7168853643458143,1,1,-1.1090998344662075,0,0.0,1.0,0.0,0
0.27744751057638195,1,-0.9125702163048478,-1.6994349900209527,1.1312431683086774,-1.0457411022578735,1,0,-0.765652654556342,0,0.0,0.0,1.0,1
2.030464221908325,1,1.0384679200462459,0.03478346734488051,0.9505728811279169,-1.0457411022578735,0,1,-0.6933806478462486,0,1.0,0.0,0.0,0
0.4244069953587005,0,0.9409160132286912,-1.0057476070746194,0.7193069821244347,0.7168853643458143,1,1,0.07340163523574159,0,0.0,1.0,0.0,0
0.27744751057638195,1,3.2821617768500038,-0.6589039156014528,1.2487384049976318,-1.0457411022578735,0,1,-0.8126026972911816,0,1.0,0.0,0.0,0
1.1592044192702933,1,3.769921310937777,1.0753145417643806,1.3789920364656036,-1.0457411022578735,1,1,1.5689724987376086,0,0.0,0.0,1.0,0
0.015019859179384495,1,1.1360198268638007,-1.0057476070746194,-1.0223976130812507,0.7168853643458143,1,0,-0.8254184369516456,1,0.0,0.0,1.0,0
-1.171153125135044,1,0.6482602927760271,0.38162715881804715,0.4884432914076341,0.7168853643458143,1,1,1.0862123576426606,0,0.0,1.0,0.0,0
-0.7512688828998481,0,2.79440224276223,0.03478346734488051,0.8135369580624184,0.7168853643458143,0,1,-0.11394293744255163,0,1.0,0.0,0.0,0
0.7603143891468572,0,0.6482602927760271,0.7284708502912138,0.44486627056432204,0.7168853643458143,1,0,-0.4958576352662329,0,0.0,0.0,1.0,0
0.4978867377498598,0,-1.4003297503926213,0.7284708502912138,0.7983192456538225,-1.0457411022578735,1,0,1.0893737862462909,0,0.0,1.0,0.0,1
2.030464221908325,0,0.6482602927760271,-1.0057476070746194,0.9477498525206342,-1.0457411022578735,1,1,-1.3919708361401615,0,0.0,0.0,1.0,0
0.25645329846462217,1,0.3556045723233631,-0.6589039156014528,0.8815273937085506,0.7168853643458143,1,0,-1.5659798776918248,0,0.0,1.0,0.0,1
0.9177709799850557,1,0.8433641064111366,1.422158233237547,-1.0223976130812507,0.7168853643458143,1,0,0.23334334312262806,1,1.0,0.0,0.0,0
0.15148223790582316,1,0.6482602927760271,-1.0057476070746194,0.6910845888053291,-1.0457411022578735,0,1,1.01583162155095,0,1.0,0.0,0.0,0
-0.4888412315028506,1,1.8188831745866834,0.38162715881804715,0.7001251744273969,0.7168853643458143,0,1,1.5076530672837214,0,0.0,1.0,0.0,0
1.1172159950467737,0,2.209090801856902,-1.3525912985477861,0.04234920002765869,-1.0457411022578735,1,1,0.7680224280175009,0,0.0,1.0,0.0,0
1.2851696919408522,1,2.306642708674457,1.7690019247107138,0.8959692001031512,-1.0457411022578735,0,1,0.2995268845716522,0,1.0,0.0,0.0,0
0.6028577983086588,1,0.6482602927760271,-1.6994349900209527,0.9861226492812858,-1.0457411022578735,0,1,1.5177449331061326,0,0.0,0.0,1.0,0
0.23545908635286236,1,-0.1321549617644103,0.7284708502912138,0.1737577507649571,-1.0457411022578735,1,0,1.6465447822472254,0,1.0,0.0,0.0,0
-0.5728180799498898,0,0.3556045723233631,0.38162715881804715,1.5292950342337641,-1.0457411022578735,1,1,0.5581833418059123,0,0.0,1.0,0.0,0
-1.171153125135044,1,-1.4978816572101759,-1.0057476070746194,-1.0223976130812507,0.7168853643458143,1,0,1.5597128891445695,1,1.0,0.0,0.0,0
-0.6148065041734093,1,-0.3272587753995197,1.0753145417643806,0.8173001908224293,-1.0457411022578735,1,1,-0.4405173671295947,0,1.0,0.0,0.0,0
0.03601407129114429,1,-0.5223625890346291,-1.6994349900209527,0.14997301795769927,-1.0457411022578735,0,0,1.4111814367167415,0,1.0,0.0,0.0,0
-2.4308058518406317,1,0.06294885187069905,-0.31206022412828616,-1.0223976130812507,0.7168853643458143,1,0,1.6917982159207707,1,1.0,0.0,0.0,0
-0.7722630950116078,1,-1.1076740299399572,-0.31206022412828616,0.6835231696616749,0.7168853643458143,1,1,1.6658731828078692,0,0.0,1.0,0.0,0
0.5293780559174995,1,-0.3272587753995197,-1.0057476070746194,-1.0223976130812507,2.479511830949502,1,1,-0.09655542711288193,1,1.0,0.0,0.0,0
-2.5567711245111906,1,0.06294885187069905,-1.3525912985477861,1.0872189988054421,0.7168853643458143,1,1,1.026712716805801,0,0.0,1.0,0.0,0
0.22496198029698244,1,-1.4978816572101759,1.7690019247107138,0.8390634122168491,-1.0457411022578735,1,1,-0.14018546667797782,0,0.0,1.0,0.0,0
0.7393201770350974,1,-0.42481068221707435,-1.0057476070746194,1.3358784330194813,-1.0457411022578735,1,1,-0.4795386815587649,0,0.0,1.0,0.0,0
-1.3286097159732424,1,0.5507083859584725,0.38162715881804715,-1.0223976130812507,0.7168853643458143,0,0,-0.7602599048424442,1,0.0,0.0,1.0,0
-2.1683782004436343,1,-0.9125702163048478,0.7284708502912138,0.865416994746174,-1.0457411022578735,1,1,-0.9756149223236642,0,1.0,0.0,0.0,0
-0.15293383771469388,0,-1.8880892844803947,-0.6589039156014528,0.8123532060805102,-1.0457411022578735,1,1,1.3259122144204136,0,0.0,1.0,0.0,0
-1.0871762766880049,0,-1.1076740299399572,-0.6589039156014528,-1.0223976130812507,0.7168853643458143,0,0,1.0424724956482978,1,1.0,0.0,0.0,0
0.5923606922527789,1,1.4286755473164647,0.38162715881804715,0.8304569280495698,-1.0457411022578735,0,0,1.592819233461591,0,1.0,0.0,0.0,1
0.4454012074704603,1,-0.7174664026697384,1.0753145417643806,1.005999985765625,0.7168853643458143,1,0,0.8318721127232458,0,0.0,0.0,1.0,0
0.9072738739291758,1,2.013986988221793,0.03478346734488051,0.7266583573730815,-1.0457411022578735,1,1,1.6033313045346878,0,0.0,1.0,0.0,1
1.5790886615054893,0,0.16050075868825375,-1.3525912985477861,1.1455358177655655,-1.0457411022578735,1,1,-0.9275043705376949,0,0.0,1.0,0.0,0
-0.7932573071233676,1,-0.03460305494685562,-1.3525912985477861,-1.0223976130812507,0.7168853643458143,1,0,-0.9288477434757868,1,1.0,0.0,0.0,0
-0.13193962560293407,0,-1.4003297503926213,1.0753145417643806,0.4717578489596932,-1.0457411022578735,1,0,-1.1071915613232304,0,1.0,0.0,0.0,0
-1.5700431552584801,0,-0.3272587753995197,-1.3525912985477861,-1.0223976130812507,0.7168853643458143,0,0,-0.13154523476658506,1,1.0,0.0,0.0,0
-1.0241936403527254,0,0.16050075868825375,0.03478346734488051,1.2186521942635502,-1.0457411022578735,0,1,-1.1637719727843523,0,0.0,0.0,1.0,0
-0.28939621644113256,1,-0.3272587753995197,1.0753145417643806,0.7869892782221397,-1.0457411022578735,1,1,-0.1511592083423521,0,0.0,1.0,0.0,0
0.9177709799850557,0,0.06294885187069905,0.38162715881804715,-1.0223976130812507,-1.0457411022578735,0,0,-1.5449921695269047,1,1.0,0.0,0.0,0
1.0227420405438548,1,0.06294885187069905,-0.6589039156014528,0.18400705524295616,-1.0457411022578735,0,0,-1.1326361863687708,0,1.0,0.0,0.0,0
-1.3286097159732424,0,-0.5223625890346291,-0.31206022412828616,1.0604408183411176,-1.0457411022578735,1,1,1.2702737081227808,0,1.0,0.0,0.0,0
-1.5070605189232007,0,0.4531564791409178,1.422158233237547,-1.0223976130812507,0.7168853643458143,1,0,0.9158147911109272,1,1.0,0.0,0.0,0
-0.8562399434586471,0,-0.1321549617644103,-1.6994349900209527,-1.0223976130812507,0.7168853643458143,0,0,-1.207513916720502,1,0.0,0.0,1.0,0
-0.11094541349117427,0,-0.1321549617644103,0.7284708502912138,0.5329365159892907,-1.0457411022578735,0,0,1.105399533152083,0,1.0,0.0,0.0,0
1.8625105250142464,0,-1.0101221231224025,0.38162715881804715,-1.0223976130812507,-1.0457411022578735,1,0,-0.44113015199558225,1,1.0,0.0,0.0,0
-1.2446328675262033,1,0.4531564791409178,0.03478346734488051,-1.0223976130812507,0.7168853643458143,1,0,0.47225587891457954,1,0.0,0.0,1.0,0
-0.6253036102292893,1,-0.3272587753995197,-1.6994349900209527,1.031506144267624,-1.0457411022578735,1,1,0.9653743743806812,0,0.0,0.0,1.0,0
-0.7092804586763285,1,-0.22970686858196498,-1.3525912985477861,0.602793507352711,-1.0457411022578735,1,1,-0.5489121048158424,0,1.0,0.0,0.0,0
-0.7827602010674878,1,-0.9125702163048478,-0.31206022412828616,-1.0223976130812507,0.7168853643458143,0,0,0.9792007232836073,1,1.0,0.0,0.0,0
-2.273349261002433,1,0.3556045723233631,-1.0057476070746194,-1.0223976130812507,0.7168853643458143,1,0,-0.8655140333429318,1,1.0,0.0,0.0,0
-1.276124185693843,1,-0.5223625890346291,-1.0057476070746194,1.1205707155851383,-1.0457411022578735,1,1,0.18366491567586365,0,1.0,0.0,0.0,0
-0.04796277715589489,1,-1.1076740299399572,1.7690019247107138,0.7060142962413231,0.7168853643458143,0,0,-0.9590438801648147,0,1.0,0.0,0.0,0
-1.1291647009115244,0,-0.42481068221707435,-0.31206022412828616,-1.0223976130812507,0.7168853643458143,0,0,0.6896425245896595,1,1.0,0.0,0.0,0
-1.2551299735820831,1,0.3556045723233631,-1.3525912985477861,2.047226876008528,-1.0457411022578735,0,1,0.4760913361717665,0,0.0,0.0,1.0,0
-1.1186675948556444,1,0.5507083859584725,1.422158233237547,-1.0223976130812507,0.7168853643458143,1,0,-1.274436374008779,1,1.0,0.0,0.0,0
1.0122449344879747,0,-0.3272587753995197,0.03478346734488051,0.30574279467727933,0.7168853643458143,0,0,-1.4132717030488833,0,0.0,1.0,0.0,0
0.13048802579406338,1,1.1360198268638007,1.422158233237547,2.215397457440472,-1.0457411022578735,1,0,1.011804452154206,0,1.0,0.0,0.0,1
1.4636204948908105,1,0.06294885187069905,0.03478346734488051,0.368512898580091,0.7168853643458143,0,0,0.09311346007550006,0,0.0,1.0,0.0,0
-0.27889911038525267,1,1.1360198268638007,-1.3525912985477861,0.2975890968511545,-1.0457411022578735,0,1,-0.6264456989072495,0,1.0,0.0,0.0,1
-0.5728180799498898,1,-0.8150183094872931,1.422158233237547,0.8085952888485171,0.7168853643458143,0,0,0.04202590502920285,0,0.0,0.0,1.0,0
0.24595619240874225,0,-0.1321549617644103,0.38162715881804715,0.9772165626257296,0.7168853643458143,1,0,-0.11949061832443537,0,0.0,0.0,1.0,0
-1.1816502311909238,0,2.501746522309566,-0.6589039156014528,0.9756578243036552,-1.0457411022578735,1,1,0.20280472700963104,0,1.0,0.0,0.0,1
0.6973317528115779,1,1.33112364049891,0.03478346734488051,1.0989002743161205,-1.0457411022578735,0,1,-0.11867258869727504,0,0.0,1.0,0.0,1
0.025516965235264394,0,1.7213312677691288,1.422158233237547,0.971493027563389,-1.0457411022578735,1,0,-0.0036361097200505723,0,1.0,0.0,0.0,1
-0.8667370495145269,0,-0.1321549617644103,0.7284708502912138,-1.0223976130812507,0.7168853643458143,1,0,-1.1702478527129614,1,0.0,0.0,1.0,0
-0.6672920344528088,0,0.2580526655058084,-0.31206022412828616,0.9057393016765134,0.7168853643458143,1,1,0.17470406472926553,0,0.0,1.0,0.0,0
-1.3286097159732424,1,-1.4978816572101759,-1.3525912985477861,1.1853325317285672,0.7168853643458143,1,1,1.1366295274335287,0,0.0,1.0,0.0,0
-1.0346907464086053,1,-0.03460305494685562,1.0753145417643806,0.7977828605538423,-1.0457411022578735,1,1,0.9222790468645587,0,1.0,0.0,0.0,0
-0.5833151860057697,1,0.9409160132286912,1.422158233237547,1.613311142547201,-1.0457411022578735,0,1,-1.0044869440361304,0,0.0,1.0,0.0,1
2.030464221908325,1,1.623779360951574,-1.6994349900209527,0.5676039064917011,-1.0457411022578735,1,1,-0.27926542387806036,0,0.0,1.0,0.0,1
-0.2684020043293727,0,0.2580526655058084,-1.6994349900209527,-1.0223976130812507,-1.0457411022578735,0,0,-0.20392237953692413,1,0.0,0.0,1.0,0
-1.5490489431467203,1,0.2580526655058084,0.7284708502912138,1.0181820484462254,-1.0457411022578735,0,1,0.2613170069539836,0,0.0,0.0,1.0,0
0.7603143891468572,1,0.5507083859584725,-0.31206022412828616,0.7128312193092687,0.7168853643458143,1,0,0.9256184814909815,0,0.0,0.0,1.0,0
0.04651117734702419,0,-0.6199144958521837,-1.3525912985477861,1.3290023948369134,-1.0457411022578735,0,1,-0.7473707767339869,0,0.0,1.0,0.0,0
-0.8247486252910073,1,-1.4978816572101759,1.0753145417643806,-1.0223976130812507,0.7168853643458143,1,0,0.21533125025684435,1,0.0,0.0,1.0,0
-2.5357769123994305,1,-0.6199144958521837,0.03478346734488051,1.3262215683005596,-1.0457411022578735,1,1,-1.6768125692107043,0,1.0,0.0,0.0,0
-0.9192225797939264,0,0.2580526655058084,-0.31206022412828616,1.230103452380003,-1.0457411022578735,1,1,1.1070914578443565,0,0.0,0.0,1.0,0
0.23545908635286236,0,0.5507083859584725,-0.6589039156014528,0.8902701486850139,0.7168853643458143,1,0,-1.702762932615348,0,1.0,0.0,0.0,0
1.5790886615054893,0,-0.42481068221707435,-1.3525912985477861,-1.0223976130812507,-1.0457411022578735,0,0,0.25563677577832455,1,1.0,0.0,0.0,0
2.030464221908325,0,-0.03460305494685562,-1.3525912985477861,0.6990572365256346,0.7168853643458143,1,0,-1.2210692662008145,0,1.0,0.0,0.0,0
-1.2866212917497228,1,-1.1076740299399572,1.422158233237547,-1.0223976130812507,0.7168853643458143,1,0,1.0692596261561857,1,1.0,0.0,0.0,0
1.0437362526556144,1,-0.03460305494685562,0.38162715881804715,0.8977780903952765,-1.0457411022578735,1,0,1.2153383776637239,0,0.0,0.0,1.0,1
-0.4783441254469707,0,-0.8150183094872931,1.422158233237547,0.4046467305089939,-1.0457411022578735,1,0,1.6762900050442087,0,1.0,0.0,0.0,0
1.0227420405438548,0,0.06294885187069905,-0.6589039156014528,1.5670926264322451,-1.0457411022578735,1,1,-1.3108873578066909,0,0.0,1.0,0.0,0
-1.1291647009115244,1,-0.9125702163048478,-0.6589039156014528,-1.0223976130812507,0.7168853643458143,1,0,0.8046144633714855,1,1.0,0.0,0.0,0
-2.210366624667154,1,-0.6199144958521837,1.0753145417643806,-1.0223976130812507,0.7168853643458143,0,0,0.5825850875112915,1,1.0,0.0,0.0,0
-0.8142515192351274,1,-0.03460305494685562,1.0753145417643806,-1.0223976130812507,0.7168853643458143,0,0,-0.13792760080992564,1,1.0,0.0,0.0,0
-0.8037544131792476,0,-0.22970686858196498,-0.6589039156014528,0.18527247306441078,-1.0457411022578735,1,1,-1.5200593551706798,0,0.0,1.0,0.0,0
-0.8142515192351274,0,-1.2052259367575118,1.7690019247107138,1.5948195481094471,-1.0457411022578735,1,1,-1.4097419442440946,0,1.0,0.0,0.0,0
0.5503722680292593,0,-0.6199144958521837,-1.0057476070746194,0.3920948359396386,-1.0457411022578735,1,0,0.6742847340072112,0,1.0,0.0,0.0,0
-0.5098354436146104,1,-1.2052259367575118,-1.3525912985477861,0.6954679665007523,-1.0457411022578735,0,1,-1.6074327266331165,0,0.0,1.0,0.0,0
2.030464221908325,0,0.16050075868825375,-0.31206022412828616,0.5559999477521909,0.7168853643458143,0,0,0.12105468031400753,0,0.0,1.0,0.0,0
-1.6015344734261199,1,-0.6199144958521837,1.0753145417643806,1.720595572067134,0.7168853643458143,0,1,-1.4583068798250867,0,0.0,1.0,0.0,0
0.4454012074704603,1,0.06294885187069905,1.422158233237547,-1.0223976130812507,-1.0457411022578735,1,0,-0.3252980242654081,1,1.0,0.0,0.0,0
-1.0241936403527254,0,-0.7174664026697384,-1.3525912985477861,1.2195158870281426,-1.0457411022578735,0,1,0.7572534106288529,0,0.0,0.0,1.0,0
-1.2446328675262033,0,-0.7174664026697384,-1.6994349900209527,-1.0223976130812507,0.7168853643458143,0,0,1.3834511865793218,1,0.0,0.0,1.0,0
-0.8772341555704068,0,-0.1321549617644103,0.38162715881804715,-1.0223976130812507,0.7168853643458143,1,0,1.6357428007802821,1,1.0,0.0,0.0,0
0.4454012074704603,1,-0.22970686858196498,0.38162715881804715,1.3476471731275443,-1.0457411022578735,1,1,-1.1455140372925485,0,0.0,1.0,0.0,0
-1.475569200755561,0,-0.5223625890346291,0.7284708502912138,1.0281961810785873,-1.0457411022578735,1,1,0.352607204898451,0,1.0,0.0,0.0,0
-1.3286097159732424,0,-1.5954335640277306,0.7284708502912138,-1.0223976130812507,0.7168853643458143,1,0,0.0773245340479844,1,0.0,0.0,1.0,0
-0.016471458988255198,0,-0.1321549617644103,0.7284708502912138,0.7792899775032355,0.7168853643458143,1,0,-1.5476197535573064,0,1.0,0.0,0.0,0
0.40341278324694074,1,0.16050075868825375,0.7284708502912138,1.216925453040791,-1.0457411022578735,0,1,1.6251207337827698,0,0.0,1.0,0.0,0
0.07800249551466389,0,1.4286755473164647,0.7284708502912138,1.9994346414470836,-1.0457411022578735,1,0,1.5038451957552128,0,0.0,0.0,1.0,1
-1.58054026131436,1,-0.42481068221707435,0.7284708502912138,-1.0223976130812507,0.7168853643458143,0,0,0.27982147905240395,1,1.0,0.0,0.0,0
-1.2131415493585636,1,-0.1321549617644103,1.422158233237547,0.8885656360339657,-1.0457411022578735,1,1,-0.45390095641247574,0,1.0,0.0,0.0,0
-0.37337306488817174,1,-0.42481068221707435,1.0753145417643806,-1.0223976130812507,-1.0457411022578735,0,0,-0.8976805544382505,1,0.0,0.0,1.0,0
-0.5728180799498898,1,-1.4978816572101759,0.7284708502912138,0.8099853799634807,0.7168853643458143,0,0,-0.27127718673631085,0,1.0,0.0,0.0,0
-0.9822052161292057,0,-0.42481068221707435,0.38162715881804715,-1.0223976130812507,0.7168853643458143,0,0,-1.096084748879634,1,1.0,0.0,0.0,0
-1.3391068220291222,1,0.3556045723233631,-1.3525912985477861,1.514541222452178,-1.0457411022578735,1,1,-0.30252331606660615,0,1.0,0.0,0.0,0
-0.49933833755873047,1,-0.7174664026697384,1.422158233237547,0.6501856276233593,-1.0457411022578735,1,1,0.8762285764768717,0,0.0,1.0,0.0,0
-0.3838701709440516,1,0.2580526655058084,-1.6994349900209527,0.5549468288982358,-1.0457411022578735,1,0,-0.25526844235511287,0,1.0,0.0,0.0,0
-1.6330257915937594,0,-0.42481068221707435,0.7284708502912138,0.4795518627232785,-1.0457411022578735,0,1,1.7365479931769998,0,0.0,1.0,0.0,0
0.5818635861968989,0,0.3556045723233631,-1.3525912985477861,0.3925473001275798,-1.0457411022578735,0,0,-0.12994821192077124,0,1.0,0.0,0.0,0
1.4636204948908105,1,-0.8150183094872931,-1.0057476070746194,1.1885835408795877,0.7168853643458143,1,0,-0.6386064943805384,0,1.0,0.0,0.0,0
1.6315741917848887,0,0.5507083859584725,1.0753145417643806,-1.0223976130812507,2.479511830949502,1,0,-0.5688347262615393,1,0.0,0.0,1.0,1
-0.4153614891116913,0,-0.42481068221707435,-1.6994349900209527,1.09164667256768,0.7168853643458143,1,0,1.4489518511221942,0,1.0,0.0,0.0,0
-0.04796277715589489,0,-1.2052259367575118,-1.3525912985477861,1.1023373269477652,-1.0457411022578735,1,1,1.3802611312761195,0,0.0,1.0,0.0,0
-1.5070605189232007,0,-0.1321549617644103,0.38162715881804715,-1.0223976130812507,0.7168853643458143,1,0,0.18093340805125832,1,1.0,0.0,0.0,0
-0.656794928396929,1,0.2580526655058084,-1.0057476070746194,0.9515261324857794,0.7168853643458143,1,1,-1.0004314949301123,0,0.0,1.0,0.0,0
-3.218088806031624,1,1.5262274541340193,-1.3525912985477861,1.43687942519253,-1.0457411022578735,1,1,1.6006641636103318,0,0.0,0.0,1.0,1
-0.7932573071233676,0,0.4531564791409178,-0.31206022412828616,1.7186897136578352,-1.0457411022578735,0,1,0.009063561685785636,0,0.0,0.0,1.0,0
-1.7065055339849187,0,-0.5223625890346291,-1.3525912985477861,1.1980917318906175,-1.0457411022578735,0,1,-0.16377525508640847,0,1.0,0.0,0.0,0
-1.1081704887997645,1,0.4531564791409178,0.7284708502912138,-1.0223976130812507,0.7168853643458143,1,0,1.36506104778404,1,1.0,0.0,0.0,0
-1.2236386554144434,1,-0.1321549617644103,0.38162715881804715,-1.0223976130812507,0.7168853643458143,1,0,0.7336290966857872,1,1.0,0.0,0.0,0
-2.000424503549556,1,-1.2052259367575118,-0.6589039156014528,1.5035366297658284,-1.0457411022578735,1,1,0.6551607107319958,0,1.0,0.0,0.0,0
-0.6882862465645686,1,0.06294885187069905,1.0753145417643806,-1.0223976130812507,0.7168853643458143,0,0,-0.9944979608370291,1,0.0,0.0,1.0,0
-0.24740779221761294,1,0.16050075868825375,-0.31206022412828616,1.4030617137899377,-1.0457411022578735,0,1,-1.128464322017827,0,1.0,0.0,0.0,1
-0.6882862465645686,1,-0.22970686858196498,0.7284708502912138,1.1556287168585553,-1.0457411022578735,1,1,0.38705518720207505,0,0.0,0.0,1.0,0
0.3089388287440216,0,0.2580526655058084,-0.31206022412828616,1.064410390234184,0.7168853643458143,1,0,1.524782763822095,0,1.0,0.0,0.0,0
-0.7512688828998481,0,-1.0101221231224025,1.422158233237547,1.1575727504236184,0.7168853643458143,1,1,-1.0293120179048756,0,0.0,1.0,0.0,0
0.015019859179384495,0,0.4531564791409178,0.7284708502912138,1.23686866985723,0.7168853643458143,1,0,-1.6822938014505515,0,1.0,0.0,0.0,0
0.41390988930282063,1,-1.4003297503926213,1.422158233237547,-1.0223976130812507,-1.0457411022578735,0,0,-1.5411589677066537,1,0.0,0.0,1.0,0
-1.5280547310349606,0,0.7458121995935818,-1.3525912985477861,-1.0223976130812507,-1.0457411022578735,1,1,0.27873505242986324,1,1.0,0.0,0.0,1
1.0542333587114945,0,1.623779360951574,1.422158233237547,0.8669362692996311,4.242138297553191,1,0,-0.09587584661456011,0,0.0,0.0,1.0,1
0.7288230709792175,1,-0.1321549617644103,-1.0057476070746194,1.1047465497526912,0.7168853643458143,1,0,-1.1271915616053458,0,1.0,0.0,0.0,0
-2.2208637307230337,0,-0.42481068221707435,0.7284708502912138,1.0890294998636332,0.7168853643458143,1,1,-0.5047947173774288,0,0.0,1.0,0.0,0
2.030464221908325,0,-0.3272587753995197,0.7284708502912138,0.8184696069863499,-1.0457411022578735,0,1,0.5195655770931316,0,0.0,1.0,0.0,0
-0.2684020043293727,1,-0.3272587753995197,1.422158233237547,0.7879818322720129,0.7168853643458143,1,0,-1.3054014411978228,0,1.0,0.0,0.0,0
-1.066182064576245,0,-1.1076740299399572,1.0753145417643806,0.620586512547638,-1.0457411022578735,1,1,0.2956945502271459,0,1.0,0.0,0.0,0
-0.9822052161292057,1,-1.4003297503926213,0.7284708502912138,-1.0223976130812507,0.7168853643458143,0,0,-1.4468463107728413,1,0.0,0.0,1.0,0
1.2641754798290923,1,-0.22970686858196498,0.7284708502912138,-1.0223976130812507,-1.0457411022578735,1,0,0.11726068839741258,1,1.0,0.0,0.0,0
-0.7197775647322083,0,-0.42481068221707435,-0.6589039156014528,0.9230514932007374,-1.0457411022578735,1,1,0.555460508938753,0,1.0,0.0,0.0,0
-2.000424503549556,0,-0.22970686858196498,0.03478346734488051,0.9031145583719556,-1.0457411022578735,0,1,-0.33154263516050575,0,1.0,0.0,0.0,0
-1.381095246252642,0,-1.3027778435750665,1.7690019247107138,-1.0223976130812507,0.7168853643458143,1,0,-0.5265865755575958,1,0.0,0.0,1.0,0
0.34043014691166135,0,-1.0101221231224025,-1.0057476070746194,0.02151281342761909,0.7168853643458143,0,0,-0.36646443271583207,0,0.0,1.0,0.0,0
2.030464221908325,1,0.16050075868825375,-1.3525912985477861,0.21651038153568714,-1.0457411022578735,1,0,1.29201542620491,0,1.0,0.0,0.0,0
0.8337941315380165,1,0.7458121995935818,0.03478346734488051,1.084692351154304,-1.0457411022578735,1,1,-0.37704087048917834,0,0.0,1.0,0.0,1
-0.9087254737380465,1,-0.9125702163048478,-0.31206022412828616,0.9431984719245261,0.7168853643458143,1,1,1.2852374912220301,0,0.0,1.0,0.0,0
-2.1788753064995143,0,-0.5223625890346291,1.0753145417643806,-1.0223976130812507,0.7168853643458143,0,0,0.9902978199988646,1,0.0,0.0,1.0,0
0.8023028133703768,0,-0.5223625890346291,0.7284708502912138,1.9938897403414633,-1.0457411022578735,0,1,1.5738994139766547,0,0.0,1.0,0.0,0
0.24595619240874225,1,-0.6199144958521837,0.03478346734488051,0.4749964552120057,-1.0457411022578735,1,0,0.29917486291449247,0,1.0,0.0,0.0,0
0.4244069953587005,0,-1.3027778435750665,-0.31206022412828616,1.6464180228848644,0.7168853643458143,1,0,-1.4616208106646185,0,1.0,0.0,0.0,0
1.5790886615054893,1,-0.5223625890346291,1.7690019247107138,0.6198262309644831,0.7168853643458143,1,0,1.3608966437244998,0,1.0,0.0,0.0,0
0.35092725296754124,0,0.16050075868825375,1.422158233237547,0.22823321481086883,-1.0457411022578735,0,0,1.5499706160472333,0,1.0,0.0,0.0,1
-1.4125865644202815,1,-0.8150183094872931,-0.6589039156014528,-1.0223976130812507,0.7168853643458143,1,0,0.7942129087082511,1,0.0,0.0,1.0,0
-2.084401351996595,1,-0.3272587753995197,1.422158233237547,1.341893194586556,0.7168853643458143,1,1,-1.669669253444198,0,0.0,1.0,0.0,0
-1.0871762766880049,1,0.2580526655058084,0.38162715881804715,1.3128032426642993,-1.0457411022578735,1,1,-1.3943577823990105,0,0.0,0.0,1.0,0
0.4244069953587005,1,-1.1076740299399572,1.0753145417643806,1.2523855015242833,0.7168853643458143,1,0,-0.1582702540111593,0,1.0,0.0,0.0,0
-1.276124185693843,1,-0.8150183094872931,0.38162715881804715,0.6496576185069224,-1.0457411022578735,1,1,0.45103395229861665,0,1.0,0.0,0.0,0
0.7183259649233377,1,0.4531564791409178,-1.0057476070746194,1.6497988597808055,0.7168853643458143,1,0,0.5392560620295729,0,1.0,0.0,0.0,0
-0.646297822341049,0,-1.3027778435750665,0.7284708502912138,0.6942012600664449,0.7168853643458143,0,1,1.3413288198583455,0,0.0,1.0,0.0,0
0.4558983135263402,1,-0.3272587753995197,-0.31206022412828616,0.521576266155567,0.7168853643458143,1,0,1.6173176159649185,0,0.0,1.0,0.0,0
-0.9192225797939264,1,-0.03460305494685562,1.0753145417643806,-1.0223976130812507,0.7168853643458143,0,0,-0.3486353772321596,1,0.0,0.0,1.0,0
-0.9717081100733259,0,-1.4003297503926213,0.38162715881804715,1.387181815451607,-1.0457411022578735,1,1,0.9378833740536225,0,0.0,0.0,1.0,0
0.19347066212934275,0,-0.42481068221707435,1.7690019247107138,0.345860856470449,-1.0457411022578735,0,0,0.8070477328350963,0,1.0,0.0,0.0,0
-0.5098354436146104,1,0.5507083859584725,0.7284708502912138,0.8171531278806029,-1.0457411022578735,1,1,-0.37966377015055924,0,0.0,1.0,0.0,1
-0.8142515192351274,0,-0.5223625890346291,-1.3525912985477861,0.035356864535124606,0.7168853643458143,0,0,1.125903189851515,0,1.0,0.0,0.0,0
-1.066182064576245,1,0.2580526655058084,1.7690019247107138,0.8021203314163844,0.7168853643458143,1,1,1.4863941862010386,0,0.0,1.0,0.0,0
-1.3496039280850023,1,-0.42481068221707435,-1.3525912985477861,1.0001914022549991,-1.0457411022578735,1,1,1.3367742252088828,0,1.0,0.0,0.0,0
-2.3678232155053522,1,-0.1321549617644103,-1.6994349900209527,0.9228292074836285,-1.0457411022578735,1,1,0.30031090914962427,0,1.0,0.0,0.0,0
-0.6672920344528088,0,-0.03460305494685562,0.03478346734488051,0.3568466031938263,-1.0457411022578735,1,1,0.4400884903435162,0,0.0,1.0,0.0,0
-0.6882862465645686,0,0.3556045723233631,1.7690019247107138,-1.0223976130812507,0.7168853643458143,0,0,1.2385057053845328,1,1.0,0.0,0.0,0
0.6448462225321784,0,1.0384679200462459,1.7690019247107138,-1.0223976130812507,-1.0457411022578735,1,0,1.4705641418232287,1,1.0,0.0,0.0,1
-0.7407717768439681,1,-0.6199144958521837,-1.3525912985477861,-1.0223976130812507,0.7168853643458143,0,0,-1.181113680394707,1,1.0,0.0,0.0,0
0.3614243590234211,1,-0.8150183094872931,1.422158233237547,-1.0223976130812507,-1.0457411022578735,1,0,-0.8695505714777176,1,1.0,0.0,0.0,0
-0.9297196858498064,0,-1.2052259367575118,0.38162715881804715,-1.0223976130812507,0.7168853643458143,0,0,1.158628191831209,1,0.0,0.0,1.0,0
-0.9402167919056862,0,0.2580526655058084,-1.3525912985477861,-1.0223976130812507,0.7168853643458143,1,0,-1.670739024532442,1,0.0,0.0,1.0,0
-1.5700431552584801,0,-0.7174664026697384,-1.6994349900209527,0.7001891218402173,-1.0457411022578735,0,1,-0.9665848468126468,0,1.0,0.0,0.0,0
-2.0948984580524748,1,0.5507083859584725,0.7284708502912138,-1.0223976130812507,0.7168853643458143,0,0,1.4968944596040084,1,0.0,0.0,1.0,0
0.14098513184994327,1,0.3556045723233631,-0.6589039156014528,0.2918109568191761,-1.0457411022578735,1,0,1.5356782591743061,0,0.0,0.0,1.0,0
1.1382102071585336,1,0.4531564791409178,1.422158233237547,1.521976357536257,0.7168853643458143,0,0,0.640009552871912,0,1.0,0.0,0.0,0
-1.3391068220291222,0,0.5507083859584725,-1.3525912985477861,-1.0223976130812507,0.7168853643458143,0,0,-1.4842910747837703,1,0.0,0.0,1.0,0
-1.0031994282409655,1,-0.9125702163048478,1.422158233237547,0.9148406131792696,-1.0457411022578735,1,1,1.286584160567952,0,1.0,0.0,0.0,0
-0.21591647404997324,0,-0.1321549617644103,1.422158233237547,1.5080920372771012,-1.0457411022578735,1,1,0.9337796932962045,0,0.0,1.0,0.0,0
-0.6043093981175295,1,0.3556045723233631,0.38162715881804715,-1.0223976130812507,0.7168853643458143,1,0,0.24557874150995268,1,0.0,0.0,1.0,0
0.057008283402904085,0,-0.03460305494685562,-1.0057476070746194,0.5316664269462444,-1.0457411022578735,1,0,0.35645966468023205,0,1.0,0.0,0.0,0
0.9492622981526954,1,-0.9125702163048478,0.7284708502912138,0.8738981613135176,-1.0457411022578735,1,1,1.3130933518472687,0,0.0,1.0,0.0,0
-0.27889911038525267,0,0.16050075868825375,-1.6994349900209527,0.8885037826170311,-1.0457411022578735,0,1,-0.6884487012478839,0,1.0,0.0,0.0,1
-0.37337306488817174,0,0.4531564791409178,1.0753145417643806,-1.0223976130812507,-1.0457411022578735,0,0,0.05366187767700714,1,0.0,0.0,1.0,0
1.7680365705113275,1,-0.1321549617644103,0.38162715881804715,0.879124452891282,-1.0457411022578735,0,1,-0.8225831792279859,0,0.0,1.0,0.0,0
0.9597594042085753,0,1.0384679200462459,0.7284708502912138,-0.5455773536091693,-1.0457411022578735,0,0,1.1075404632897625,0,1.0,0.0,0.0,1
-1.779985276376078,0,0.16050075868825375,0.38162715881804715,1.1697541687977921,-1.0457411022578735,0,1,1.6255596765095386,0,0.0,0.0,1.0,0
-0.4783441254469707,0,0.4531564791409178,1.0753145417643806,0.022953321520448662,-1.0457411022578735,1,0,0.2651477798421496,0,1.0,0.0,0.0,0
-0.5938122920616495,0,0.06294885187069905,0.7284708502912138,0.4027656778971116,0.7168853643458143,1,0,-0.7127395835531026,0,0.0,1.0,0.0,0
-0.35237885277641195,1,1.1360198268638007,0.7284708502912138,1.0169670476026367,-1.0457411022578735,0,1,-1.7187817397151834,0,0.0,1.0,0.0,1
-0.8982283676821666,0,-1.4978816572101759,1.7690019247107138,1.4114260998174961,-1.0457411022578735,0,1,-1.4322000237961166,0,1.0,0.0,0.0,0
1.085724676879134,1,-0.03460305494685562,0.38162715881804715,1.6013587751076135,-1.0457411022578735,1,0,-0.1494634667568027,0,1.0,0.0,0.0,1
-0.9927023221850857,1,-0.22970686858196498,0.38162715881804715,-1.0223976130812507,0.7168853643458143,1,0,-1.1601323915502968,1,1.0,0.0,0.0,0
0.28794461663226184,0,-1.2052259367575118,0.03478346734488051,0.38056207306024575,-1.0457411022578735,0,0,0.1107282490502558,0,1.0,0.0,0.0,0
-2.2208637307230337,1,-1.3027778435750665,0.38162715881804715,-1.0223976130812507,0.7168853643458143,1,0,0.3419993645031501,1,1.0,0.0,0.0,0
1.4426262827790506,0,0.2580526655058084,0.7284708502912138,1.826168240488722,2.479511830949502,1,0,1.1591670677637562,0,1.0,0.0,0.0,1
0.9072738739291758,1,2.599298429127121,-1.0057476070746194,1.1027748110112925,-1.0457411022578735,1,1,-0.057495249770353744,0,0.0,1.0,0.0,1
-0.06895698926765469,0,-0.7174664026697384,-1.3525912985477861,1.563946800305334,0.7168853643458143,0,0,-1.2602652902449474,0,1.0,0.0,0.0,0
1.3481523282761316,0,-0.7174664026697384,-1.0057476070746194,0.9377684184394117,0.7168853643458143,0,0,-0.3111616395313608,0,0.0,0.0,1.0,0
-0.18442515588233357,0,-0.3272587753995197,1.0753145417643806,-1.0223976130812507,-1.0457411022578735,0,0,1.1232140150432464,1,1.0,0.0,0.0,0
-0.06895698926765469,1,-1.4978816572101759,-0.31206022412828616,0.49029373946426236,0.7168853643458143,1,0,-0.531904201872011,0,0.0,1.0,0.0,0
-1.8114765945437177,1,-0.22970686858196498,1.0753145417643806,-1.0223976130812507,0.7168853643458143,1,0,1.4993948716902519,1,0.0,0.0,1.0,0
1.400637858555531,1,0.7458121995935818,1.0753145417643806,1.9150683525908971,-1.0457411022578735,0,0,0.6862231086995842,0,0.0,0.0,1.0,1
-2.294343473114193,1,-0.03460305494685562,-1.0057476070746194,-1.0223976130812507,0.7168853643458143,1,0,0.6444640408204474,1,1.0,0.0,0.0,0
-0.9927023221850857,1,-0.7174664026697384,-0.31206022412828616,1.027096833238538,0.7168853643458143,0,1,0.7565049525564098,0,0.0,1.0,0.0,0
-1.1816502311909238,1,0.5507083859584725,-1.3525912985477861,-1.0223976130812507,0.7168853643458143,0,0,-0.5286287869555396,1,1.0,0.0,0.0,0
1.8940018431818861,1,-0.03460305494685562,-1.0057476070746194,1.0189721292016016,-1.0457411022578735,1,1,-0.3493538206438394,0,0.0,1.0,0.0,0
0.015019859179384495,1,-0.7174664026697384,-1.0057476070746194,0.2192235558972682,0.7168853643458143,0,0,-1.4960717423857741,0,0.0,1.0,0.0,0
-0.341881746720532,0,3.1846098700324488,-0.31206022412828616,1.7199646349990791,2.479511830949502,1,1,-0.4516776160790589,0,1.0,0.0,0.0,1
0.9177709799850557,1,-0.03460305494685562,0.38162715881804715,0.1538348296009497,0.7168853643458143,1,0,-0.36334655139458055,0,0.0,1.0,0.0,0
0.4454012074704603,0,1.5262274541340193,-0.6589039156014528,0.765702843583258,-1.0457411022578735,1,1,0.9749070653381215,0,0.0,1.0,0.0,1
-1.0241936403527254,0,-0.22970686858196498,-1.3525912985477861,0.6585485639614582,0.7168853643458143,0,1,-0.7899156041425845,0,0.0,1.0,0.0,0
0.26695040452050206,1,-0.22970686858196498,0.03478346734488051,0.1433720986192048,0.7168853643458143,1,0,-1.0898552320624924,0,0.0,1.0,0.0,0
0.896776767873296,0,-1.3027778435750665,-0.31206022412828616,1.1056841766797134,0.7168853643458143,1,0,0.5243004332023227,0,1.0,0.0,0.0,0
-0.646297822341049,1,-0.8150183094872931,1.422158233237547,1.082585469139968,0.7168853643458143,1,1,-0.7260898617673909,0,0.0,1.0,0.0,0
0.27744751057638195,1,-0.8150183094872931,1.7690019247107138,-0.09367032965018979,-1.0457411022578735,0,0,-0.3551915854147186,0,1.0,0.0,0.0,0
-2.399314533672992,0,-0.7174664026697384,-1.0057476070746194,-1.0223976130812507,0.7168853643458143,1,0,-0.7846522818097815,1,1.0,0.0,0.0,0
-0.7617659889557279,1,-0.6199144958521837,1.0753145417643806,-0.3753060110739398,-1.0457411022578735,1,1,0.6545231160597127,0,0.0,1.0,0.0,0
0.6448462225321784,0,-0.7174664026697384,-1.6994349900209527,0.8799266143921533,0.7168853643458143,1,0,0.05988254624155364,0,1.0,0.0,0.0,0
-0.5833151860057697,0,-0.1321549617644103,0.03478346734488051,-1.0223976130812507,-1.0457411022578735,0,0,-1.3706985959310114,1,1.0,0.0,0.0,0
1.1067188889908939,1,-0.9125702163048478,1.7690019247107138,0.8387673534139171,0.7168853643458143,1,0,0.8421943801034233,0,0.0,0.0,1.0,0
-0.646297822341049,0,0.06294885187069905,1.422158233237547,1.1750482736269359,-1.0457411022578735,1,1,0.9029416245561707,0,1.0,0.0,0.0,0
0.9072738739291758,0,0.16050075868825375,0.38162715881804715,-1.0223976130812507,-1.0457411022578735,1,0,-1.2393245992653847,1,1.0,0.0,0.0,1
-1.6330257915937594,1,-0.1321549617644103,-0.31206022412828616,-1.0223976130812507,0.7168853643458143,0,0,-1.513629104466237,1,1.0,0.0,0.0,0
2.030464221908325,1,-0.22970686858196498,0.7284708502912138,0.6334815002890527,-1.0457411022578735,1,1,-0.21446047488235911,0,0.0,1.0,0.0,0
1.3061639040526118,0,-0.03460305494685562,-0.6589039156014528,1.0449512086205799,0.7168853643458143,1,0,-0.6331663804909854,0,1.0,0.0,0.0,0
0.3194359347999015,1,-1.2052259367575118,-1.0057476070746194,1.2765121999673543,-1.0457411022578735,1,1,0.9350024871057968,0,0.0,1.0,0.0,0
0.4558983135263402,0,0.5507083859584725,-1.0057476070746194,-0.07556096999989903,-1.0457411022578735,1,0,-1.437211084182389,0,1.0,0.0,0.0,0
0.3089388287440216,0,0.5507083859584725,0.7284708502912138,-0.1356125840131118,-1.0457411022578735,1,0,1.4234163146186196,0,1.0,0.0,0.0,0
-1.2866212917497228,1,1.33112364049891,-1.3525912985477861,-1.0223976130812507,2.479511830949502,1,1,0.07498113507151451,1,1.0,0.0,0.0,1
0.23545908635286236,1,-0.5223625890346291,-0.31206022412828616,0.5257131966428913,-1.0457411022578735,1,0,-1.7096277886678368,0,0.0,0.0,1.0,0
-0.6148065041734093,0,0.4531564791409178,0.03478346734488051,-1.0223976130812507,2.479511830949502,1,1,0.01750757058374927,1,1.0,0.0,0.0,1
-0.6148065041734093,1,-1.79053737766284,1.0753145417643806,1.881714380738708,0.7168853643458143,1,1,-1.2172577512741787,0,0.0,1.0,0.0,0
-1.475569200755561,1,-0.5223625890346291,0.7284708502912138,0.8331336990980595,-1.0457411022578735,1,1,-1.5355727709017095,0,1.0,0.0,0.0,0
-1.0031994282409655,0,-1.0101221231224025,-0.6589039156014528,-1.0223976130812507,0.7168853643458143,1,0,1.590502032252608,1,0.0,0.0,1.0,0
-0.28939621644113256,1,0.7458121995935818,-1.3525912985477861,1.0823291962588661,-1.0457411022578735,1,1,1.0654694511328673,0,1.0,0.0,0.0,1
-0.29989332249701245,0,1.1360198268638007,-0.31206022412828616,1.2818766952735823,-1.0457411022578735,0,1,0.17167692137089968,0,1.0,0.0,0.0,1
-0.3313846406646521,1,0.06294885187069905,0.03478346734488051,-1.0223976130812507,-1.0457411022578735,1,0,0.0015139202805072886,1,1.0,0.0,0.0,0
0.3194359347999015,1,-0.03460305494685562,-0.31206022412828616,0.8723993434890985,-1.0457411022578735,0,1,-0.19634463191752072,0,0.0,1.0,0.0,0
-1.685511321873159,0,-0.22970686858196498,0.7284708502912138,-1.0223976130812507,0.7168853643458143,0,0,0.14546995864100223,1,1.0,0.0,0.0,0
-0.8457428374027671,0,3.1846098700324488,0.38162715881804715,1.2370798412884836,-1.0457411022578735,1,1,1.620820136031327,0,0.0,1.0,0.0,1
-1.9269447611583965,0,-0.5223625890346291,0.03478346734488051,1.0043879310867658,-1.0457411022578735,0,1,0.7978195258640118,0,1.0,0.0,0.0,0
0.7393201770350974,1,-1.6929854708452852,1.0753145417643806,1.4476271006913515,-1.0457411022578735,1,1,1.103121368351607,0,0.0,1.0,0.0,0
0.15148223790582316,0,-1.4978816572101759,1.422158233237547,0.9740370714880393,-1.0457411022578735,1,1,1.038189073916598,0,0.0,1.0,0.0,0
-0.13193962560293407,1,-0.5223625890346291,-1.0057476070746194,-1.0223976130812507,-1.0457411022578735,1,0,-0.057132471413960786,1,1.0,0.0,0.0,0
-1.2341357614703234,1,-1.0101221231224025,0.03478346734488051,-1.0223976130812507,0.7168853643458143,1,0,-0.8905715907112305,1,0.0,0.0,1.0,0
-1.0976733827438847,1,-0.22970686858196498,1.0753145417643806,-1.0223976130812507,0.7168853643458143,0,0,0.5696437373630089,1,1.0,0.0,0.0,0
1.0647304647673743,0,-0.5223625890346291,0.7284708502912138,-1.0223976130812507,-1.0457411022578735,1,0,1.53443846284012,1,1.0,0.0,0.0,0
-0.7407717768439681,1,-0.9125702163048478,-1.0057476070746194,1.1110659071828473,-1.0457411022578735,1,1,-1.1023357790952417,0,0.0,0.0,1.0,0
2.030464221908325,1,1.0384679200462459,0.38162715881804715,1.050076827319219,-1.0457411022578735,1,0,-0.588917310234541,0,1.0,0.0,0.0,1
-0.4258585951675712,0,0.6482602927760271,0.38162715881804715,1.0450623514791342,2.479511830949502,1,1,0.7683576206452155,0,0.0,1.0,0.0,1
1.5685915554496093,0,-0.6199144958521837,-0.6589039156014528,0.004683046340163899,-1.0457411022578735,1,0,0.9868313869234315,0,1.0,0.0,0.0,0
-0.6882862465645686,0,1.2335717336813552,1.0753145417643806,1.1120011179607705,-1.0457411022578735,1,1,1.0685751877936938,0,0.0,1.0,0.0,1
-1.4650720946996811,1,-0.1321549617644103,0.03478346734488051,0.8027427314242893,-1.0457411022578735,0,1,-1.18317532324933,0,1.0,0.0,0.0,0
-0.10044830743529438,1,-0.3272587753995197,-0.6589039156014528,2.076844675970615,-1.0457411022578735,1,1,-1.0334816268188833,0,0.0,1.0,0.0,0
-1.381095246252642,0,-0.8150183094872931,-1.6994349900209527,1.5224389695504141,0.7168853643458143,1,1,0.016899470086782657,0,0.0,1.0,0.0,0
-2.0529100338289554,0,0.16050075868825375,0.7284708502912138,-1.0223976130812507,0.7168853643458143,1,0,1.3330359252350914,1,1.0,0.0,0.0,0
-0.8667370495145269,0,-0.42481068221707435,0.7284708502912138,1.4419602645945342,-1.0457411022578735,1,1,0.606844220204258,0,1.0,0.0,0.0,0
-0.9822052161292057,1,-1.2052259367575118,0.7284708502912138,-1.0223976130812507,0.7168853643458143,0,0,-1.6234612494612914,1,0.0,0.0,1.0,0
-0.5203325496704903,0,-0.6199144958521837,0.7284708502912138,-1.0223976130812507,2.479511830949502,0,1,-1.5447832813676043,1,0.0,0.0,1.0,0
0.24595619240874225,0,-0.8150183094872931,-0.6589039156014528,-1.0223976130812507,-1.0457411022578735,1,0,1.0482224718738227,1,0.0,0.0,1.0,0
0.8232970254821367,1,1.1360198268638007,1.422158233237547,-1.0223976130812507,-1.0457411022578735,0,0,1.1617884059687968,1,0.0,0.0,1.0,1
0.3089388287440216,0,0.2580526655058084,1.7690019247107138,-1.0223976130812507,-1.0457411022578735,1,0,0.579002586181231,1,1.0,0.0,0.0,0
-1.0976733827438847,1,0.3556045723233631,-0.31206022412828616,-1.0223976130812507,0.7168853643458143,0,0,1.6651837130860587,1,0.0,0.0,1.0,0
0.5398751619733794,0,0.5507083859584725,-1.0057476070746194,1.5852362953997416,0.7168853643458143,1,0,-0.2575254407474206,0,1.0,0.0,0.0,0
-0.6777891405086888,1,-0.03460305494685562,1.0753145417643806,-1.0223976130812507,0.7168853643458143,1,0,1.4003242837924421,1,0.0,0.0,1.0,0
-0.14243673165881396,1,-1.3027778435750665,-0.31206022412828616,0.8322851475344871,-1.0457411022578735,1,1,0.8394621784982227,0,0.0,1.0,0.0,0
-0.646297822341049,1,-0.6199144958521837,1.0753145417643806,1.0890212849566965,0.7168853643458143,1,1,-0.5254269339822109,0,0.0,1.0,0.0,0
-0.6882862465645686,1,-0.3272587753995197,0.7284708502912138,1.925743221463535,-1.0457411022578735,1,1,-0.7579104335357619,0,1.0,0.0,0.0,0
0.27744751057638195,1,-0.03460305494685562,0.7284708502912138,0.7389127434500453,0.7168853643458143,1,0,0.05122114792199256,0,1.0,0.0,0.0,0
-0.23691068616173305,1,-1.2052259367575118,1.0753145417643806,-1.0223976130812507,-1.0457411022578735,1,0,-1.3524406604392076,1,1.0,0.0,0.0,0
1.9254931613495259,0,1.2335717336813552,-1.3525912985477861,0.3915301013568968,-1.0457411022578735,0,1,-1.093479198733145,0,0.0,1.0,0.0,1
-1.6015344734261199,1,0.16050075868825375,0.03478346734488051,-1.0223976130812507,0.7168853643458143,0,0,0.8152493690100177,1,0.0,0.0,1.0,0
-0.8352457313468872,0,-0.6199144958521837,-1.3525912985477861,-1.0223976130812507,0.7168853643458143,1,0,-1.5581810972526968,1,1.0,0.0,0.0,0
-2.2208637307230337,1,-0.7174664026697384,0.7284708502912138,1.3141247151448512,-1.0457411022578735,1,1,1.3216846581266661,0,1.0,0.0,0.0,0
1.6840597220642883,0,1.623779360951574,1.7690019247107138,0.8712429745303126,-1.0457411022578735,1,0,-0.06544340953270239,0,1.0,0.0,0.0,1
-0.7932573071233676,1,-1.0101221231224025,-0.6589039156014528,0.6587186608580284,-1.0457411022578735,1,1,-1.2105773205649923,0,1.0,0.0,0.0,0
1.5475973433378496,0,-0.5223625890346291,1.7690019247107138,1.2058710876830019,-1.0457411022578735,1,1,-0.3336285673359778,0,0.0,1.0,0.0,0
-0.06895698926765469,0,-1.3027778435750665,-1.0057476070746194,0.8192065324615478,-1.0457411022578735,1,1,-1.2906050809172813,0,0.0,1.0,0.0,0
2.030464221908325,0,2.6968503359446756,-1.6994349900209527,1.0252181967757545,-1.0457411022578735,0,1,0.3333888002622226,0,0.0,1.0,0.0,1
-0.3943672769999315,0,-0.7174664026697384,-1.0057476070746194,-0.11849529518287448,0.7168853643458143,0,0,-1.692127159501071,0,0.0,1.0,0.0,0
-0.8247486252910073,1,0.06294885187069905,-1.0057476070746194,-1.0223976130812507,0.7168853643458143,1,0,-0.5057333261330891,1,1.0,0.0,0.0,0
-0.7407717768439681,0,0.7458121995935818,-1.6994349900209527,-1.0223976130812507,2.479511830949502,0,1,0.5524121991722191,1,1.0,0.0,0.0,1
-1.276124185693843,0,0.5507083859584725,-1.0057476070746194,0.8207675258561148,-1.0457411022578735,1,1,0.6352811160832313,0,1.0,0.0,0.0,0
-0.7512688828998481,0,-0.5223625890346291,1.0753145417643806,-1.0223976130812507,0.7168853643458143,1,0,0.25102076384614413,1,0.0,0.0,1.0,0
-1.1396618069674043,0,-0.1321549617644103,1.422158233237547,-1.0223976130812507,0.7168853643458143,0,0,-0.029217101952642585,1,1.0,0.0,0.0,0
0.3929156771910608,1,-0.7174664026697384,0.03478346734488051,-1.0223976130812507,-1.0457411022578735,1,0,-1.1124583535590118,1,0.0,0.0,1.0,0
-0.8877312616262867,1,-1.4978816572101759,-1.0057476070746194,1.021237993826653,-1.0457411022578735,0,1,-0.5668691997194184,0,0.0,0.0,1.0,0
-1.7589910642643183,1,-0.03460305494685562,-1.0057476070746194,1.0143207200327946,0.7168853643458143,1,1,-0.29582449487163437,0,0.0,1.0,0.0,0
-0.6043093981175295,1,0.7458121995935818,1.422158233237547,0.9660080469554237,-1.0457411022578735,1,1,-1.1857617889294378,0,0.0,1.0,0.0,1
-0.8772341555704068,1,-0.3272587753995197,1.422158233237547,1.1440592285128577,0.7168853643458143,1,1,0.3506543435022012,0,0.0,1.0,0.0,0
0.14098513184994327,0,0.16050075868825375,-1.0057476070746194,1.3481861354532303,-1.0457411022578735,0,1,-0.5181184508339323,0,0.0,1.0,0.0,0
-0.55182386783813,0,1.4286755473164647,-1.0057476070746194,0.9329077707586307,-1.0457411022578735,1,1,-0.8937076890231186,0,1.0,0.0,0.0,1
-1.4650720946996811,0,-0.9125702163048478,0.03478346734488051,-1.0223976130812507,0.7168853643458143,1,0,0.06400704641684231,1,0.0,0.0,1.0,0
0.5503722680292593,0,0.2580526655058084,-0.6589039156014528,1.398594254105869,0.7168853643458143,1,0,-0.4864934080983945,0,1.0,0.0,0.0,0
0.7183259649233377,0,-0.7174664026697384,0.38162715881804715,-1.0223976130812507,-1.0457411022578735,0,0,-0.6659989494630101,1,1.0,0.0,0.0,0
-0.05845988321177479,1,-0.1321549617644103,1.422158233237547,0.8211818148882917,-1.0457411022578735,0,1,1.320424736355205,0,0.0,1.0,0.0,0
-1.0031994282409655,1,-1.4003297503926213,1.0753145417643806,1.2915733459143344,-1.0457411022578735,0,1,1.409107649201694,0,0.0,0.0,1.0,0
-0.7092804586763285,0,-0.1321549617644103,0.38162715881804715,1.2084785957906532,-1.0457411022578735,0,1,-1.400540108535646,0,1.0,0.0,0.0,0
-0.6148065041734093,1,-1.1076740299399572,1.0753145417643806,0.43891384564400193,0.7168853643458143,1,0,0.1662529425301961,0,0.0,0.0,1.0,0
0.14098513184994327,1,-0.5223625890346291,-1.0057476070746194,1.2520789727419224,0.7168853643458143,1,0,-0.40695282212427414,0,1.0,0.0,0.0,0
-2.304840579170073,0,-1.2052259367575118,-1.3525912985477861,0.9253974128992692,-1.0457411022578735,0,1,-0.3618942235029664,0,1.0,0.0,0.0,0
0.27744751057638195,1,0.4531564791409178,1.0753145417643806,-1.0223976130812507,-1.0457411022578735,1,0,-0.051333916546737794,1,1.0,0.0,0.0,0
-0.5098354436146104,0,-0.8150183094872931,1.0753145417643806,0.36060226535332673,-1.0457411022578735,0,0,0.7463181848875388,0,1.0,0.0,0.0,0
0.03601407129114429,1,-0.5223625890346291,-0.31206022412828616,-1.0223976130812507,-1.0457411022578735,1,0,-1.2153189429849913,1,0.0,0.0,1.0,0
2.030464221908325,1,-0.7174664026697384,-0.31206022412828616,1.3387808723938184,-1.0457411022578735,1,1,-0.1706982320137856,0,0.0,1.0,0.0,0
-0.7197775647322083,1,-0.6199144958521837,-0.6589039156014528,0.7350984494057421,-1.0457411022578735,0,1,-1.6433403236246094,0,0.0,0.0,1.0,0
-0.5308296557263702,1,-0.42481068221707435,0.03478346734488051,-1.0223976130812507,-1.0457411022578735,1,0,1.0801428033528238,1,1.0,0.0,0.0,0
-1.9374418672142766,0,-0.6199144958521837,-1.3525912985477861,1.5451272538965415,-1.0457411022578735,0,1,-0.7354533949546336,0,0.0,0.0,1.0,0
-0.17392804982645366,1,-0.9125702163048478,0.03478346734488051,2.1540337133898904,0.7168853643458143,1,0,0.7241689267005954,0,0.0,0.0,1.0,0
-0.8457428374027671,1,-1.0101221231224025,-1.3525912985477861,0.8998308506697948,0.7168853643458143,0,1,-0.7067630226630872,0,0.0,1.0,0.0,0
-0.6148065041734093,1,0.5507083859584725,1.0753145417643806,-1.0223976130812507,0.7168853643458143,1,0,0.8462102723154875,1,0.0,0.0,1.0,0
-1.1186675948556444,1,-1.5954335640277306,0.38162715881804715,1.4642595489357206,-1.0457411022578735,1,1,-0.8326394785448683,0,1.0,0.0,0.0,0
-0.24740779221761294,0,0.8433641064111366,-1.6994349900209527,-1.0223976130812507,-1.0457411022578735,1,1,-1.619937562986715,1,1.0,0.0,0.0,1
-0.341881746720532,0,-1.1076740299399572,0.7284708502912138,0.6664693450144382,-1.0457411022578735,1,1,1.1741067350373053,0,0.0,1.0,0.0,0
1.6525684038966486,1,0.5507083859584725,1.0753145417643806,0.5157038963087274,0.7168853643458143,0,0,0.1266511133327379,0,0.0,1.0,0.0,0
0.32993304085578146,1,-0.03460305494685562,0.7284708502912138,1.3622719625472433,-1.0457411022578735,1,0,1.314508725272163,0,1.0,0.0,0.0,1
-1.3286097159732424,0,1.623779360951574,-0.31206022412828616,0.9250995822536645,-1.0457411022578735,0,1,0.41226385884508365,0,1.0,0.0,0.0,1
0.24595619240874225,1,0.3556045723233631,-1.6994349900209527,-1.0223976130812507,-1.0457411022578735,1,0,0.6360956758074131,1,0.0,0.0,1.0,0
0.03601407129114429,1,-0.5223625890346291,-1.0057476070746194,0.27366084478741565,-1.0457411022578735,0,0,0.8797720413984256,0,0.0,0.0,1.0,0
1.9779786916289255,0,0.2580526655058084,-1.0057476070746194,0.29414173531668764,0.7168853643458143,0,0,1.7357787156866862,0,0.0,1.0,0.0,0
0.6553433285880582,0,0.8433641064111366,1.422158233237547,0.8524308376454233,-1.0457411022578735,1,0,-0.6360729447208515,0,0.0,0.0,1.0,1
1.914996055293646,1,0.8433641064111366,-1.0057476070746194,1.182919443085083,-1.0457411022578735,1,1,1.1879388092801462,0,0.0,1.0,0.0,1
-2.6407479729582297,1,-0.7174664026697384,0.03478346734488051,1.124748237377326,0.7168853643458143,1,1,-0.46433321971706915,0,0.0,1.0,0.0,0
0.28794461663226184,1,0.3556045723233631,-1.3525912985477861,0.8733290776623975,-1.0457411022578735,1,1,-1.328590455812247,0,0.0,1.0,0.0,1
1.2431812677173326,1,-0.5223625890346291,-0.6589039156014528,0.32261879075082883,0.7168853643458143,1,0,0.5053514665323678,0,0.0,1.0,0.0,0
-0.6148065041734093,0,-0.03460305494685562,0.38162715881804715,-1.0223976130812507,0.7168853643458143,0,0,1.285074579277194,1,0.0,0.0,1.0,0
0.4558983135263402,0,-0.42481068221707435,-1.0057476070746194,0.20698237810204573,-1.0457411022578735,1,0,0.49311971154317047,0,1.0,0.0,0.0,0
0.3929156771910608,0,-0.5223625890346291,-0.31206022412828616,1.0672756209123964,0.7168853643458143,1,0,1.3603798016758653,0,1.0,0.0,0.0,0
0.8023028133703768,0,-0.8150183094872931,-1.6994349900209527,0.3196810755996462,-1.0457411022578735,0,0,-0.7277151643224787,0,0.0,0.0,1.0,0
0.7393201770350974,1,-1.0101221231224025,-1.3525912985477861,-1.0223976130812507,-1.0457411022578735,1,0,-1.0298016212151293,1,0.0,0.0,1.0,0
-0.7827602010674878,1,-1.2052259367575118,-0.31206022412828616,0.03826542482051257,0.7168853643458143,1,0,-1.2069085921459184,0,0.0,0.0,1.0,0
-0.18442515588233357,0,-1.1076740299399572,1.0753145417643806,1.132912727336093,0.7168853643458143,1,0,-1.6215257375799337,0,0.0,0.0,1.0,0
0.6973317528115779,0,0.16050075868825375,0.7284708502912138,1.2786936604505472,0.7168853643458143,0,0,-1.0703587147025442,0,1.0,0.0,0.0,0
-0.05845988321177479,0,0.06294885187069905,1.0753145417643806,-1.0223976130812507,-1.0457411022578735,1,0,0.6547526501417348,1,1.0,0.0,0.0,0
0.6343491164762984,1,-0.5223625890346291,-1.3525912985477861,0.5739799628873811,-1.0457411022578735,0,0,1.643929342877248,0,0.0,0.0,1.0,0
2.030464221908325,0,-1.3027778435750665,1.0753145417643806,0.09523516011963516,0.7168853643458143,1,0,-0.2061013051122174,0,0.0,1.0,0.0,0
-2.8401929880199477,0,1.4286755473164647,-1.3525912985477861,1.1030898768538033,-1.0457411022578735,1,1,-0.6453839088779713,0,0.0,0.0,1.0,1
1.600082873617249,1,0.2580526655058084,-1.3525912985477861,0.26148361440501344,0.7168853643458143,1,0,1.1443982932118935,0,0.0,1.0,0.0,0
-1.0136965342968456,0,-1.1076740299399572,0.03478346734488051,-1.0223976130812507,0.7168853643458143,1,0,0.5587562227876484,1,1.0,0.0,0.0,0
-0.7617659889557279,1,-1.2052259367575118,-0.31206022412828616,-1.0223976130812507,0.7168853643458143,1,0,0.8308150067808729,1,1.0,0.0,0.0,0
-0.7197775647322083,1,-0.5223625890346291,1.422158233237547,1.3967510544965378,0.7168853643458143,1,1,-0.5916635649468046,0,0.0,1.0,0.0,0
2.030464221908325,1,0.8433641064111366,0.38162715881804715,-1.0223976130812507,-1.0457411022578735,1,0,1.5211605321029316,1,1.0,0.0,0.0,1
0.7498172830909774,0,-0.1321549617644103,-0.31206022412828616,-1.0223976130812507,-1.0457411022578735,0,0,-1.6512267191139423,1,0.0,0.0,1.0,0
-0.0059743529323753,0,-1.4978816572101759,-0.31206022412828616,1.61200432803785,-1.0457411022578735,0,1,-1.3641661565838548,0,0.0,1.0,0.0,0
-0.8877312616262867,1,1.2335717336813552,1.0753145417643806,0.5521273439762981,2.479511830949502,1,1,1.6187210182245373,0,0.0,1.0,0.0,1
0.5083838438057396,0,1.0384679200462459,0.7284708502912138,-1.0223976130812507,-1.0457411022578735,1,0,-0.6299332983908508,1,1.0,0.0,0.0,1
0.40341278324694074,1,-0.22970686858196498,0.38162715881804715,0.8139965096210501,0.7168853643458143,1,0,0.31935720659812344,0,1.0,0.0,0.0,0
-1.3181126099173626,0,0.3556045723233631,0.38162715881804715,0.19055514145448563,0.7168853643458143,0,0,-0.7404644553409061,0,0.0,0.0,1.0,0
0.28794461663226184,1,-0.9125702163048478,1.0753145417643806,1.0276203322099902,-1.0457411022578735,0,1,-0.35078290018549824,0,0.0,1.0,0.0,0
-0.24740779221761294,1,0.4531564791409178,-0.6589039156014528,1.2997518495378757,-1.0457411022578735,1,1,1.0224563603173324,0,0.0,1.0,0.0,0
-0.016471458988255198,1,-0.1321549617644103,0.38162715881804715,0.7348420154480338,0.7168853643458143,1,0,-1.6991783493435004,0,1.0,0.0,0.0,0
1.0017478284320949,1,0.06294885187069905,-0.6589039156014528,-1.0223976130812507,-1.0457411022578735,1,0,1.5349712664424549,1,1.0,0.0,0.0,0
-1.3391068220291222,0,0.4531564791409178,-1.6994349900209527,0.9719862441328,-1.0457411022578735,1,1,-0.3686705970295057,0,1.0,0.0,0.0,1
1.831019206846607,1,0.5507083859584725,-0.6589039156014528,0.7671792717593594,-1.0457411022578735,1,1,-1.2416967984365754,0,0.0,1.0,0.0,1
-0.6987833526204486,1,-1.5954335640277306,0.7284708502912138,0.9953383251747285,-1.0457411022578735,1,1,1.0676799528252636,0,0.0,0.0,1.0,0
-0.9402167919056862,1,-0.22970686858196498,-1.3525912985477861,-1.0223976130812507,0.7168853643458143,0,0,-1.581544994977233,1,1.0,0.0,0.0,0
1.3586494343320115,1,-0.6199144958521837,-1.0057476070746194,0.9178087718090995,0.7168853643458143,0,0,-0.3489117550043899,0,1.0,0.0,0.0,0
1.3691465403878913,0,-0.03460305494685562,-0.6589039156014528,1.5286246333970923,-1.0457411022578735,1,1,-1.240234581321473,0,0.0,1.0,0.0,0
-0.4678470193910908,1,0.3556045723233631,0.03478346734488051,1.2637159521857861,-1.0457411022578735,1,1,-0.9836243258735818,0,0.0,1.0,0.0,0
-0.31039042855289234,1,-0.8150183094872931,0.38162715881804715,0.7876678939657483,-1.0457411022578735,1,1,0.31776469462618145,0,0.0,1.0,0.0,0
0.9282680860409356,1,0.16050075868825375,-0.6589039156014528,0.4025959031537546,-1.0457411022578735,0,0,0.2883109436793847,0,0.0,0.0,1.0,0
-0.05845988321177479,1,-0.42481068221707435,-1.0057476070746194,0.43301199877815416,0.7168853643458143,0,0,1.6288475830767324,0,0.0,1.0,0.0,0
-2.5882624426788303,0,-0.3272587753995197,0.7284708502912138,0.8651583057159733,-1.0457411022578735,1,1,0.17384422277121528,0,1.0,0.0,0.0,0
-0.9927023221850857,0,1.2335717336813552,-1.3525912985477861,0.9856242782604633,-1.0457411022578735,1,1,-0.5954900004562476,0,1.0,0.0,0.0,1
-0.6253036102292893,1,-0.5223625890346291,1.422158233237547,-1.0223976130812507,0.7168853643458143,1,0,-0.8733535851420563,1,1.0,0.0,0.0,0
2.030464221908325,1,-0.6199144958521837,-0.6589039156014528,1.1958567939740334,-1.0457411022578735,0,1,1.0355937599838954,0,0.0,1.0,0.0,0
-1.3601010341408821,0,-1.0101221231224025,-1.0057476070746194,0.9717787774634983,0.7168853643458143,1,1,0.973881709008001,0,0.0,1.0,0.0,0
-2.0109216096054356,1,-0.5223625890346291,1.0753145417643806,-1.0223976130812507,0.7168853643458143,1,0,1.3524803940503631,1,1.0,0.0,0.0,0
0.3614243590234211,1,-0.42481068221707435,1.0753145417643806,1.1349986693915712,0.7168853643458143,1,0,-0.14493472288452933,0,1.0,0.0,0.0,0
-0.646297822341049,1,0.2580526655058084,1.422158233237547,-1.0223976130812507,0.7168853643458143,1,0,-1.626456643207405,1,1.0,0.0,0.0,0
-0.6358007162851692,0,-0.9125702163048478,0.38162715881804715,-1.0223976130812507,0.7168853643458143,1,0,0.2946495889451975,1,0.0,0.0,1.0,0
0.6343491164762984,0,-1.0101221231224025,1.422158233237547,0.30645443112524084,0.7168853643458143,0,0,-1.0284088021595952,0,0.0,1.0,0.0,0
-1.4020894583644017,1,-0.42481068221707435,-1.0057476070746194,1.5804213934752354,-1.0457411022578735,1,1,-0.8389349235185997,0,1.0,0.0,0.0,0
-0.8772341555704068,1,-0.5223625890346291,-1.3525912985477861,1.5673582417565293,-1.0457411022578735,1,1,0.8643969013010854,0,0.0,0.0,1.0,0
-1.0556849585203651,0,-0.22970686858196498,-1.0057476070746194,1.1393828524700276,-1.0457411022578735,0,1,1.3525154400704456,0,1.0,0.0,0.0,0
0.5083838438057396,0,-1.4003297503926213,0.03478346734488051,1.8415417139759005,0.7168853643458143,0,0,-0.3439983723869597,0,0.0,0.0,1.0,0
-1.1921473372468037,1,-0.8150183094872931,0.38162715881804715,0.1612102052639801,-1.0457411022578735,1,1,1.3355490024672059,0,0.0,1.0,0.0,0
-0.12144251954705418,1,0.3556045723233631,0.38162715881804715,-1.0223976130812507,-1.0457411022578735,0,0,0.8690961909047479,1,1.0,0.0,0.0,0
-0.7092804586763285,0,0.06294885187069905,0.7284708502912138,-1.0223976130812507,0.7168853643458143,0,0,-0.06467846942111169,1,1.0,0.0,0.0,0
-0.21591647404997324,0,-0.22970686858196498,-1.3525912985477861,-1.0223976130812507,-1.0457411022578735,1,0,-0.9816187219520601,1,0.0,0.0,1.0,0
-0.6043093981175295,1,-0.22970686858196498,-0.6589039156014528,1.0548496882494027,0.7168853643458143,1,1,-1.030479293266813,0,0.0,1.0,0.0,0
-1.5700431552584801,0,-0.3272587753995197,-1.0057476070746194,-1.0223976130812507,0.7168853643458143,1,0,-0.03608143751968472,1,1.0,0.0,0.0,0
-0.10044830743529438,0,-0.5223625890346291,-0.31206022412828616,-1.0223976130812507,-1.0457411022578735,1,0,0.9127480908586076,1,1.0,0.0,0.0,0
1.1172159950467737,0,-0.03460305494685562,-1.6994349900209527,1.4353446872848392,0.7168853643458143,0,0,-1.1766578044849803,0,1.0,0.0,0.0,0
-2.483291382120031,0,-0.7174664026697384,-1.3525912985477861,0.723314407020052,0.7168853643458143,1,1,-1.5581422343393385,0,0.0,1.0,0.0,0
0.781308601258617,0,-0.22970686858196498,0.38162715881804715,-1.0223976130812507,-1.0457411022578735,0,0,0.9093704872994218,1,1.0,0.0,0.0,0
0.08849960157054378,1,-1.0101221231224025,1.0753145417643806,2.0606540608581514,0.7168853643458143,1,0,-0.2858368996337245,0,1.0,0.0,0.0,0
0.04651117734702419,1,-0.3272587753995197,-1.0057476070746194,0.8656164075851454,-1.0457411022578735,1,1,-0.28907032872415694,0,0.0,1.0,0.0,0
0.4978867377498598,1,0.06294885187069905,0.03478346734488051,-1.0223976130812507,-1.0457411022578735,1,0,-1.6186523109235114,1,1.0,0.0,0.0,0
0.4663954195822201,1,-0.8150183094872931,-0.6589039156014528,1.5010401034401253,0.7168853643458143,1,0,-0.9363739630359608,0,1.0,0.0,0.0,0
-1.3286097159732424,0,-0.22970686858196498,0.7284708502912138,-1.0223976130812507,0.7168853643458143,1,0,-0.33128065748563584,1,0.0,0.0,1.0,0
-1.4020894583644017,1,0.06294885187069905,-0.6589039156014528,-1.0223976130812507,0.7168853643458143,1,0,-1.6132807276177819,1,1.0,0.0,0.0,0
0.3929156771910608,0,-0.9125702163048478,0.03478346734488051,0.5837595679805325,-1.0457411022578735,0,0,0.21867814517467093,0,1.0,0.0,0.0,0
0.6028577983086588,0,-1.2052259367575118,1.422158233237547,0.42614804134108103,-1.0457411022578735,1,0,-0.928377745117361,0,1.0,0.0,0.0,0
-0.016471458988255198,0,2.013986988221793,0.7284708502912138,-1.0223976130812507,-1.0457411022578735,1,0,-0.18659611299482334,1,1.0,0.0,0.0,1
-2.084401351996595,0,0.06294885187069905,1.422158233237547,-1.0223976130812507,0.7168853643458143,1,0,0.28851341251817497,1,1.0,0.0,0.0,0
2.030464221908325,0,1.623779360951574,1.7690019247107138,0.5640149586200323,-1.0457411022578735,1,0,0.9744521610576519,0,1.0,0.0,0.0,1
-0.5938122920616495,0,-0.6199144958521837,-1.3525912985477861,0.24262154377207795,-1.0457411022578735,1,0,-0.613548416526793,0,1.0,0.0,0.0,0
-0.646297822341049,0,0.2580526655058084,1.422158233237547,1.4012111046567028,0.7168853643458143,0,1,-0.31515792679159693,0,0.0,1.0,0.0,0
-0.8562399434586471,1,1.0384679200462459,0.7284708502912138,0.929933813370963,4.242138297553191,1,1,1.186132898275032,0,0.0,1.0,0.0,1
0.5608693740851391,0,-1.0101221231224025,0.38162715881804715,-1.0223976130812507,-1.0457411022578735,1,0,-0.8897981493373426,1,0.0,0.0,1.0,0
0.22496198029698244,1,2.1115388950393474,1.0753145417643806,1.9679663934283687,-1.0457411022578735,0,0,1.603839992311323,0,1.0,0.0,0.0,1
-0.026968565044135095,1,0.16050075868825375,0.38162715881804715,-1.0223976130812507,-1.0457411022578735,0,0,1.4601225097805937,1,1.0,0.0,0.0,1
-1.8639621248231173,1,-0.1321549617644103,0.38162715881804715,0.8852961030731858,-1.0457411022578735,0,1,1.0469962081612523,0,0.0,0.0,1.0,0
0.4349041014145804,0,1.2335717336813552,0.38162715881804715,1.3009376955156697,4.242138297553191,1,0,0.996382641861806,0,1.0,0.0,0.0,1
0.057008283402904085,1,-1.79053737766284,1.422158233237547,0.6609941900794759,0.7168853643458143,0,0,-0.46160257956820844,0,0.0,0.0,1.0,0
-0.32088753460877223,0,-0.9125702163048478,-0.31206022412828616,0.6812658420967735,0.7168853643458143,0,0,-1.01683407329936,0,1.0,0.0,0.0,0
-0.28939621644113256,1,-1.0101221231224025,1.0753145417643806,0.7269104422624114,-1.0457411022578735,1,1,0.3458467929256123,0,0.0,1.0,0.0,0
-1.8009794884878378,0,-1.3027778435750665,-0.6589039156014528,1.1435553808874108,-1.0457411022578735,1,1,0.23512895519531846,0,1.0,0.0,0.0,0
-1.0241936403527254,0,0.16050075868825375,0.7284708502912138,1.304688525376972,-1.0457411022578735,1,1,-1.4017655047724717,0,0.0,0.0,1.0,0
1.3376552222202516,1,-0.03460305494685562,-1.3525912985477861,1.208755325400793,-1.0457411022578735,1,1,1.2501218995853602,0,0.0,1.0,0.0,0
-0.24740779221761294,1,-0.5223625890346291,-0.31206022412828616,1.1980016900675277,0.7168853643458143,1,0,-0.023673064468886017,0,0.0,0.0,1.0,0
-1.4860663068114408,0,-0.1321549617644103,-1.6994349900209527,2.1484536975840305,-1.0457411022578735,1,1,0.5735142406402776,0,1.0,0.0,0.0,0
1.3271581161643717,0,1.9164350814042381,-0.6589039156014528,1.0319621521409106,-1.0457411022578735,1,1,-0.05418635029014079,0,0.0,1.0,0.0,1
-0.8877312616262867,0,-1.2052259367575118,0.03478346734488051,-1.0223976130812507,0.7168853643458143,1,0,0.3412267906050068,1,0.0,0.0,1.0,0
-1.066182064576245,1,-0.5223625890346291,0.03478346734488051,1.0288066614176037,-1.0457411022578735,0,1,0.3830025140184397,0,0.0,0.0,1.0,0
-0.446852807279331,0,0.2580526655058084,0.7284708502912138,1.3453904898690696,0.7168853643458143,0,0,0.6606273693793336,0,0.0,0.0,1.0,0
0.5923606922527789,1,0.5507083859584725,-1.3525912985477861,-0.0005451781568797391,-1.0457411022578735,1,0,-0.6131007990425779,0,1.0,0.0,0.0,0
0.03601407129114429,0,-0.03460305494685562,0.03478346734488051,0.7586389900773932,0.7168853643458143,1,0,1.6689015406322776,0,1.0,0.0,0.0,0
-0.9402167919056862,1,-0.9125702163048478,1.0753145417643806,-1.0223976130812507,0.7168853643458143,1,0,0.9787227441483313,1,0.0,0.0,1.0,0
0.791805707314497,1,-0.5223625890346291,1.0753145417643806,-1.0223976130812507,-1.0457411022578735,1,0,0.34992392892524554,1,0.0,0.0,1.0,0
-1.9374418672142766,0,-1.0101221231224025,-0.31206022412828616,-1.0223976130812507,0.7168853643458143,1,0,-1.698722924577584,1,0.0,0.0,1.0,0
-0.17392804982645366,1,-0.22970686858196498,-0.31206022412828616,-1.0223976130812507,-1.0457411022578735,0,0,1.2717688893161783,1,0.0,0.0,1.0,0
1.1592044192702933,1,-1.4978816572101759,-1.0057476070746194,1.2253107790272075,-1.0457411022578735,0,1,-1.2435322036170062,0,0.0,1.0,0.0,0
1.8415163129024867,0,-1.1076740299399572,1.7690019247107138,0.565660678309671,-1.0457411022578735,1,0,-1.1936591146131528,0,1.0,0.0,0.0,0
-0.4888412315028506,1,-0.1321549617644103,-1.6994349900209527,-1.0223976130812507,-1.0457411022578735,1,0,0.2567906920137951,1,1.0,0.0,0.0,0
-0.7302746707880883,0,0.6482602927760271,1.0753145417643806,1.1518263424831403,-1.0457411022578735,1,1,0.4093784610233859,0,0.0,1.0,0.0,1
0.20396776818522266,1,-0.3272587753995197,0.03478346734488051,0.6984912133300398,0.7168853643458143,1,0,-0.26915742300679957,0,1.0,0.0,0.0,0
-1.9374418672142766,1,-0.9125702163048478,1.0753145417643806,0.6284808770371357,-1.0457411022578735,0,1,1.4141754425016637,0,1.0,0.0,0.0,0
1.7470423583995676,0,1.4286755473164647,-0.31206022412828616,0.9903341582374663,-1.0457411022578735,0,1,0.5473076249006783,0,0.0,1.0,0.0,1
0.8757825557615361,1,0.4531564791409178,1.422158233237547,-1.0223976130812507,-1.0457411022578735,1,0,1.7276138604833355,1,0.0,0.0,1.0,1
-1.6330257915937594,0,-0.9125702163048478,1.0753145417643806,-1.0223976130812507,0.7168853643458143,1,0,0.22468714965753467,1,1.0,0.0,0.0,0
-1.9164476551025167,0,-0.8150183094872931,1.422158233237547,-1.0223976130812507,0.7168853643458143,0,0,-0.6342182815788907,1,1.0,0.0,0.0,0
0.7603143891468572,0,0.3556045723233631,-0.31206022412828616,0.5480316491002635,0.7168853643458143,0,0,-1.6952403564533016,0,0.0,1.0,0.0,0
0.4873896316939799,0,-0.9125702163048478,-0.6589039156014528,0.9441001787682767,-1.0457411022578735,0,1,-0.293025150643801,0,0.0,1.0,0.0,0
-1.4860663068114408,1,0.16050075868825375,-1.6994349900209527,0.7420724221651235,-1.0457411022578735,1,1,1.156470085673786,0,1.0,0.0,0.0,0
1.0122449344879747,1,1.8188831745866834,0.7284708502912138,-1.0223976130812507,-1.0457411022578735,1,0,1.036832515347188,1,1.0,0.0,0.0,1
1.0017478284320949,1,-0.9125702163048478,-0.31206022412828616,1.0637858962303934,-1.0457411022578735,1,1,0.055810788591537215,0,0.0,1.0,0.0,0
0.29844172268814173,1,-1.79053737766284,-0.31206022412828616,0.6643956447810616,0.7168853643458143,1,0,-1.0587067805010395,0,1.0,0.0,0.0,0
-2.1473839883318746,0,-0.3272587753995197,0.7284708502912138,-1.0223976130812507,0.7168853643458143,1,0,1.1195305395365138,1,1.0,0.0,0.0,0
-0.3313846406646521,0,-0.03460305494685562,0.7284708502912138,-1.0223976130812507,-1.0457411022578735,1,0,1.1292870392360612,1,1.0,0.0,0.0,0
-0.7617659889557279,0,-0.9125702163048478,-0.31206022412828616,-1.0223976130812507,0.7168853643458143,1,0,-0.18818480807348906,1,0.0,0.0,1.0,0
1.5371002372819698,1,0.4531564791409178,-0.6589039156014528,-1.0223976130812507,-1.0457411022578735,1,0,-0.4799252287505599,1,0.0,0.0,1.0,0
0.28794461663226184,0,-0.22970686858196498,-0.31206022412828616,-1.0223976130812507,-1.0457411022578735,1,0,0.3005864194461102,1,0.0,0.0,1.0,0
-1.8429679127113574,1,0.06294885187069905,-1.3525912985477861,0.7693072548091605,-1.0457411022578735,1,1,0.4212729414430814,0,0.0,0.0,1.0,0
-0.28939621644113256,1,0.16050075868825375,1.422158233237547,-1.0223976130812507,-1.0457411022578735,1,0,-1.7281320872711081,1,1.0,0.0,0.0,0
1.7365452523436877,1,-0.03460305494685562,0.38162715881804715,1.044049340700223,2.479511830949502,1,0,-1.5712353927429266,0,1.0,0.0,0.0,1
0.781308601258617,0,1.0384679200462459,-0.31206022412828616,0.40838258024588275,-1.0457411022578735,1,1,-1.1442733734826174,0,0.0,1.0,0.0,1
-1.0766791706321248,1,-1.2052259367575118,1.0753145417643806,1.3798096613207083,-1.0457411022578735,1,1,1.3576451711385795,0,0.0,0.0,1.0,0
-0.19492226193821346,0,1.623779360951574,-1.0057476070746194,1.4876304759406216,-1.0457411022578735,0,1,0.16089315689459335,0,0.0,0.0,1.0,1
-0.8667370495145269,1,0.2580526655058084,-1.3525912985477861,-1.0223976130812507,0.7168853643458143,0,0,-0.5059744843900885,1,1.0,0.0,0.0,0
-0.016471458988255198,0,0.16050075868825375,-1.6994349900209527,0.2976992732500695,-1.0457411022578735,1,1,1.71907373527287,0,0.0,1.0,0.0,1
-0.55182386783813,1,0.2580526655058084,-0.6589039156014528,-1.0223976130812507,-1.0457411022578735,0,0,-1.524914269922924,1,0.0,0.0,1.0,0
0.896776767873296,1,1.623779360951574,0.03478346734488051,1.477449629020428,-1.0457411022578735,0,1,0.37291134217662425,0,0.0,1.0,0.0,1
-0.37337306488817174,1,0.8433641064111366,-1.6994349900209527,-1.0223976130812507,-1.0457411022578735,1,1,0.5919265868146212,1,1.0,0.0,0.0,1
0.8442912375938965,1,-0.03460305494685562,0.38162715881804715,1.3338759286462225,0.7168853643458143,1,0,1.7141770081897363,0,0.0,0.0,1.0,0
0.7498172830909774,0,-1.0101221231224025,-0.31206022412828616,1.268813060325057,0.7168853643458143,1,0,-1.1561560562321864,0,1.0,0.0,0.0,0
-1.1816502311909238,1,-0.8150183094872931,1.0753145417643806,1.3171052766733897,-1.0457411022578735,1,1,-0.3302788964957684,0,0.0,0.0,1.0,0
-1.0871762766880049,1,-0.1321549617644103,-1.0057476070746194,-1.0223976130812507,0.7168853643458143,1,0,-1.1422282126671417,1,1.0,0.0,0.0,0
1.50560891911433,1,-0.03460305494685562,1.422158233237547,-1.0223976130812507,-1.0457411022578735,1,0,-0.3638057930537733,1,0.0,0.0,1.0,0
0.4454012074704603,0,-0.9125702163048478,1.422158233237547,1.0324716374475882,0.7168853643458143,1,0,1.1284679686380075,0,0.0,0.0,1.0,0
2.030464221908325,1,-1.5954335640277306,0.7284708502912138,0.45242913939743556,0.7168853643458143,0,0,-1.5470949307318218,0,0.0,1.0,0.0,0
2.030464221908325,1,2.4041946154920115,1.0753145417643806,1.7132077935053955,-1.0457411022578735,0,0,1.4641888890809938,0,1.0,0.0,0.0,1
0.34043014691166135,1,-1.2052259367575118,-0.31206022412828616,0.9222475598571935,-1.0457411022578735,0,1,0.8563767410519347,0,0.0,1.0,0.0,0
0.5818635861968989,0,-0.1321549617644103,-1.3525912985477861,0.6992133197574306,0.7168853643458143,0,0,1.208796222588227,0,1.0,0.0,0.0,0
-1.150158913023284,0,-0.03460305494685562,0.03478346734488051,1.6762793706761316,-1.0457411022578735,0,1,1.032187356229989,0,1.0,0.0,0.0,0
1.4426262827790506,0,2.306642708674457,1.422158233237547,0.969819119467595,2.479511830949502,1,0,1.281661062222182,0,1.0,0.0,0.0,1
-1.4335807765320414,1,-0.42481068221707435,1.0753145417643806,0.9108254566065352,0.7168853643458143,1,1,-1.7240252836010095,0,0.0,1.0,0.0,0
1.7785336765672073,1,0.2580526655058084,0.03478346734488051,1.3368344226796562,0.7168853643458143,0,0,1.4091459916296059,0,0.0,0.0,1.0,0
-0.9927023221850857,0,-0.9125702163048478,1.422158233237547,0.9154760603923091,-1.0457411022578735,1,1,-1.6120822231290386,0,0.0,0.0,1.0,0
-0.55182386783813,1,0.16050075868825375,-1.3525912985477861,0.33572011762529885,-1.0457411022578735,0,0,-1.1017724403466966,0,1.0,0.0,0.0,0
1.0122449344879747,1,-0.8150183094872931,-1.3525912985477861,0.7627261478932781,-1.0457411022578735,1,1,-0.7255105614651451,0,0.0,1.0,0.0,0
1.9254931613495259,0,0.06294885187069905,-1.3525912985477861,0.5073303289145927,-1.0457411022578735,1,0,-0.2641635386402702,0,1.0,0.0,0.0,0
-1.5700431552584801,1,0.3556045723233631,0.38162715881804715,-1.0223976130812507,0.7168853643458143,1,0,-1.1266146902351848,1,1.0,0.0,0.0,0
-0.6987833526204486,1,-0.8150183094872931,-0.6589039156014528,-1.0223976130812507,0.7168853643458143,1,0,-0.2884054953134932,1,0.0,0.0,1.0,0
0.27744751057638195,1,-0.8150183094872931,1.0753145417643806,0.7628066861965784,0.7168853643458143,0,0,-1.2973059840540404,0,1.0,0.0,0.0,0
0.3929156771910608,1,0.3556045723233631,-0.6589039156014528,1.5043176902312354,0.7168853643458143,0,0,-0.1877713691336113,0,1.0,0.0,0.0,0
1.4321291767231707,0,-0.22970686858196498,-1.6994349900209527,-1.0223976130812507,-1.0457411022578735,0,0,0.8549816665594645,1,0.0,0.0,1.0,0
-0.026968565044135095,1,-0.9125702163048478,-1.0057476070746194,0.45879214858798084,-1.0457411022578735,1,0,-1.086911539870757,0,1.0,0.0,0.0,0
1.085724676879134,1,-1.0101221231224025,-1.3525912985477861,1.249403812459499,0.7168853643458143,0,0,-1.4474046181620677,0,0.0,0.0,1.0,0
0.27744751057638195,1,1.7213312677691288,0.7284708502912138,-0.20233711860796955,2.479511830949502,0,0,-0.036161592278485935,0,0.0,0.0,1.0,1
-1.5280547310349606,0,-0.8150183094872931,0.03478346734488051,-1.0223976130812507,0.7168853643458143,1,0,0.7682582079248839,1,1.0,0.0,0.0,0
0.9702565102644553,0,0.7458121995935818,1.422158233237547,0.05009569619229687,-1.0457411022578735,1,0,-0.3636543317887657,0,0.0,0.0,1.0,1
0.18297355607346286,0,-0.7174664026697384,-1.3525912985477861,-1.0223976130812507,-1.0457411022578735,1,0,0.5073074508412984,1,1.0,0.0,0.0,0
-0.5938122920616495,1,-1.0101221231224025,-1.0057476070746194,0.8561310894522532,-1.0457411022578735,0,1,-0.6906550390567067,0,0.0,1.0,0.0,0
0.6343491164762984,1,-0.03460305494685562,0.7284708502912138,0.5474398536476126,-1.0457411022578735,0,0,1.5521240378356351,0,1.0,0.0,0.0,0
0.991250722376215,0,0.9409160132286912,1.422158233237547,-1.0223976130812507,-1.0457411022578735,1,0,0.6557216205484562,1,1.0,0.0,0.0,1
0.5188809498616196,0,0.06294885187069905,1.0753145417643806,0.7959947491439686,-1.0457411022578735,0,1,-1.613330520725522,0,0.0,1.0,0.0,0
-1.4230836704761616,1,-0.03460305494685562,0.03478346734488051,0.7597729693878617,-1.0457411022578735,0,1,0.6383594405105287,0,1.0,0.0,0.0,1
-0.7617659889557279,1,-0.3272587753995197,1.422158233237547,-1.0223976130812507,0.7168853643458143,1,0,1.6077379078221208,1,1.0,0.0,0.0,0
1.1382102071585336,1,-0.42481068221707435,1.422158233237547,0.4568519808614761,-1.0457411022578735,0,0,0.6691111086664004,0,1.0,0.0,0.0,0
-1.1816502311909238,1,-0.1321549617644103,-1.0057476070746194,-1.0223976130812507,0.7168853643458143,0,0,0.6133645148909901,1,0.0,0.0,1.0,0
0.41390988930282063,1,0.4531564791409178,-0.31206022412828616,0.8153476201972163,-1.0457411022578735,0,1,1.0439982119879052,0,0.0,1.0,0.0,0
-0.6987833526204486,1,-0.6199144958521837,1.422158233237547,-1.0223976130812507,0.7168853643458143,1,0,0.6796766162453645,1,1.0,0.0,0.0,0
-2.2418579428347933,0,1.5262274541340193,-0.6589039156014528,1.2092860728195425,-1.0457411022578735,1,1,-0.5121122222734513,0,1.0,0.0,0.0,1
-1.0976733827438847,1,-0.03460305494685562,1.7690019247107138,1.1081807030054165,0.7168853643458143,1,1,-0.9221543006304316,0,0.0,1.0,0.0,0
-0.55182386783813,1,-0.22970686858196498,1.7690019247107138,0.8065676565246284,-1.0457411022578735,1,1,0.6100394803619277,0,0.0,1.0,0.0,0
-1.3286097159732424,1,-0.5223625890346291,1.422158233237547,0.1895795004483054,-1.0457411022578735,0,1,0.03437043158308311,0,0.0,1.0,0.0,0
0.27744751057638195,0,-1.4003297503926213,1.0753145417643806,0.5652877859653906,-1.0457411022578735,1,0,1.5315006694834483,0,0.0,0.0,1.0,0
-2.1473839883318746,1,-0.8150183094872931,0.7284708502912138,0.796735057227905,-1.0457411022578735,1,1,-0.012079945122865378,0,1.0,0.0,0.0,0
1.2851696919408522,0,0.2580526655058084,1.7690019247107138,0.5849246350760751,-1.0457411022578735,1,0,-0.22183228375999364,0,1.0,0.0,0.0,0
-1.5490489431467203,0,-0.9125702163048478,-1.6994349900209527,0.7125999133021905,0.7168853643458143,1,1,-0.11824457616488805,0,0.0,1.0,0.0,0
-1.0766791706321248,0,-0.03460305494685562,-0.6589039156014528,1.2122495602277812,-1.0457411022578735,1,1,1.638223607914697,0,1.0,0.0,0.0,0
2.030464221908325,0,-0.3272587753995197,0.38162715881804715,0.2933561647062962,-1.0457411022578735,1,0,-1.7156867597535896,0,1.0,0.0,0.0,0
-0.656794928396929,1,0.16050075868825375,-1.6994349900209527,1.427455799399966,0.7168853643458143,1,1,-0.2811433353699766,0,0.0,1.0,0.0,0
-1.5490489431467203,1,-0.9125702163048478,-1.3525912985477861,-1.0223976130812507,0.7168853643458143,1,0,-0.5309033083578882,1,0.0,0.0,1.0,0
-1.9164476551025167,1,-1.2052259367575118,0.38162715881804715,-1.0223976130812507,0.7168853643458143,0,0,0.9156659322731535,1,1.0,0.0,0.0,0
-0.2684020043293727,0,-1.5954335640277306,0.38162715881804715,1.2186599259406672,-1.0457411022578735,1,1,-0.6239943859481509,0,0.0,1.0,0.0,0
-1.5175576249790805,1,-0.7174664026697384,0.38162715881804715,-1.0223976130812507,0.7168853643458143,1,0,1.1927557285947767,1,0.0,0.0,1.0,0
0.6343491164762984,1,0.16050075868825375,-1.6994349900209527,0.5600357221305697,-1.0457411022578735,1,0,0.19385532674286174,0,1.0,0.0,0.0,0
0.9597594042085753,1,0.16050075868825375,-0.6589039156014528,0.5126158966835863,-1.0457411022578735,0,0,1.245733860278861,0,1.0,0.0,0.0,0
0.06750538945878398,1,0.06294885187069905,-0.31206022412828616,-1.0223976130812507,-1.0457411022578735,1,0,-0.3960817895880608,1,1.0,0.0,0.0,0
-1.2866212917497228,0,-1.4978816572101759,0.03478346734488051,0.6660468410753247,-1.0457411022578735,0,1,1.0490012915973275,0,1.0,0.0,0.0,0
0.14098513184994327,0,-0.22970686858196498,-1.0057476070746194,0.3349376074704329,0.7168853643458143,0,0,-1.0600366208175154,0,0.0,1.0,0.0,0
-0.7617659889557279,0,2.013986988221793,-1.3525912985477861,-1.0223976130812507,-1.0457411022578735,0,1,0.5299669582612171,1,0.0,0.0,1.0,1
0.6133549043645387,1,-1.4978816572101759,0.7284708502912138,1.2201901537033732,0.7168853643458143,1,0,-0.6012630515365792,0,1.0,0.0,0.0,0
-1.2236386554144434,0,0.16050075868825375,-0.6589039156014528,1.640168411625366,-1.0457411022578735,0,1,1.737538997467634,0,1.0,0.0,0.0,0
-2.1473839883318746,1,-0.3272587753995197,-0.31206022412828616,1.3643137696125132,-1.0457411022578735,1,1,-1.6575367376801833,0,1.0,0.0,0.0,0
-0.8562399434586471,0,-1.2052259367575118,0.7284708502912138,-1.0223976130812507,0.7168853643458143,1,0,0.22197004213028976,1,0.0,0.0,1.0,0
0.4244069953587005,0,-0.5223625890346291,-1.3525912985477861,0.3845694979558631,-1.0457411022578735,1,0,1.2632337954650315,0,1.0,0.0,0.0,0
1.0542333587114945,1,0.5507083859584725,0.03478346734488051,1.2464656140784967,0.7168853643458143,1,0,1.0239942213173647,0,0.0,0.0,1.0,0
0.4349041014145804,1,-1.1076740299399572,0.38162715881804715,0.9979439003631004,0.7168853643458143,0,0,-1.2501916414131728,0,0.0,0.0,1.0,0
1.1801986313820532,1,0.2580526655058084,-1.3525912985477861,0.1455674116905651,-1.0457411022578735,1,0,-1.2836885233104145,0,0.0,0.0,1.0,0
0.6553433285880582,1,-0.03460305494685562,-1.6994349900209527,-1.0223976130812507,-1.0457411022578735,1,0,0.47126244569186054,1,0.0,0.0,1.0,0
-2.1683782004436343,0,-0.42481068221707435,-1.0057476070746194,-1.0223976130812507,0.7168853643458143,1,0,1.3145262482822035,1,0.0,0.0,1.0,0
0.5083838438057396,0,0.06294885187069905,0.03478346734488051,1.3837592597145563,0.7168853643458143,1,0,-0.06311857453716688,0,1.0,0.0,0.0,0
-1.5280547310349606,0,-0.5223625890346291,-0.6589039156014528,-1.0223976130812507,0.7168853643458143,1,0,0.5677299123752662,1,1.0,0.0,0.0,0
-0.4678470193910908,0,-0.22970686858196498,0.03478346734488051,0.9072883754021918,0.7168853643458143,1,0,1.0358175687260027,0,0.0,0.0,1.0,0
-0.016471458988255198,1,-0.1321549617644103,1.0753145417643806,1.614564640699767,0.7168853643458143,0,0,-0.4069221134829154,0,0.0,0.0,1.0,0
0.9282680860409356,0,0.5507083859584725,-1.6994349900209527,0.9046940755762818,-1.0457411022578735,1,1,-1.1355002442871514,0,0.0,1.0,0.0,1
-1.1291647009115244,0,-0.1321549617644103,-1.3525912985477861,1.0816227142623156,0.7168853643458143,1,1,0.4994288626336668,0,0.0,1.0,0.0,0
0.5293780559174995,0,-0.22970686858196498,0.38162715881804715,-1.0223976130812507,-1.0457411022578735,0,0,-0.01566366091896844,1,1.0,0.0,0.0,0
-0.6777891405086888,1,0.2580526655058084,-1.6994349900209527,-1.0223976130812507,0.7168853643458143,1,0,-0.5865444170827544,1,0.0,0.0,1.0,0
0.4873896316939799,1,0.5507083859584725,0.38162715881804715,0.5700466332307998,-1.0457411022578735,1,0,0.8987584830205473,0,1.0,0.0,0.0,0
0.16197934396170308,1,-0.7174664026697384,0.38162715881804715,0.4454250453126197,-1.0457411022578735,1,0,1.3460154443161367,0,1.0,0.0,0.0,0
-0.08995120137941448,1,-0.6199144958521837,1.0753145417643806,-1.0223976130812507,-1.0457411022578735,1,0,0.5888385466589843,1,0.0,0.0,1.0,0
2.030464221908325,0,0.16050075868825375,0.7284708502912138,0.6600443213303518,-1.0457411022578735,1,1,-1.7170074048271728,0,0.0,1.0,0.0,0
0.11999091973818347,0,1.4286755473164647,1.7690019247107138,0.7533115423906834,-1.0457411022578735,0,0,1.46199070554417,0,1.0,0.0,0.0,1
1.2221870556055727,1,-0.1321549617644103,-1.0057476070746194,0.6398356502662349,0.7168853643458143,1,0,1.3628868065777673,0,0.0,0.0,1.0,0
-1.370598140196762,1,-1.0101221231224025,-1.3525912985477861,0.7827950044628655,-1.0457411022578735,0,1,0.4609457301564483,0,1.0,0.0,0.0,0
0.21446487424110255,0,-1.4003297503926213,-1.6994349900209527,1.3663457510047803,0.7168853643458143,0,0,1.4434855394651545,0,1.0,0.0,0.0,0
-1.0346907464086053,0,-0.7174664026697384,0.7284708502912138,-1.0223976130812507,0.7168853643458143,1,0,1.1625332206431127,1,0.0,0.0,1.0,0
-0.016471458988255198,1,-0.1321549617644103,1.422158233237547,0.9321420125708514,-1.0457411022578735,1,1,1.3971187874209856,0,0.0,1.0,0.0,0
-0.3943672769999315,0,-1.0101221231224025,0.38162715881804715,0.574720915277744,0.7168853643458143,1,0,-0.888962943690439,0,0.0,1.0,0.0,0
0.886279661817416,0,0.3556045723233631,1.422158233237547,0.9275415036097304,0.7168853643458143,1,0,-1.051224975698989,0,0.0,0.0,1.0,0
-0.21591647404997324,1,1.33112364049891,-0.31206022412828616,0.7701358328735143,-1.0457411022578735,0,1,-1.1585515037533327,0,0.0,0.0,1.0,1
-1.381095246252642,1,-0.5223625890346291,0.03478346734488051,-1.0223976130812507,0.7168853643458143,1,0,1.0633288679854853,1,0.0,0.0,1.0,0
0.24595619240874225,1,-1.1076740299399572,-0.6589039156014528,-1.0223976130812507,-1.0457411022578735,1,0,-1.1669170928439845,1,1.0,0.0,0.0,0
1.2536783737732125,1,-0.03460305494685562,0.03478346734488051,0.7861979088539107,-1.0457411022578735,0,1,-0.1703724081241128,0,0.0,1.0,0.0,0
-0.8037544131792476,1,-0.3272587753995197,1.7690019247107138,1.1727770934738666,0.7168853643458143,1,1,-1.2997239859445462,0,0.0,1.0,0.0,0
-0.646297822341049,0,-0.8150183094872931,0.03478346734488051,0.5993786832927772,-1.0457411022578735,1,1,1.3644947596179635,0,0.0,0.0,1.0,0
-0.7512688828998481,0,0.06294885187069905,0.7284708502912138,-1.0223976130812507,0.7168853643458143,1,0,-1.6883220638949454,1,1.0,0.0,0.0,0
0.4663954195822201,0,0.2580526655058084,-1.0057476070746194,-1.0223976130812507,-1.0457411022578735,1,0,-0.8996908427287931,1,1.0,0.0,0.0,0
-1.3391068220291222,0,-0.7174664026697384,0.03478346734488051,-1.0223976130812507,0.7168853643458143,1,0,-1.2647168287759512,1,1.0,0.0,0.0,0
-1.0976733827438847,1,-0.5223625890346291,0.03478346734488051,1.2476802927688722,-1.0457411022578735,0,1,-1.5405000331310534,0,1.0,0.0,0.0,0
-0.6777891405086888,0,-0.42481068221707435,0.38162715881804715,0.6229021498441288,0.7168853643458143,1,1,0.05058025684187997,0,0.0,1.0,0.0,0
-1.5070605189232007,1,-0.8150183094872931,0.03478346734488051,-1.0223976130812507,0.7168853643458143,1,0,1.0897238994568126,1,1.0,0.0,0.0,0
-1.9374418672142766,0,-1.2052259367575118,0.03478346734488051,-1.0223976130812507,0.7168853643458143,1,0,0.15090694961787485,1,1.0,0.0,0.0,0
-0.9297196858498064,0,-1.1076740299399572,-1.3525912985477861,0.8512564281066979,-1.0457411022578735,0,1,-0.9394705044538948,0,0.0,0.0,1.0,0
0.19347066212934275,1,0.3556045723233631,-1.0057476070746194,0.46943979551410325,0.7168853643458143,1,0,-1.581346343031719,0,0.0,1.0,0.0,0
1.316661010108492,0,0.2580526655058084,-0.31206022412828616,-1.0223976130812507,-1.0457411022578735,1,0,0.5765290658430705,1,0.0,0.0,1.0,0
-0.17392804982645366,1,0.06294885187069905,1.422158233237547,1.0974877935528395,4.242138297553191,0,1,-1.608858336271797,0,0.0,1.0,0.0,1
-1.381095246252642,1,-0.3272587753995197,0.7284708502912138,1.6411453412443988,-1.0457411022578735,0,1,-0.08631504944299491,0,1.0,0.0,0.0,0
-0.23691068616173305,1,-0.22970686858196498,-1.0057476070746194,0.3627998334971794,-1.0457411022578735,1,0,-1.4543392192644227,0,0.0,0.0,1.0,0
0.9492622981526954,1,0.2580526655058084,1.422158233237547,-1.0223976130812507,-1.0457411022578735,1,0,-1.1673216835312672,1,0.0,0.0,1.0,1
-1.0976733827438847,0,-0.42481068221707435,-0.31206022412828616,-1.0223976130812507,0.7168853643458143,1,0,0.7039232572876086,1,0.0,0.0,1.0,0
-0.8247486252910073,1,-1.0101221231224025,-0.31206022412828616,-1.0223976130812507,0.7168853643458143,0,0,-1.60945411861319,1,0.0,0.0,1.0,0
-1.6750142158172792,1,-0.6199144958521837,1.0753145417643806,-1.0223976130812507,0.7168853643458143,1,0,-0.5612427520399246,1,1.0,0.0,0.0,0
-0.18442515588233357,1,-0.42481068221707435,0.03478346734488051,1.2229005897626422,0.7168853643458143,0,0,-1.140965341478149,0,0.0,0.0,1.0,0
-1.2236386554144434,1,-1.0101221231224025,1.0753145417643806,-1.0223976130812507,0.7168853643458143,0,0,1.698078740311695,1,0.0,0.0,1.0,0
1.2221870556055727,1,0.8433641064111366,-1.0057476070746194,0.8795864205990128,4.242138297553191,1,1,0.7511278174059145,0,0.0,1.0,0.0,1
0.781308601258617,1,-1.3027778435750665,1.0753145417643806,0.539243470520739,-1.0457411022578735,1,0,-0.031848329381171867,0,0.0,0.0,1.0,0
0.8232970254821367,0,-1.3027778435750665,-0.6589039156014528,0.454977693467071,-1.0457411022578735,0,0,-1.237061702038014,0,1.0,0.0,0.0,0
-0.961211004017446,0,-0.03460305494685562,-1.0057476070746194,1.5331035295202298,0.7168853643458143,1,1,1.3833057976445262,0,0.0,1.0,0.0,0
-1.8534650187672372,1,-0.3272587753995197,-1.0057476070746194,1.646527554977353,-1.0457411022578735,1,1,1.704953659082821,0,1.0,0.0,0.0,0
0.14098513184994327,1,-0.03460305494685562,1.7690019247107138,0.41790091908312804,-1.0457411022578735,0,0,0.7731252673375528,0,1.0,0.0,0.0,0
-0.8352457313468872,0,0.06294885187069905,-0.31206022412828616,-1.0223976130812507,0.7168853643458143,1,0,-0.1448196956007949,1,0.0,0.0,1.0,0
-2.3573261094494726,1,-0.03460305494685562,-1.0057476070746194,1.1611536444649573,0.7168853643458143,1,1,-0.4833108130865957,0,0.0,1.0,0.0,0
-0.5308296557263702,1,0.16050075868825375,0.38162715881804715,0.9024981181984951,0.7168853643458143,1,0,-0.918460241919615,0,1.0,0.0,0.0,0
-0.49933833755873047,1,0.06294885187069905,-1.0057476070746194,1.2237149930856148,0.7168853643458143,1,0,-1.5697762985405046,0,0.0,0.0,1.0,0
0.27744751057638195,1,-0.3272587753995197,0.03478346734488051,1.312600608293196,-1.0457411022578735,0,1,-1.2650724938312383,0,0.0,1.0,0.0,0
-0.24740779221761294,1,0.3556045723233631,-0.6589039156014528,1.0078283663271492,-1.0457411022578735,0,1,-1.5253124412896966,0,0.0,1.0,0.0,0
0.25645329846462217,1,-0.9125702163048478,1.0753145417643806,-1.0223976130812507,-1.0457411022578735,1,0,-0.5785417798436446,1,1.0,0.0,0.0,0
2.030464221908325,0,0.6482602927760271,0.03478346734488051,1.0274437922491557,-1.0457411022578735,1,1,1.6140361287182354,0,0.0,1.0,0.0,1
-0.8142515192351274,0,-0.7174664026697384,1.422158233237547,-1.0223976130812507,0.7168853643458143,1,0,0.22003296879259154,1,0.0,0.0,1.0,0
1.2431812677173326,1,-1.3027778435750665,1.7690019247107138,-0.052632681509936934,0.7168853643458143,1,0,-1.4858211285021006,0,0.0,1.0,0.0,0
-0.9192225797939264,0,0.5507083859584725,-0.31206022412828616,-1.0223976130812507,0.7168853643458143,0,0,0.6017014769999545,1,1.0,0.0,0.0,0
-1.2341357614703234,1,-0.03460305494685562,0.03478346734488051,-1.0223976130812507,0.7168853643458143,1,0,-0.9078168350187853,1,1.0,0.0,0.0,0
-0.8457428374027671,1,-1.8880892844803947,0.38162715881804715,-1.0223976130812507,0.7168853643458143,0,0,-0.47550752177359557,1,0.0,0.0,1.0,0
0.4454012074704603,1,0.16050075868825375,-1.0057476070746194,-1.0223976130812507,-1.0457411022578735,1,0,-0.3700007843362796,1,0.0,0.0,1.0,0
-0.6148065041734093,1,0.06294885187069905,-1.3525912985477861,-1.0223976130812507,0.7168853643458143,1,0,1.0308510965930031,1,0.0,0.0,1.0,0
-1.4545749886438013,0,-1.1076740299399572,-1.3525912985477861,1.1328313836497594,-1.0457411022578735,1,1,0.7564728559538595,0,1.0,0.0,0.0,0
1.400637858555531,1,-1.4003297503926213,0.7284708502912138,0.7078594287699335,-1.0457411022578735,0,1,1.0537505478038787,0,0.0,1.0,0.0,0
-1.0871762766880049,1,-0.7174664026697384,0.38162715881804715,-1.0223976130812507,0.7168853643458143,0,0,0.4317083276603555,1,1.0,0.0,0.0,0
-1.5910373673702398,0,-0.1321549617644103,0.38162715881804715,1.5526358399132305,0.7168853643458143,0,1,0.4440479966321813,0,0.0,1.0,0.0,0
-0.8772341555704068,0,-0.8150183094872931,0.38162715881804715,-1.0223976130812507,0.7168853643458143,1,0,-0.5816147259213256,1,1.0,0.0,0.0,0
-1.2551299735820831,0,-0.03460305494685562,0.38162715881804715,1.2614557252419658,-1.0457411022578735,0,1,0.8342328612146079,0,0.0,0.0,1.0,0
-0.3313846406646521,0,0.6482602927760271,-0.6589039156014528,-1.0223976130812507,-1.0457411022578735,1,1,1.4705542525997402,1,1.0,0.0,0.0,1
-0.08995120137941448,0,-0.42481068221707435,-0.6589039156014528,-1.0223976130812507,-1.0457411022578735,1,0,-0.7805057477505801,1,1.0,0.0,0.0,0
-1.5385518370908404,1,-0.6199144958521837,1.422158233237547,0.6419228809345661,-1.0457411022578735,1,1,-0.9296895419383494,0,1.0,0.0,0.0,0
-1.4125865644202815,0,-0.1321549617644103,-0.6589039156014528,0.5081936995259723,-1.0457411022578735,1,1,0.5099712953578246,0,0.0,1.0,0.0,0
-0.6987833526204486,0,-0.9125702163048478,-0.31206022412828616,-1.0223976130812507,0.7168853643458143,1,0,0.3840002846198818,1,1.0,0.0,0.0,0
-0.7197775647322083,1,0.16050075868825375,0.03478346734488051,-1.0223976130812507,0.7168853643458143,0,0,0.017593624177613728,1,1.0,0.0,0.0,0
0.7603143891468572,1,-1.2052259367575118,-0.31206022412828616,0.5443639347679669,0.7168853643458143,1,0,-1.0471686591172265,0,0.0,1.0,0.0,0
-1.790482382431958,1,-1.1076740299399572,0.7284708502912138,-1.0223976130812507,0.7168853643458143,1,0,-1.229916998310316,1,0.0,0.0,1.0,0
-0.6043093981175295,1,-0.8150183094872931,1.422158233237547,0.6760534031071765,-1.0457411022578735,1,1,0.3714690770036475,0,1.0,0.0,0.0,0
-0.9192225797939264,1,-1.3027778435750665,1.422158233237547,1.7716283458001703,0.7168853643458143,1,1,-0.9599928986294102,0,0.0,1.0,0.0,0
-0.7617659889557279,0,1.1360198268638007,-1.3525912985477861,-1.0223976130812507,-1.0457411022578735,0,1,0.9169936906478426,1,0.0,0.0,1.0,1
0.8442912375938965,1,1.5262274541340193,1.422158233237547,-1.0223976130812507,-1.0457411022578735,1,0,-0.2818118121787675,1,1.0,0.0,0.0,1
-1.6540200037055193,1,-0.3272587753995197,1.7690019247107138,-1.0223976130812507,0.7168853643458143,1,0,-1.5439518926139768,1,1.0,0.0,0.0,0
-1.370598140196762,1,-0.03460305494685562,-1.0057476070746194,-1.0223976130812507,0.7168853643458143,0,0,-0.7235203986118773,1,0.0,0.0,1.0,0
0.23545908635286236,0,-0.5223625890346291,1.422158233237547,0.7901756956539135,0.7168853643458143,1,0,1.3471697075419053,0,1.0,0.0,0.0,0
-1.5490489431467203,1,-0.7174664026697384,-0.6589039156014528,-1.0223976130812507,0.7168853643458143,1,0,-1.463478423224111,1,1.0,0.0,0.0,0
-1.6960084279290388,0,0.3556045723233631,0.7284708502912138,-1.0223976130812507,0.7168853643458143,0,0,0.5324725752019278,1,0.0,0.0,1.0,0
-1.370598140196762,0,-0.22970686858196498,-1.6994349900209527,-1.0223976130812507,0.7168853643458143,1,0,-0.03376180737861662,1,1.0,0.0,0.0,0
-1.150158913023284,0,-0.7174664026697384,1.422158233237547,-1.0223976130812507,0.7168853643458143,0,0,-0.007276211439552815,1,0.0,0.0,1.0,0
-0.9402167919056862,1,0.06294885187069905,0.03478346734488051,-1.0223976130812507,0.7168853643458143,0,0,1.1937873307502582,1,1.0,0.0,0.0,0
1.2746725858849723,1,-0.42481068221707435,0.03478346734488051,1.217599075409595,0.7168853643458143,0,0,-0.5510950207795609,0,1.0,0.0,0.0,0
-0.446852807279331,1,0.4531564791409178,1.0753145417643806,1.2444937142604913,-1.0457411022578735,1,1,1.1602514124445098,0,0.0,1.0,0.0,0
-2.199869518611274,1,0.2580526655058084,-0.6589039156014528,-1.0223976130812507,4.242138297553191,1,1,1.6963797023183163,1,1.0,0.0,0.0,1
-0.8142515192351274,1,-0.7174664026697384,0.38162715881804715,-1.0223976130812507,0.7168853643458143,1,0,-1.2763059577335467,1,1.0,0.0,0.0,0
-0.7512688828998481,1,-0.22970686858196498,0.7284708502912138,-1.0223976130812507,0.7168853643458143,1,0,-0.0942168860005818,1,1.0,0.0,0.0,0
0.991250722376215,1,-0.5223625890346291,-0.31206022412828616,0.2546436573823237,-1.0457411022578735,1,0,0.3094138526231881,0,0.0,0.0,1.0,0
-1.1816502311909238,0,-0.9125702163048478,-1.3525912985477861,0.8873354939893566,-1.0457411022578735,1,1,1.1177208116381232,0,1.0,0.0,0.0,0
-0.13193962560293407,0,0.06294885187069905,1.422158233237547,-1.0223976130812507,-1.0457411022578735,1,0,-1.6650794392795045,1,1.0,0.0,0.0,0
1.400637858555531,1,-0.6199144958521837,-0.6589039156014528,-1.0223976130812507,-1.0457411022578735,1,0,-0.15040537192029232,1,0.0,0.0,1.0,0
-1.0556849585203651,1,0.16050075868825375,0.03478346734488051,1.0057155244783684,-1.0457411022578735,1,1,-0.07962056562674615,0,1.0,0.0,0.0,0
-0.7932573071233676,0,-0.9125702163048478,1.0753145417643806,-1.0223976130812507,0.7168853643458143,1,0,-0.9191498851365741,1,0.0,0.0,1.0,0
-1.7694881703201981,1,0.4531564791409178,1.7690019247107138,0.7937593279975649,-1.0457411022578735,1,1,-1.2384363041029114,0,1.0,0.0,0.0,0
-0.7932573071233676,1,-0.7174664026697384,-0.6589039156014528,-1.0223976130812507,0.7168853643458143,0,0,-0.18517137083188778,1,1.0,0.0,0.0,0
0.41390988930282063,1,-0.03460305494685562,0.38162715881804715,1.2699824764889778,-1.0457411022578735,1,1,-1.590865848357841,0,0.0,1.0,0.0,0
-1.2026444433026837,1,-0.42481068221707435,1.0753145417643806,0.7277630207411485,-1.0457411022578735,0,1,0.7809282116602551,0,0.0,0.0,1.0,0
-0.5938122920616495,1,-0.3272587753995197,-0.31206022412828616,1.2929943637377652,0.7168853643458143,1,0,0.07569420013357786,0,1.0,0.0,0.0,0
-0.3838701709440516,1,-1.5954335640277306,-1.6994349900209527,-1.0223976130812507,-1.0457411022578735,1,0,-1.1645716119257274,1,1.0,0.0,0.0,0
-0.3313846406646521,0,-0.22970686858196498,1.0753145417643806,1.070702525717825,0.7168853643458143,0,0,1.7210925248257094,0,1.0,0.0,0.0,0
1.6315741917848887,1,0.5507083859584725,-0.31206022412828616,0.8307750543476061,0.7168853643458143,1,0,1.1333535920316105,0,1.0,0.0,0.0,0
-1.0976733827438847,0,0.3556045723233631,1.0753145417643806,0.6425246631368261,-1.0457411022578735,0,1,1.5121138010576178,0,0.0,1.0,0.0,1
0.6448462225321784,1,-0.42481068221707435,0.03478346734488051,0.812626392005305,0.7168853643458143,1,0,-1.1960996708730183,0,0.0,0.0,1.0,0
-1.58054026131436,1,-0.22970686858196498,0.03478346734488051,-1.0223976130812507,0.7168853643458143,1,0,1.119733181870453,1,1.0,0.0,0.0,0
-0.8772341555704068,1,-1.0101221231224025,1.0753145417643806,-1.0223976130812507,0.7168853643458143,0,0,-0.3826189130221232,1,0.0,0.0,1.0,0
-0.4258585951675712,1,-0.1321549617644103,1.422158233237547,-1.0223976130812507,-1.0457411022578735,1,0,0.20124309717419717,1,1.0,0.0,0.0,0
0.19347066212934275,0,-0.03460305494685562,0.38162715881804715,0.07398319587456598,-1.0457411022578735,0,0,0.6777308681502204,0,1.0,0.0,0.0,1
0.04651117734702419,1,-1.79053737766284,1.0753145417643806,-1.0223976130812507,-1.0457411022578735,1,0,0.18284515109721403,1,0.0,0.0,1.0,0
-1.6330257915937594,1,0.16050075868825375,-0.31206022412828616,1.0044647646281144,-1.0457411022578735,1,1,0.012495469226583206,0,1.0,0.0,0.0,0
0.6868346467556979,1,-0.1321549617644103,-1.0057476070746194,-1.0223976130812507,-1.0457411022578735,0,0,0.36769208761164696,1,1.0,0.0,0.0,0
-1.2236386554144434,1,0.2580526655058084,-0.6589039156014528,-1.0223976130812507,0.7168853643458143,1,0,0.371020071558241,1,1.0,0.0,0.0,0
-0.32088753460877223,0,-0.3272587753995197,-0.6589039156014528,-1.0223976130812507,-1.0457411022578735,0,0,-0.338718915005307,1,1.0,0.0,0.0,0
0.6973317528115779,1,-0.1321549617644103,-0.6589039156014528,0.5023781897212625,0.7168853643458143,1,0,0.37346635315802096,0,0.0,1.0,0.0,0
-2.0214187156613157,0,0.3556045723233631,-0.6589039156014528,0.35769467152757856,-1.0457411022578735,1,1,1.1171548704623444,0,0.0,1.0,0.0,0
1.5266031312260897,1,-0.1321549617644103,1.422158233237547,0.8391520043504794,-1.0457411022578735,0,1,0.34819227384386947,0,0.0,1.0,0.0,0
1.50560891911433,0,-0.03460305494685562,-1.0057476070746194,1.686755148863011,0.7168853643458143,1,0,-0.5493121846292532,0,1.0,0.0,0.0,0
-0.31039042855289234,0,-0.8150183094872931,-0.31206022412828616,0.2641376736519723,0.7168853643458143,1,0,0.5224508014196806,0,0.0,1.0,0.0,0
-1.2131415493585636,1,0.06294885187069905,0.7284708502912138,-1.0223976130812507,0.7168853643458143,1,0,-1.3860629793291186,1,1.0,0.0,0.0,0
1.5685915554496093,1,-0.42481068221707435,-1.0057476070746194,0.5263971279145175,0.7168853643458143,1,0,0.7633337216179227,0,0.0,1.0,0.0,0
0.6973317528115779,0,1.0384679200462459,-1.6994349900209527,1.4558548937565121,-1.0457411022578735,1,1,1.407889713256272,0,0.0,1.0,0.0,1
0.27744751057638195,1,-0.5223625890346291,1.0753145417643806,-1.0223976130812507,-1.0457411022578735,0,0,-0.453675412718879,1,1.0,0.0,0.0,0
-0.23691068616173305,1,-0.1321549617644103,0.03478346734488051,0.8355543583420539,0.7168853643458143,0,0,1.198299592583384,0,1.0,0.0,0.0,0
-1.9794302914377961,1,-0.9125702163048478,-1.3525912985477861,0.7765378226028569,0.7168853643458143,1,1,1.665510924936923,0,0.0,1.0,0.0,0
-0.27889911038525267,0,-1.4978816572101759,-0.31206022412828616,1.1998878971308213,-1.0457411022578735,0,1,1.2987315969147735,0,0.0,1.0,0.0,0
-0.5413267617822501,0,-0.7174664026697384,-1.3525912985477861,0.8781869870408663,-1.0457411022578735,1,1,1.455366834253532,0,0.0,1.0,0.0,0
-1.2866212917497228,1,-0.42481068221707435,0.03478346734488051,1.7255818595010635,-1.0457411022578735,0,1,-1.6390621067473772,0,0.0,0.0,1.0,0
-0.36287595883229185,0,-0.6199144958521837,0.38162715881804715,1.7012367411794422,0.7168853643458143,1,0,0.023323648461013154,0,1.0,0.0,0.0,0
-1.4335807765320414,1,-0.3272587753995197,1.422158233237547,0.6751547567189516,-1.0457411022578735,1,1,-1.2952202253737175,0,1.0,0.0,0.0,0
-1.685511321873159,1,-0.7174664026697384,0.03478346734488051,-1.0223976130812507,0.7168853643458143,1,0,-0.10410541550845792,1,1.0,0.0,0.0,0
-1.2026444433026837,1,0.06294885187069905,-0.6589039156014528,1.1536953143495277,-1.0457411022578735,1,1,-1.4809577124875597,0,1.0,0.0,0.0,1
-0.9087254737380465,0,-0.22970686858196498,-0.6589039156014528,-1.0223976130812507,0.7168853643458143,1,0,-0.13176713506205434,1,1.0,0.0,0.0,0
-1.381095246252642,0,-1.4978816572101759,0.03478346734488051,-1.0223976130812507,0.7168853643458143,1,0,1.0502613868639374,1,1.0,0.0,0.0,0
-0.4783441254469707,0,0.16050075868825375,1.0753145417643806,0.6014531889091871,0.7168853643458143,1,0,0.8266117398079742,0,1.0,0.0,0.0,0
-1.2026444433026837,1,-0.3272587753995197,-1.0057476070746194,1.7947441274602154,-1.0457411022578735,1,1,-1.342836142490114,0,0.0,0.0,1.0,0
-1.2341357614703234,1,0.06294885187069905,-0.6589039156014528,-1.0223976130812507,0.7168853643458143,1,0,-1.093391410187791,1,1.0,0.0,0.0,0
-0.35237885277641195,1,-1.0101221231224025,0.7284708502912138,-1.0223976130812507,-1.0457411022578735,0,0,0.5172403951072984,1,1.0,0.0,0.0,0
-0.8982283676821666,0,-0.5223625890346291,-1.3525912985477861,-1.0223976130812507,0.7168853643458143,1,0,0.052692039794541054,1,1.0,0.0,0.0,0
1.2326841616614526,1,-1.2052259367575118,-1.0057476070746194,0.4892208081876955,-1.0457411022578735,1,0,-1.2369900485415095,0,1.0,0.0,0.0,0
-0.5623209738940099,1,0.5507083859584725,1.422158233237547,-1.0223976130812507,-1.0457411022578735,1,0,0.6699450998472612,1,1.0,0.0,0.0,0
-1.265627079637963,1,-0.3272587753995197,1.0753145417643806,-1.0223976130812507,0.7168853643458143,1,0,-0.6051568031638033,1,1.0,0.0,0.0,0
0.6343491164762984,0,-0.5223625890346291,-1.6994349900209527,0.8425027199209859,-1.0457411022578735,1,1,-0.3158567652514489,0,0.0,1.0,0.0,0
-0.5098354436146104,1,-0.5223625890346291,1.422158233237547,0.42678751546928556,-1.0457411022578735,1,0,-0.5367306634198321,0,1.0,0.0,0.0,0
-2.60925665479059,1,0.16050075868825375,-0.6589039156014528,-1.0223976130812507,0.7168853643458143,0,0,0.4365245529943901,1,1.0,0.0,0.0,0
0.7393201770350974,1,0.06294885187069905,0.03478346734488051,0.27612886055375074,0.7168853643458143,0,0,1.409625705716371,0,0.0,1.0,0.0,0
0.22496198029698244,0,-0.3272587753995197,-0.31206022412828616,-1.0223976130812507,-1.0457411022578735,1,0,0.44769920204121466,1,1.0,0.0,0.0,0
1.6315741917848887,0,-1.4003297503926213,-1.3525912985477861,0.4671885888602527,-1.0457411022578735,0,0,-0.2856852648735678,0,0.0,0.0,1.0,0
0.3929156771910608,1,-0.8150183094872931,-1.0057476070746194,-1.0223976130812507,2.479511830949502,0,1,-1.4690562922619068,1,1.0,0.0,0.0,0
-0.21591647404997324,1,-0.3272587753995197,1.422158233237547,0.5155323497226976,-1.0457411022578735,0,0,1.2070600566329788,0,1.0,0.0,0.0,0
0.35092725296754124,1,-0.22970686858196498,0.7284708502912138,0.6138686515927516,0.7168853643458143,1,0,0.4174560481668291,0,1.0,0.0,0.0,0
-0.28939621644113256,0,-0.8150183094872931,-1.0057476070746194,-0.47451760322426184,-1.0457411022578735,1,0,-1.3904418233927245,0,0.0,0.0,1.0,0
-1.6015344734261199,0,0.7458121995935818,-1.0057476070746194,1.6154708576885024,-1.0457411022578735,1,1,1.1348133802146279,0,0.0,0.0,1.0,1
-1.2236386554144434,0,-0.7174664026697384,1.7690019247107138,0.8808632748595362,-1.0457411022578735,1,1,1.0117189190457883,0,0.0,0.0,1.0,0
1.5266031312260897,1,-0.7174664026697384,-1.3525912985477861,0.9912809665310649,-1.0457411022578735,1,1,1.525794067045153,0,0.0,1.0,0.0,0
-0.5203325496704903,1,-1.2052259367575118,-1.3525912985477861,-1.0223976130812507,-1.0457411022578735,1,0,-1.2126514550703378,1,1.0,0.0,0.0,0
-2.0634071398848355,0,-0.3272587753995197,1.0753145417643806,0.6325503164262944,0.7168853643458143,1,1,1.5549674498312944,0,0.0,1.0,0.0,0
-0.8772341555704068,1,-0.3272587753995197,1.422158233237547,-1.0223976130812507,0.7168853643458143,1,0,-1.5262319655789756,1,1.0,0.0,0.0,0
1.6945568281201682,1,0.4531564791409178,1.7690019247107138,0.6737632159145287,-1.0457411022578735,1,1,-0.36038446871705987,0,0.0,1.0,0.0,0
1.4846147070025701,0,0.06294885187069905,0.38162715881804715,0.9071029762279942,-1.0457411022578735,1,1,1.1196460873056946,0,0.0,1.0,0.0,0
0.3824185711351809,0,-0.42481068221707435,1.7690019247107138,0.7100789033322836,0.7168853643458143,0,0,0.9527961495790895,0,0.0,0.0,1.0,0
-1.2341357614703234,1,-0.8150183094872931,-1.6994349900209527,-1.0223976130812507,0.7168853643458143,1,0,1.062936248463478,1,1.0,0.0,0.0,0
-1.6540200037055193,0,-1.0101221231224025,-0.31206022412828616,1.2615496329036138,-1.0457411022578735,1,1,-1.3482602948259665,0,1.0,0.0,0.0,0
0.8652854497056562,0,-0.8150183094872931,0.38162715881804715,-1.0223976130812507,-1.0457411022578735,0,0,0.3971447975875503,1,1.0,0.0,0.0,0
-0.026968565044135095,0,-0.6199144958521837,-1.3525912985477861,0.8221043006142936,-1.0457411022578735,1,1,0.45854108739240923,0,0.0,1.0,0.0,0
-0.9717081100733259,1,-0.7174664026697384,-1.6994349900209527,0.7579365349960078,-1.0457411022578735,1,1,-0.21952063439577602,0,1.0,0.0,0.0,0
-1.1921473372468037,1,-1.5954335640277306,1.0753145417643806,-1.0223976130812507,0.7168853643458143,0,0,0.48359361340138934,1,1.0,0.0,0.0,0
0.16197934396170308,1,0.16050075868825375,-0.31206022412828616,0.41160105192237023,0.7168853643458143,1,0,1.5472051033734395,0,0.0,1.0,0.0,0
2.030464221908325,0,0.4531564791409178,1.0753145417643806,0.4634508062040847,0.7168853643458143,1,0,-0.7766316010751839,0,0.0,1.0,0.0,0
-0.27889911038525267,1,1.623779360951574,-1.0057476070746194,-1.0223976130812507,-1.0457411022578735,1,1,0.11257163500753677,1,1.0,0.0,0.0,1
-1.9269447611583965,0,-0.6199144958521837,0.03478346734488051,1.3390216819206864,0.7168853643458143,1,1,-0.46438856466957484,0,0.0,1.0,0.0,0
-0.7407717768439681,0,-0.03460305494685562,-1.0057476070746194,-1.0223976130812507,0.7168853643458143,1,0,-0.21765226513705044,1,1.0,0.0,0.0,0
0.4978867377498598,1,0.2580526655058084,1.422158233237547,-0.02246287201702954,0.7168853643458143,1,0,0.5089837609701687,0,0.0,1.0,0.0,0
-1.3391068220291222,1,0.4531564791409178,0.38162715881804715,0.4855427849525764,0.7168853643458143,0,0,-0.023681218740885305,0,1.0,0.0,0.0,0
0.7708114952027372,0,-0.22970686858196498,1.0753145417643806,1.3736054736642713,0.7168853643458143,1,0,-0.1367637953509665,0,1.0,0.0,0.0,0
-0.10044830743529438,1,1.33112364049891,0.7284708502912138,1.071809605234991,-1.0457411022578735,1,1,1.5804150242943662,0,0.0,1.0,0.0,1
1.1697015253261733,0,-0.22970686858196498,0.03478346734488051,1.8797105877525961,0.7168853643458143,1,0,-1.4289936599489157,0,1.0,0.0,0.0,0
0.3089388287440216,0,0.8433641064111366,0.38162715881804715,-1.0223976130812507,-1.0457411022578735,1,0,-1.1733983511222097,1,0.0,0.0,1.0,1
1.600082873617249,0,0.06294885187069905,0.03478346734488051,-1.0223976130812507,-1.0457411022578735,1,0,-0.38182569320125836,1,1.0,0.0,0.0,0
0.6448462225321784,1,-0.22970686858196498,1.422158233237547,-1.0223976130812507,-1.0457411022578735,1,0,-0.9334687867672858,1,1.0,0.0,0.0,0
-2.1788753064995143,0,-1.6929854708452852,0.7284708502912138,-1.0223976130812507,0.7168853643458143,0,0,1.3190889972036657,1,1.0,0.0,0.0,0
0.25645329846462217,1,-0.5223625890346291,1.7690019247107138,-1.0223976130812507,-1.0457411022578735,0,0,1.017076275749306,1,0.0,0.0,1.0,0
-1.4230836704761616,0,-0.9125702163048478,-1.0057476070746194,0.3823965745328205,-1.0457411022578735,1,1,-1.7127224216391328,0,0.0,1.0,0.0,0
-1.2131415493585636,1,-0.22970686858196498,0.03478346734488051,-1.0223976130812507,0.7168853643458143,1,0,0.4351645245220018,1,1.0,0.0,0.0,0
-0.4048643830558114,0,0.16050075868825375,-1.6994349900209527,-1.0223976130812507,-1.0457411022578735,1,0,0.335635388945595,1,1.0,0.0,0.0,0
-0.5098354436146104,1,-0.1321549617644103,0.03478346734488051,1.3308251377172062,0.7168853643458143,0,0,1.0562349983364212,0,1.0,0.0,0.0,0
1.0017478284320949,1,-0.03460305494685562,-0.6589039156014528,1.9269519403194664,-1.0457411022578735,1,1,-0.48850144095200115,0,0.0,1.0,0.0,0
0.5818635861968989,0,-0.9125702163048478,0.7284708502912138,1.3486350559558262,-1.0457411022578735,1,1,-0.25644682140658154,0,0.0,1.0,0.0,0
0.7393201770350974,0,1.0384679200462459,0.7284708502912138,0.5287182418156329,-1.0457411022578735,1,0,1.5743688918496337,0,0.0,0.0,1.0,1
-1.0136965342968456,1,1.0384679200462459,-0.31206022412828616,-1.0223976130812507,-1.0457411022578735,1,1,0.006271677749356005,1,1.0,0.0,0.0,1
-1.0556849585203651,1,0.7458121995935818,-0.6589039156014528,1.1000276494857184,-1.0457411022578735,1,1,0.15245105644326784,0,0.0,0.0,1.0,1
-1.0241936403527254,1,-1.0101221231224025,-0.6589039156014528,1.2503841246872704,-1.0457411022578735,1,1,-1.459204196735304,0,1.0,0.0,0.0,0
-1.1606560190791642,1,0.3556045723233631,0.7284708502912138,1.2177029698208526,-1.0457411022578735,1,1,-0.2215291877348294,0,0.0,0.0,1.0,0
-0.4888412315028506,1,-0.22970686858196498,0.7284708502912138,0.8374254242043271,-1.0457411022578735,0,1,-0.9912223724254089,0,0.0,1.0,0.0,0
0.5608693740851391,1,0.4531564791409178,1.422158233237547,1.0439647754817576,-1.0457411022578735,1,0,-1.157502725578108,0,1.0,0.0,0.0,1
-0.5728180799498898,1,-0.03460305494685562,-1.0057476070746194,0.1320057278744304,0.7168853643458143,0,0,0.6488420174083092,0,0.0,1.0,0.0,0
0.7393201770350974,0,-0.7174664026697384,-0.6589039156014528,0.31018061626573357,0.7168853643458143,1,0,-0.6853249210915692,0,0.0,1.0,0.0,0
-0.6358007162851692,0,-0.8150183094872931,-1.3525912985477861,-1.0223976130812507,0.7168853643458143,1,0,-1.5890111852158804,1,0.0,0.0,1.0,0
-2.409811639728872,1,-0.9125702163048478,-1.3525912985477861,1.2540265499923309,-1.0457411022578735,1,1,-0.10191642721452725,0,1.0,0.0,0.0,0
-0.9297196858498064,1,-0.5223625890346291,0.7284708502912138,-1.0223976130812507,0.7168853643458143,1,0,0.7588157344448824,1,1.0,0.0,0.0,0
0.5188809498616196,1,-0.22970686858196498,1.422158233237547,-0.07895292118169545,0.7168853643458143,1,0,-1.0225734663208008,0,0.0,1.0,0.0,0
-0.05845988321177479,1,-1.4978816572101759,-0.31206022412828616,0.840228640388998,0.7168853643458143,1,0,-0.5085619910410898,0,0.0,0.0,1.0,0
0.5818635861968989,0,-0.9125702163048478,0.7284708502912138,0.23270776186562805,-1.0457411022578735,1,0,0.39615830417078796,0,0.0,0.0,1.0,0
-0.5833151860057697,1,0.7458121995935818,-1.0057476070746194,0.5849225410801894,-1.0457411022578735,1,1,-1.1629332972344704,0,1.0,0.0,0.0,1
1.0227420405438548,1,0.06294885187069905,0.38162715881804715,1.7188844552752152,0.7168853643458143,1,0,-0.17558316142679312,0,0.0,0.0,1.0,0
0.32993304085578146,1,-1.2052259367575118,1.0753145417643806,1.3314694441436088,-1.0457411022578735,1,1,1.3113309881245339,0,0.0,1.0,0.0,0
1.2221870556055727,0,-0.22970686858196498,-0.31206022412828616,0.6827385655109234,-1.0457411022578735,0,1,-1.653723834792356,0,0.0,1.0,0.0,0
-1.2236386554144434,1,0.06294885187069905,-1.0057476070746194,-1.0223976130812507,0.7168853643458143,1,0,-0.30739332489680626,1,0.0,0.0,1.0,0
-0.7617659889557279,1,-1.0101221231224025,1.7690019247107138,-1.0223976130812507,0.7168853643458143,1,0,-1.3858669298108384,1,1.0,0.0,0.0,0
-0.11094541349117427,1,0.06294885187069905,1.422158233237547,0.7748051215456538,-1.0457411022578735,1,1,-1.194949571530824,0,0.0,1.0,0.0,0
0.10949381368230357,0,0.3556045723233631,1.7690019247107138,0.015004352061313479,0.7168853643458143,0,0,-1.278507264183051,0,0.0,1.0,0.0,0
1.914996055293646,0,-0.5223625890346291,1.7690019247107138,0.1952195978284269,-1.0457411022578735,1,0,-0.6426119768836674,0,0.0,0.0,1.0,0
-0.7197775647322083,1,0.2580526655058084,-1.0057476070746194,1.093206055196181,0.7168853643458143,0,1,-1.607929963729923,0,0.0,1.0,0.0,0
-0.27889911038525267,1,-0.6199144958521837,-0.31206022412828616,0.2989782215064785,-1.0457411022578735,0,0,0.8087101633520533,0,0.0,0.0,1.0,0
-1.5700431552584801,1,-0.6199144958521837,0.7284708502912138,-1.0223976130812507,0.7168853643458143,1,0,-0.5514964885541632,1,0.0,0.0,1.0,0
0.004522753123504598,1,-0.9125702163048478,0.7284708502912138,0.3288584152607179,-1.0457411022578735,1,0,0.9255273965377981,0,0.0,0.0,1.0,0
-1.6435228976496394,0,-0.42481068221707435,-0.31206022412828616,-1.0223976130812507,0.7168853643458143,1,0,-1.5073197798805922,1,1.0,0.0,0.0,0
0.35092725296754124,0,1.5262274541340193,-1.3525912985477861,1.2975533149343832,-1.0457411022578735,1,1,0.15644769069380188,0,0.0,1.0,0.0,1
-1.2866212917497228,1,-0.3272587753995197,-0.31206022412828616,-1.0223976130812507,0.7168853643458143,0,0,-1.5644484360123032,1,0.0,0.0,1.0,0
-0.6253036102292893,1,0.4531564791409178,-1.0057476070746194,0.3493671720429317,-1.0457411022578735,0,1,-1.6414294480543983,0,0.0,0.0,1.0,1
0.781308601258617,0,-0.5223625890346291,0.03478346734488051,1.1906018307602941,0.7168853643458143,1,0,1.132698994834733,0,0.0,0.0,1.0,0
-0.3838701709440516,0,-1.3027778435750665,-1.3525912985477861,1.195820712814155,-1.0457411022578735,1,1,-0.4080009063189033,0,0.0,1.0,0.0,0
-1.1291647009115244,1,-1.3027778435750665,0.38162715881804715,2.1002044886896605,-1.0457411022578735,0,1,-1.3552313299095946,0,0.0,0.0,1.0,0
-2.294343473114193,0,-0.22970686858196498,-0.31206022412828616,-1.0223976130812507,0.7168853643458143,1,0,-0.6123183359209462,1,1.0,0.0,0.0,0
-1.2236386554144434,1,0.5507083859584725,-0.6589039156014528,1.621079545130337,0.7168853643458143,1,1,-1.5196929334161595,0,0.0,1.0,0.0,0
1.705053934176048,0,0.06294885187069905,1.422158233237547,1.1215790551424585,-1.0457411022578735,1,0,-1.2607397994772453,0,1.0,0.0,0.0,1
0.4244069953587005,1,2.4041946154920115,0.7284708502912138,1.3674641058844084,-1.0457411022578735,0,0,0.33221666703611535,0,1.0,0.0,0.0,1
-0.7722630950116078,0,-1.1076740299399572,-1.3525912985477861,0.9976090220979779,-1.0457411022578735,1,1,0.1920731845731497,0,1.0,0.0,0.0,0
0.991250722376215,0,-0.1321549617644103,1.422158233237547,1.9351889147512034,0.7168853643458143,0,0,-0.867105677839129,0,1.0,0.0,0.0,0
1.0227420405438548,1,2.599298429127121,-1.3525912985477861,1.1712473489409803,-1.0457411022578735,1,1,0.3784966715058237,0,0.0,1.0,0.0,1
-0.7512688828998481,0,0.4531564791409178,-1.0057476070746194,-1.0223976130812507,0.7168853643458143,1,0,-0.17889206090700607,1,1.0,0.0,0.0,0
-0.6882862465645686,0,-0.03460305494685562,-1.0057476070746194,1.269549824723648,-1.0457411022578735,0,1,0.3456932497188178,0,1.0,0.0,0.0,0
1.0227420405438548,0,0.6482602927760271,0.38162715881804715,-1.0223976130812507,-1.0457411022578735,1,0,-0.44817145261452335,1,1.0,0.0,0.0,1
-0.20541936799409335,1,0.16050075868825375,1.422158233237547,1.4631701878452807,-1.0457411022578735,1,1,0.44450411537869355,0,0.0,1.0,0.0,1
0.5503722680292593,1,-1.4978816572101759,1.0753145417643806,0.1585200648571426,0.7168853643458143,1,0,-0.6292172839112555,0,0.0,1.0,0.0,0
0.4768925256381,1,-0.22970686858196498,1.422158233237547,0.436319867971305,0.7168853643458143,1,0,1.2934975952621381,0,0.0,1.0,0.0,0
0.7603143891468572,0,0.06294885187069905,-1.3525912985477861,1.0959733512975804,-1.0457411022578735,1,1,1.6308785172899964,0,0.0,1.0,0.0,0
-0.7302746707880883,1,-0.03460305494685562,-1.6994349900209527,-1.0223976130812507,0.7168853643458143,1,0,-0.9073702585054638,1,1.0,0.0,0.0,0
-1.1921473372468037,1,-1.4978816572101759,0.03478346734488051,-1.0223976130812507,0.7168853643458143,1,0,0.3143520450469141,1,0.0,0.0,1.0,0
-2.1263897762201145,1,-0.42481068221707435,-0.31206022412828616,-1.0223976130812507,0.7168853643458143,1,0,1.7194082339199888,1,1.0,0.0,0.0,0
1.9464873734612858,0,0.5507083859584725,-1.0057476070746194,0.7921638642091855,0.7168853643458143,1,0,0.4672462064894984,0,0.0,0.0,1.0,0
1.4216320706672907,0,0.16050075868825375,0.7284708502912138,-1.0223976130812507,-1.0457411022578735,1,0,0.7276141933678603,1,0.0,0.0,1.0,0
-0.6672920344528088,0,-0.03460305494685562,0.03478346734488051,1.2754896856686537,0.7168853643458143,0,1,0.6180504453681854,0,0.0,1.0,0.0,0
-2.56726823056707,1,-0.9125702163048478,0.03478346734488051,-1.0223976130812507,0.7168853643458143,0,0,-1.5129311334821296,1,1.0,0.0,0.0,0
-0.446852807279331,0,-1.1076740299399572,1.422158233237547,0.6916921697654268,0.7168853643458143,0,0,-0.3853813027832364,0,1.0,0.0,0.0,0
0.41390988930282063,1,-0.6199144958521837,1.0753145417643806,0.6070692858749253,-1.0457411022578735,1,1,0.28111315043611745,0,0.0,1.0,0.0,0
0.6763375406998181,0,-0.22970686858196498,-0.6589039156014528,0.028676695506182768,0.7168853643458143,1,0,-1.2313962179500129,0,0.0,1.0,0.0,0
-1.6435228976496394,0,1.1360198268638007,0.03478346734488051,-1.0223976130812507,4.242138297553191,1,1,-0.2749422717572577,1,0.0,0.0,1.0,1
0.5398751619733794,1,-0.03460305494685562,1.0753145417643806,0.5825840309055611,-1.0457411022578735,1,0,-1.5143418225380028,0,0.0,0.0,1.0,0
-0.5413267617822501,0,1.2335717336813552,-0.6589039156014528,1.1712850408669249,-1.0457411022578735,1,1,-0.5656465794049752,0,1.0,0.0,0.0,1
-0.25790489827349283,0,-0.03460305494685562,0.38162715881804715,0.3720387044219725,0.7168853643458143,1,0,-0.028153056204312753,0,0.0,1.0,0.0,0
-2.0948984580524748,0,-0.03460305494685562,0.7284708502912138,1.6272640814407684,-1.0457411022578735,1,1,1.1036661431192174,0,1.0,0.0,0.0,0
-0.07945409532353459,0,-0.03460305494685562,1.0753145417643806,-1.0223976130812507,-1.0457411022578735,1,0,0.07021210041798606,1,0.0,0.0,1.0,0
0.13048802579406338,0,0.2580526655058084,-1.6994349900209527,1.3972856677538454,0.7168853643458143,0,0,0.1409720969052367,0,1.0,0.0,0.0,0
-0.7617659889557279,1,-0.7174664026697384,0.03478346734488051,-1.0223976130812507,0.7168853643458143,1,0,-1.1839194439430503,1,1.0,0.0,0.0,0
0.9702565102644553,1,-1.4003297503926213,-1.3525912985477861,-1.0223976130812507,2.479511830949502,1,1,-0.898749631545899,1,1.0,0.0,0.0,0
-2.514782700287671,1,-0.42481068221707435,0.7284708502912138,-1.0223976130812507,0.7168853643458143,1,0,-0.7756936863001195,1,1.0,0.0,0.0,0
-1.2131415493585636,1,-0.1321549617644103,1.422158233237547,2.397484735529498,-1.0457411022578735,0,1,0.851877317859829,0,1.0,0.0,0.0,0
0.9702565102644553,1,0.3556045723233631,1.422158233237547,2.557813946675516,-1.0457411022578735,0,0,0.024206738769018958,0,0.0,0.0,1.0,1
0.04651117734702419,0,-0.7174664026697384,-0.6589039156014528,1.1693366582334837,0.7168853643458143,1,0,-0.5924113290386521,0,1.0,0.0,0.0,0
1.3376552222202516,0,0.3556045723233631,-1.0057476070746194,0.7341756415265268,0.7168853643458143,1,0,-1.6187801768482657,0,0.0,0.0,1.0,0
2.030464221908325,0,1.623779360951574,0.7284708502912138,-1.0223976130812507,-1.0457411022578735,0,0,1.2500197109426456,1,0.0,0.0,1.0,1
0.22496198029698244,0,-0.1321549617644103,-1.0057476070746194,0.8039384030750861,-1.0457411022578735,1,1,0.6143523962689438,0,0.0,1.0,0.0,0
-1.968933185381916,1,-0.3272587753995197,0.03478346734488051,-1.0223976130812507,0.7168853643458143,1,0,1.5055346915154013,1,0.0,0.0,1.0,0
-0.37337306488817174,1,-0.3272587753995197,0.7284708502912138,0.3889441775145299,-1.0457411022578735,1,0,-1.7274958805600165,0,1.0,0.0,0.0,0
0.8127999194262567,0,-0.8150183094872931,0.7284708502912138,0.9594950754441333,-1.0457411022578735,1,1,-0.40269178126678534,0,0.0,1.0,0.0,0
-2.3363318973377125,1,0.2580526655058084,-0.31206022412828616,0.7192998947537442,-1.0457411022578735,0,1,-0.7448059979474941,0,1.0,0.0,0.0,0
1.096221782935014,1,-0.7174664026697384,0.7284708502912138,-1.0223976130812507,2.479511830949502,1,1,1.1621497963639982,1,1.0,0.0,0.0,0
-0.6987833526204486,0,1.2335717336813552,-0.6589039156014528,1.4736936447077138,2.479511830949502,0,1,1.5999490166064811,0,0.0,0.0,1.0,1
-0.8562399434586471,0,-0.8150183094872931,1.0753145417643806,-1.0223976130812507,0.7168853643458143,1,0,1.485604609778301,1,0.0,0.0,1.0,0
0.5293780559174995,0,1.33112364049891,0.7284708502912138,-1.0223976130812507,-1.0457411022578735,1,0,0.17306505605741324,1,0.0,0.0,1.0,1
-0.07945409532353459,0,-0.22970686858196498,0.38162715881804715,0.3726448356926108,-1.0457411022578735,0,0,-1.386027065833292,0,0.0,0.0,1.0,0
-1.0976733827438847,1,-0.9125702163048478,1.7690019247107138,-1.0223976130812507,0.7168853643458143,1,0,-1.5185471714526881,1,1.0,0.0,0.0,0
-0.36287595883229185,1,-0.7174664026697384,0.7284708502912138,-1.0223976130812507,-1.0457411022578735,1,0,-1.1156577776002559,1,1.0,0.0,0.0,0
0.25645329846462217,1,-0.7174664026697384,-0.31206022412828616,0.5454929207036308,0.7168853643458143,0,0,-0.8932718692090301,0,0.0,1.0,0.0,0
-0.9402167919056862,1,0.5507083859584725,1.422158233237547,-1.0223976130812507,0.7168853643458143,1,0,-0.20882674040661067,1,0.0,0.0,1.0,0
-0.5623209738940099,1,-1.4003297503926213,-1.3525912985477861,1.6377685312636232,0.7168853643458143,1,0,-1.3507522056499126,0,0.0,0.0,1.0,0
-2.0948984580524748,0,-0.03460305494685562,0.38162715881804715,-1.0223976130812507,0.7168853643458143,1,0,1.2752844215187555,1,0.0,0.0,1.0,0
-0.656794928396929,0,-0.6199144958521837,-0.31206022412828616,0.9117292574461715,0.7168853643458143,1,1,1.0973252424164692,0,0.0,1.0,0.0,0
-1.5175576249790805,1,-1.4003297503926213,0.38162715881804715,-1.0223976130812507,0.7168853643458143,1,0,-1.0766987479295482,1,1.0,0.0,0.0,0
0.8547883436497763,1,-0.7174664026697384,1.422158233237547,0.3092895404780187,-1.0457411022578735,1,0,-1.0018111283543285,0,1.0,0.0,0.0,0
-0.4258585951675712,0,0.4531564791409178,0.7284708502912138,0.5236834703231167,-1.0457411022578735,0,1,0.26976639420156373,0,0.0,1.0,0.0,1
-0.3313846406646521,0,-1.0101221231224025,-0.6589039156014528,-1.0223976130812507,-1.0457411022578735,0,0,1.4561933651429897,1,1.0,0.0,0.0,0
1.7995278886789672,1,-0.42481068221707435,1.0753145417643806,1.062470705737499,0.7168853643458143,0,0,-1.0684150485491872,0,1.0,0.0,0.0,0
-1.58054026131436,0,0.2580526655058084,-1.3525912985477861,-1.0223976130812507,0.7168853643458143,1,0,-1.1788528651091232,1,1.0,0.0,0.0,0
1.4846147070025701,0,-0.9125702163048478,1.0753145417643806,0.26950297434123316,0.7168853643458143,1,0,-0.5116439588665146,0,0.0,1.0,0.0,0
-0.7407717768439681,1,0.7458121995935818,1.0753145417643806,0.7006220957587599,-1.0457411022578735,1,1,-0.35300415857712814,0,0.0,1.0,0.0,1
-0.7827602010674878,1,-0.6199144958521837,-1.3525912985477861,0.41019549745317285,-1.0457411022578735,1,1,-1.5555415420570193,0,0.0,1.0,0.0,0
-1.3496039280850023,1,-0.22970686858196498,0.7284708502912138,-1.0223976130812507,0.7168853643458143,1,0,-0.6797028107907984,1,0.0,0.0,1.0,0
-2.5567711245111906,1,-0.42481068221707435,1.422158233237547,-1.0223976130812507,0.7168853643458143,0,0,-1.616617906807269,1,1.0,0.0,0.0,0
-1.1291647009115244,0,1.33112364049891,-1.3525912985477861,-1.0223976130812507,-1.0457411022578735,0,1,-1.5801514819411029,1,1.0,0.0,0.0,1
-1.0766791706321248,1,-0.5223625890346291,-0.6589039156014528,0.8688664502765266,-1.0457411022578735,1,1,-1.5084860142716359,0,1.0,0.0,0.0,0
-1.8534650187672372,1,0.06294885187069905,0.03478346734488051,0.9367272192543452,-1.0457411022578735,1,1,-0.29972119591639,0,0.0,0.0,1.0,0
-1.4860663068114408,1,-0.3272587753995197,1.7690019247107138,1.8169633567279218,-1.0457411022578735,0,1,0.3741278901608551,0,0.0,0.0,1.0,0
1.6735626160084083,0,0.16050075868825375,1.422158233237547,0.7333899098395289,-1.0457411022578735,1,1,-0.3492986491864828,0,0.0,1.0,0.0,0
-0.16343094377057377,0,0.9409160132286912,-0.6589039156014528,1.350928142527393,-1.0457411022578735,1,1,1.0018477390528036,0,1.0,0.0,0.0,1
-1.3915923523085219,0,-0.22970686858196498,1.7690019247107138,-1.0223976130812507,0.7168853643458143,1,0,0.17177685457667807,1,1.0,0.0,0.0,0
-0.10044830743529438,0,0.5507083859584725,0.03478346734488051,-1.0223976130812507,2.479511830949502,1,1,1.292393298639259,1,0.0,0.0,1.0,1
0.7078288588674577,0,-1.0101221231224025,0.03478346734488051,-1.0223976130812507,-1.0457411022578735,1,0,-0.7002599039960978,1,1.0,0.0,0.0,0
-1.3286097159732424,0,0.6482602927760271,-1.3525912985477861,-1.0223976130812507,-1.0457411022578735,0,1,1.5779432389076955,1,1.0,0.0,0.0,1
1.6315741917848887,1,0.06294885187069905,0.03478346734488051,0.8417533915470798,2.479511830949502,1,1,1.4900757532611326,0,0.0,1.0,0.0,1
-0.5938122920616495,1,-0.8150183094872931,-1.0057476070746194,0.9065752892647706,-1.0457411022578735,1,1,-1.3508453725448828,0,0.0,1.0,0.0,0
-1.9374418672142766,1,-1.8880892844803947,1.422158233237547,-1.0223976130812507,0.7168853643458143,1,0,-1.6700679452964176,1,1.0,0.0,0.0,0
-1.6750142158172792,1,0.5507083859584725,-1.0057476070746194,0.9306568862579933,-1.0457411022578735,0,1,-0.34737562895584734,0,0.0,0.0,1.0,0
0.9807536163203351,0,-0.3272587753995197,-0.6589039156014528,-1.0223976130812507,-1.0457411022578735,1,0,1.5928050068593793,1,1.0,0.0,0.0,0
2.030464221908325,1,3.1846098700324488,1.7690019247107138,0.09882668521700975,-1.0457411022578735,1,0,-0.03157975889064291,0,0.0,0.0,1.0,1
0.5188809498616196,1,1.8188831745866834,0.7284708502912138,-1.0223976130812507,-1.0457411022578735,1,0,-1.4187123374238833,1,0.0,0.0,1.0,1
-0.7722630950116078,0,0.16050075868825375,-0.31206022412828616,-0.12397045011783704,0.7168853643458143,1,0,-1.262926358839091,0,1.0,0.0,0.0,0
-1.1186675948556444,0,-0.8150183094872931,-0.31206022412828616,-1.0223976130812507,0.7168853643458143,1,0,-0.1821234080556515,1,1.0,0.0,0.0,0
0.18297355607346286,1,-0.1321549617644103,-0.6589039156014528,-1.0223976130812507,-1.0457411022578735,1,0,1.0121063337133276,1,1.0,0.0,0.0,0
0.8232970254821367,1,0.06294885187069905,-1.3525912985477861,-0.04989792288307109,-1.0457411022578735,1,0,-1.0321203838804527,0,0.0,0.0,1.0,0
-0.6987833526204486,1,-0.22970686858196498,-1.3525912985477861,-1.0223976130812507,0.7168853643458143,1,0,-0.8819932965680024,1,1.0,0.0,0.0,0
1.4531233888349304,0,-0.5223625890346291,1.422158233237547,1.0854900025101903,-1.0457411022578735,1,1,0.2640873774919472,0,0.0,1.0,0.0,0
1.3061639040526118,1,-0.5223625890346291,-0.6589039156014528,0.4156376316837822,-1.0457411022578735,1,0,-1.6092474858908257,0,1.0,0.0,0.0,0
-0.22641358010585316,0,-0.9125702163048478,1.0753145417643806,1.2052425667640465,0.7168853643458143,1,0,0.7176089016247604,0,0.0,0.0,1.0,0
1.4111349646114109,0,-0.7174664026697384,1.7690019247107138,0.19371852493151567,-1.0457411022578735,1,0,-1.3450986927271873,0,1.0,0.0,0.0,0
-1.8009794884878378,0,-1.6929854708452852,0.03478346734488051,0.8003004879150104,-1.0457411022578735,1,1,-0.7906539994963905,0,0.0,0.0,1.0,0
-0.7932573071233676,1,-1.3027778435750665,0.03478346734488051,0.2321721821486809,0.7168853643458143,1,0,0.8779874702966285,0,1.0,0.0,0.0,0
0.5608693740851391,1,-0.1321549617644103,0.38162715881804715,1.1649523140784206,-1.0457411022578735,0,1,-0.9228208689925844,0,0.0,1.0,0.0,0
-1.5175576249790805,0,-0.8150183094872931,0.38162715881804715,-1.0223976130812507,0.7168853643458143,1,0,-0.1888720223583634,1,1.0,0.0,0.0,0
-2.0529100338289554,0,-0.42481068221707435,0.03478346734488051,0.0030793676448479176,-1.0457411022578735,0,1,1.1809931044882604,0,0.0,1.0,0.0,0
-1.58054026131436,1,0.4531564791409178,-1.0057476070746194,-1.0223976130812507,0.7168853643458143,1,0,0.10158123780886598,1,1.0,0.0,0.0,0
-0.9192225797939264,0,-0.8150183094872931,-0.6589039156014528,1.2250757682581774,-1.0457411022578735,1,1,-1.153451960841111,0,0.0,0.0,1.0,0
-3.218088806031624,0,0.16050075868825375,-1.6994349900209527,0.7671449624421536,-1.0457411022578735,1,1,1.2597066390874763,0,1.0,0.0,0.0,1
-0.8772341555704068,1,0.5507083859584725,1.422158233237547,-1.0223976130812507,0.7168853643458143,1,0,0.1285696226895015,1,0.0,0.0,1.0,0
-1.7484939582084382,1,-0.7174664026697384,-0.6589039156014528,1.3174048791616668,-1.0457411022578735,0,1,0.24902036477909004,0,0.0,0.0,1.0,0
1.6525684038966486,0,-0.7174664026697384,0.38162715881804715,0.3914123543574718,-1.0457411022578735,1,0,1.5406861966478986,0,1.0,0.0,0.0,0
1.0332391465997346,1,-0.03460305494685562,-0.31206022412828616,0.767113713580473,-1.0457411022578735,1,1,-1.3871063791547267,0,0.0,1.0,0.0,0
-2.4308058518406317,1,0.16050075868825375,1.422158233237547,1.6639832657580582,0.7168853643458143,0,1,1.2653568556023724,0,0.0,1.0,0.0,0
-0.8982283676821666,1,0.5507083859584725,1.422158233237547,-1.0223976130812507,0.7168853643458143,0,0,-1.0631827818480408,1,1.0,0.0,0.0,0
1.0437362526556144,1,-0.22970686858196498,-1.0057476070746194,1.181382289028293,-1.0457411022578735,1,1,1.2201625837746088,0,0.0,1.0,0.0,0
-0.3313846406646521,0,0.06294885187069905,1.7690019247107138,1.0691057733165927,-1.0457411022578735,1,1,-0.05671087820208377,0,0.0,1.0,0.0,0
-0.24740779221761294,1,-1.3027778435750665,-1.3525912985477861,-1.0223976130812507,-1.0457411022578735,1,0,0.015360741611006163,1,1.0,0.0,0.0,0
0.4768925256381,1,0.5507083859584725,1.422158233237547,-1.0223976130812507,-1.0457411022578735,0,0,-0.7027629185095746,1,0.0,0.0,1.0,1
-1.8429679127113574,0,-1.0101221231224025,1.7690019247107138,-1.0223976130812507,0.7168853643458143,1,0,0.7894437005595736,1,1.0,0.0,0.0,0
-1.8639621248231173,1,-0.3272587753995197,-0.31206022412828616,1.0058948027415149,-1.0457411022578735,1,1,-1.376166469044392,0,0.0,0.0,1.0,0
-1.1291647009115244,0,-1.3027778435750665,0.03478346734488051,-1.0223976130812507,0.7168853643458143,0,0,1.581307309845265,1,1.0,0.0,0.0,0
-1.8954534429907568,0,-0.42481068221707435,1.7690019247107138,-1.0223976130812507,0.7168853643458143,1,0,-1.2743674964346574,1,1.0,0.0,0.0,0
-1.6750142158172792,1,-1.4003297503926213,-0.6589039156014528,-1.0223976130812507,0.7168853643458143,1,0,-0.4046531439253323,1,0.0,0.0,1.0,0
0.886279661817416,1,-0.3272587753995197,0.38162715881804715,0.17555311062212797,-1.0457411022578735,0,0,-0.002046200175342565,0,0.0,0.0,1.0,0
-0.4573499133352109,1,0.16050075868825375,-0.31206022412828616,-1.0223976130812507,-1.0457411022578735,0,0,0.8954367448993138,1,1.0,0.0,0.0,0
0.025516965235264394,1,-0.22970686858196498,0.38162715881804715,0.9723990834755175,0.7168853643458143,1,0,-0.049977184482179055,0,1.0,0.0,0.0,0
0.7288230709792175,1,-0.22970686858196498,-1.0057476070746194,-1.0223976130812507,-1.0457411022578735,1,0,1.65651069059152,1,0.0,0.0,1.0,0
-0.22641358010585316,1,1.4286755473164647,1.0753145417643806,0.8622880816629563,-1.0457411022578735,0,1,0.41522524754200874,0,0.0,1.0,0.0,1
-0.8142515192351274,0,-0.03460305494685562,-0.31206022412828616,1.8083523624156574,-1.0457411022578735,1,1,1.620738593311334,0,1.0,0.0,0.0,0
1.0437362526556144,1,0.16050075868825375,-1.3525912985477861,0.5041754824977125,-1.0457411022578735,1,0,0.2527133825190131,0,1.0,0.0,0.0,0
1.6420712978407686,1,-0.9125702163048478,0.38162715881804715,-1.0223976130812507,-1.0457411022578735,1,0,-1.1408995868167082,1,1.0,0.0,0.0,0
-0.5623209738940099,0,0.06294885187069905,1.422158233237547,0.2141823413404878,-1.0457411022578735,0,0,-0.8933072622194099,0,1.0,0.0,0.0,0
0.5818635861968989,1,-1.1076740299399572,1.7690019247107138,-1.0223976130812507,-1.0457411022578735,1,0,-0.0896749564969903,1,0.0,0.0,1.0,0
-0.12144251954705418,0,-0.7174664026697384,-1.3525912985477861,1.0543297329632957,-1.0457411022578735,1,1,-1.6805364690871352,0,0.0,1.0,0.0,0
-1.1921473372468037,0,-0.22970686858196498,-0.6589039156014528,-1.0223976130812507,0.7168853643458143,0,0,-1.278555495834451,1,1.0,0.0,0.0,0
-0.04796277715589489,1,-1.0101221231224025,1.0753145417643806,1.5036653299745026,0.7168853643458143,1,0,1.7095849385881063,0,0.0,0.0,1.0,0
1.5895857675613692,1,0.06294885187069905,-0.6589039156014528,0.978446543593732,-1.0457411022578735,0,1,1.2444590179245927,0,0.0,1.0,0.0,0
-0.7617659889557279,1,-0.03460305494685562,-1.3525912985477861,0.8354849343246091,-1.0457411022578735,0,1,1.2824641712665354,0,1.0,0.0,0.0,0
0.8232970254821367,0,-1.6929854708452852,-1.3525912985477861,1.8563343452196777,0.7168853643458143,1,0,-1.3415618206212927,0,1.0,0.0,0.0,0
0.19347066212934275,0,-1.6929854708452852,1.0753145417643806,0.5621654770230435,-1.0457411022578735,1,0,-1.4141695404445473,0,1.0,0.0,0.0,0
0.28794461663226184,0,1.7213312677691288,-0.6589039156014528,1.0327140577405223,2.479511830949502,1,1,-0.3317248050668723,0,0.0,1.0,0.0,1
0.22496198029698244,1,1.623779360951574,-0.31206022412828616,1.0659108188246689,-1.0457411022578735,1,1,1.464498404426668,0,0.0,1.0,0.0,1
0.896776767873296,1,-0.5223625890346291,-1.3525912985477861,1.1994600776636901,-1.0457411022578735,1,1,-0.8384415033150697,0,0.0,1.0,0.0,0
0.6448462225321784,0,0.4531564791409178,-1.6994349900209527,0.4779245057667922,-1.0457411022578735,1,0,1.1770127787817246,0,1.0,0.0,0.0,0
-1.4230836704761616,1,-0.03460305494685562,0.38162715881804715,-1.0223976130812507,0.7168853643458143,1,0,-0.8372797797978977,1,1.0,0.0,0.0,0
0.7078288588674577,0,-0.5223625890346291,1.422158233237547,0.8988990225006103,-1.0457411022578735,1,1,1.6904435657979988,0,0.0,1.0,0.0,0
-0.5623209738940099,1,-1.2052259367575118,-0.31206022412828616,0.736017230369792,-1.0457411022578735,1,1,-0.11924217327118126,0,0.0,1.0,0.0,0
-1.066182064576245,1,-0.5223625890346291,-1.3525912985477861,-0.11900445833633912,0.7168853643458143,0,0,1.3720780590821322,0,0.0,0.0,1.0,0
-0.20541936799409335,0,0.06294885187069905,1.422158233237547,1.1979435414125446,-1.0457411022578735,1,1,0.31071576022068814,0,0.0,1.0,0.0,1
0.26695040452050206,1,-1.4003297503926213,1.422158233237547,-0.08928389149924103,0.7168853643458143,0,0,-0.8081284308956693,0,0.0,1.0,0.0,0
-0.29989332249701245,1,-1.1076740299399572,0.03478346734488051,0.5211429700838113,0.7168853643458143,1,0,0.97648882061083,0,0.0,1.0,0.0,0
1.9989729037406851,0,-0.3272587753995197,0.03478346734488051,0.7775276383504177,-1.0457411022578735,1,1,1.4551130108506616,0,0.0,1.0,0.0,0
0.5503722680292593,0,-0.3272587753995197,-1.3525912985477861,0.7788781046201577,0.7168853643458143,1,0,-1.5100832106125988,0,0.0,0.0,1.0,0
-0.5413267617822501,1,-1.8880892844803947,1.0753145417643806,1.6536208855022254,-1.0457411022578735,1,1,0.14367792724780187,0,0.0,1.0,0.0,0
0.19347066212934275,1,0.16050075868825375,0.7284708502912138,0.8011322875114961,0.7168853643458143,1,0,-1.1300823377766602,0,1.0,0.0,0.0,0
0.07800249551466389,0,-0.42481068221707435,0.7284708502912138,0.4904414467125151,-1.0457411022578735,0,0,1.391437515274433,0,1.0,0.0,0.0,0
1.5161060251702099,1,0.4531564791409178,-0.31206022412828616,1.534098821872415,0.7168853643458143,0,0,-0.0195610559443199,0,1.0,0.0,0.0,0
-0.43635570122345113,1,0.3556045723233631,-0.31206022412828616,-1.0223976130812507,2.479511830949502,0,1,0.35752978275877395,1,0.0,0.0,1.0,0
0.8652854497056562,0,0.16050075868825375,1.0753145417643806,-1.0223976130812507,-1.0457411022578735,1,0,1.1679155606480756,1,0.0,0.0,1.0,0
0.5818635861968989,1,-1.0101221231224025,-0.31206022412828616,1.3229654046981276,-1.0457411022578735,0,1,-0.10114905817085168,0,0.0,1.0,0.0,0
0.8337941315380165,0,-0.22970686858196498,0.38162715881804715,-1.0223976130812507,-1.0457411022578735,1,0,-0.5068999075144308,1,1.0,0.0,0.0,0
-1.3076155038614827,0,0.06294885187069905,-1.6994349900209527,-1.0223976130812507,0.7168853643458143,1,0,-0.08217267926736745,1,0.0,0.0,1.0,0
0.886279661817416,1,0.3556045723233631,0.38162715881804715,0.6856026686528893,-1.0457411022578735,1,0,1.6477384288717987,0,1.0,0.0,0.0,1
-0.18442515588233357,0,-0.7174664026697384,-0.6589039156014528,0.561952372672511,-1.0457411022578735,0,0,-1.3660975045816384,0,1.0,0.0,0.0,0
-0.19492226193821346,0,-0.22970686858196498,0.38162715881804715,-1.0223976130812507,-1.0457411022578735,1,0,1.1196318607034834,1,1.0,0.0,0.0,0
-0.646297822341049,0,0.4531564791409178,0.03478346734488051,-1.0223976130812507,0.7168853643458143,0,0,0.09431526097207285,1,0.0,0.0,1.0,0
-2.493788488175911,0,-1.1076740299399572,-1.0057476070746194,0.9359785351868655,-1.0457411022578735,0,1,0.6073527344857441,0,0.0,0.0,1.0,0
0.7183259649233377,1,-1.2052259367575118,0.38162715881804715,0.567173187645651,-1.0457411022578735,0,0,0.5900042605645816,0,1.0,0.0,0.0,0
0.15148223790582316,0,-0.42481068221707435,0.38162715881804715,-0.4221187387906457,0.7168853643458143,0,0,0.9924531502339043,0,0.0,1.0,0.0,0
-0.8352457313468872,0,-0.5223625890346291,0.38162715881804715,-1.0223976130812507,0.7168853643458143,1,0,-0.7241307545457798,1,0.0,0.0,1.0,0
0.41390988930282063,1,-1.0101221231224025,1.0753145417643806,-1.0223976130812507,-1.0457411022578735,0,0,1.3359102193672585,1,0.0,0.0,1.0,0
-0.7197775647322083,1,-0.42481068221707435,1.7690019247107138,-1.0223976130812507,0.7168853643458143,1,0,-0.35800203333208264,1,0.0,0.0,1.0,0
-0.4573499133352109,0,1.2335717336813552,0.7284708502912138,1.3496504828838365,-1.0457411022578735,1,1,-0.7995126618002742,0,0.0,1.0,0.0,1
-1.4020894583644017,0,-1.4003297503926213,0.03478346734488051,1.7518558701867277,-1.0457411022578735,0,1,0.961692460330289,0,0.0,0.0,1.0,0
-0.29989332249701245,0,-1.5954335640277306,-0.6589039156014528,-1.0223976130812507,-1.0457411022578735,1,0,-0.2478782429916928,1,0.0,0.0,1.0,0
-0.7827602010674878,1,-0.3272587753995197,1.0753145417643806,0.9316093322328229,0.7168853643458143,1,1,-1.2311725827030544,0,0.0,1.0,0.0,0
-0.08995120137941448,1,-0.03460305494685562,1.7690019247107138,0.30966211066908605,-1.0457411022578735,1,0,-0.43142934423883805,0,1.0,0.0,0.0,0
0.15148223790582316,1,-0.3272587753995197,-1.3525912985477861,1.3107767378766566,-1.0457411022578735,1,1,1.3757938046865636,0,0.0,1.0,0.0,0
-0.656794928396929,1,-0.3272587753995197,-1.0057476070746194,-1.0223976130812507,0.7168853643458143,1,0,0.06535701217059316,1,1.0,0.0,0.0,0
-1.5910373673702398,1,-0.1321549617644103,-1.6994349900209527,1.136131843319007,-1.0457411022578735,1,1,-0.10369666093760113,0,0.0,0.0,1.0,0
0.25645329846462217,0,0.2580526655058084,-1.6994349900209527,0.9193694430504531,0.7168853643458143,1,0,1.3187140741868482,0,1.0,0.0,0.0,0
-2.157881094387754,0,-0.7174664026697384,0.7284708502912138,1.2476843196840373,-1.0457411022578735,0,1,-1.3762474912789378,0,1.0,0.0,0.0,0
-1.6540200037055193,0,-1.6929854708452852,-0.6589039156014528,1.8207829663002424,-1.0457411022578735,1,1,0.9404583890539017,0,1.0,0.0,0.0,0
0.8652854497056562,1,0.3556045723233631,-1.0057476070746194,1.2591384771794092,0.7168853643458143,1,0,1.2567320647592335,0,1.0,0.0,0.0,0
-0.7722630950116078,1,-1.1076740299399572,0.7284708502912138,-1.0223976130812507,0.7168853643458143,1,0,-0.8402043875232516,1,1.0,0.0,0.0,0
-2.409811639728872,1,0.3556045723233631,-1.3525912985477861,0.19665462931663222,-1.0457411022578735,1,1,-0.7393601587180267,0,0.0,1.0,0.0,0
-0.3943672769999315,1,-0.42481068221707435,-1.3525912985477861,-1.0223976130812507,-1.0457411022578735,1,0,0.6975506069726075,1,0.0,0.0,1.0,0
-0.9927023221850857,0,-1.1076740299399572,-0.6589039156014528,-1.0223976130812507,0.7168853643458143,1,0,-1.2418189390214156,1,1.0,0.0,0.0,0
-1.9164476551025167,1,-0.1321549617644103,-0.6589039156014528,-1.0223976130812507,0.7168853643458143,0,0,-0.738018694226573,1,0.0,0.0,1.0,0
-0.22641358010585316,0,-0.22970686858196498,1.422158233237547,0.2860574615080079,0.7168853643458143,1,0,1.6832060421656287,0,0.0,1.0,0.0,0
-0.35237885277641195,0,0.4531564791409178,-0.31206022412828616,0.9674867302040177,0.7168853643458143,0,0,0.9576049146217205,0,0.0,0.0,1.0,0
0.3194359347999015,0,0.5507083859584725,0.7284708502912138,-1.0223976130812507,2.479511830949502,1,0,0.9740002061947135,1,0.0,0.0,1.0,1
0.057008283402904085,0,0.06294885187069905,0.03478346734488051,1.2256205293417004,0.7168853643458143,1,0,-0.6606242432446,0,1.0,0.0,0.0,0
-1.1816502311909238,1,-0.1321549617644103,-1.0057476070746194,0.26189693697755073,-1.0457411022578735,1,1,-0.7313628998285335,0,0.0,1.0,0.0,0
-2.084401351996595,0,-1.0101221231224025,-1.0057476070746194,1.7470288875167264,0.7168853643458143,1,1,-1.5638049425049567,0,0.0,1.0,0.0,0
-1.0031994282409655,1,-0.1321549617644103,-0.31206022412828616,0.612051385317083,-1.0457411022578735,0,1,-0.1886841271120824,0,0.0,0.0,1.0,0
-0.5728180799498898,1,-0.42481068221707435,1.0753145417643806,0.5623178554928878,-1.0457411022578735,1,0,-1.043948242162963,0,0.0,0.0,1.0,0
-0.6672920344528088,1,-0.5223625890346291,-1.3525912985477861,-1.0223976130812507,0.7168853643458143,0,0,-1.5567582635363992,1,1.0,0.0,0.0,0
0.8652854497056562,0,0.2580526655058084,1.0753145417643806,-1.0223976130812507,-1.0457411022578735,1,0,1.5958285068196179,1,0.0,0.0,1.0,1
-1.0766791706321248,1,-0.1321549617644103,-0.6589039156014528,-1.0223976130812507,0.7168853643458143,1,0,1.153112781047024,1,0.0,0.0,1.0,0
-1.8219737005995975,0,-0.8150183094872931,1.422158233237547,-1.0223976130812507,0.7168853643458143,0,0,0.635744521625998,1,1.0,0.0,0.0,0
-0.8037544131792476,1,-0.9125702163048478,1.422158233237547,-0.0283867863779814,0.7168853643458143,1,0,0.49210493841713426,0,0.0,0.0,1.0,0
-0.5833151860057697,1,-0.6199144958521837,1.0753145417643806,0.47582245605065376,-1.0457411022578735,1,0,-0.2213137067598701,0,1.0,0.0,0.0,0
-1.8639621248231173,1,0.16050075868825375,-1.3525912985477861,-1.0223976130812507,0.7168853643458143,0,0,0.2651495147936387,1,1.0,0.0,0.0,0
-1.5175576249790805,0,-0.22970686858196498,-0.6589039156014528,0.3359254902987147,0.7168853643458143,1,0,-1.4233238384821918,0,1.0,0.0,0.0,0
1.211689949549693,1,-0.42481068221707435,0.7284708502912138,0.7746682064300433,-1.0457411022578735,1,1,0.370579046889685,0,0.0,1.0,0.0,0
0.6763375406998181,1,-0.1321549617644103,-0.6589039156014528,0.7127299021237171,-1.0457411022578735,1,1,1.0214962381632062,0,0.0,1.0,0.0,0
0.5398751619733794,1,0.16050075868825375,1.0753145417643806,0.31479127305307053,-1.0457411022578735,1,0,0.023875536529729416,0,0.0,0.0,1.0,0
0.7708114952027372,0,0.06294885187069905,-1.3525912985477861,0.5724326610043753,-1.0457411022578735,1,0,1.6522323002191388,0,1.0,0.0,0.0,0
-1.4965634128673209,1,-0.6199144958521837,1.0753145417643806,-1.0223976130812507,0.7168853643458143,1,0,-0.06690718810414532,1,1.0,0.0,0.0,0
-0.37337306488817174,0,1.623779360951574,0.7284708502912138,1.0882497280110794,-1.0457411022578735,0,1,-0.41687448920559445,0,0.0,1.0,0.0,1
0.025516965235264394,0,-0.5223625890346291,0.7284708502912138,0.4263192657738974,-1.0457411022578735,1,0,0.6389215647930313,0,1.0,0.0,0.0,0
-0.6253036102292893,0,0.16050075868825375,1.0753145417643806,0.6204729535399846,-1.0457411022578735,0,1,-0.08569775370313552,0,0.0,0.0,1.0,0
0.27744751057638195,1,-0.3272587753995197,1.422158233237547,-0.037059150877360135,-1.0457411022578735,0,0,-0.29082106827191434,0,0.0,0.0,1.0,0
-1.8114765945437177,0,-0.3272587753995197,0.7284708502912138,1.133906086768999,-1.0457411022578735,1,1,-1.2565821617285127,0,0.0,0.0,1.0,0
0.7078288588674577,1,-0.9125702163048478,-0.31206022412828616,-1.0223976130812507,-1.0457411022578735,1,0,-1.574136405128027,1,1.0,0.0,0.0,0
-1.475569200755561,1,1.1360198268638007,0.03478346734488051,-1.0223976130812507,-1.0457411022578735,0,1,0.805578228923739,1,0.0,0.0,1.0,1
-0.05845988321177479,0,-0.5223625890346291,-1.3525912985477861,0.5373841632507476,-1.0457411022578735,1,0,0.1570318488602174,0,1.0,0.0,0.0,0
-1.150158913023284,0,0.06294885187069905,0.38162715881804715,0.17917185766601787,2.479511830949502,1,1,-0.24232223434266068,0,0.0,1.0,0.0,1
-0.7932573071233676,1,0.2580526655058084,-1.0057476070746194,1.0379930213686452,0.7168853643458143,1,1,-0.9630309721821582,0,0.0,1.0,0.0,0
-0.23691068616173305,1,-1.4003297503926213,1.0753145417643806,0.6382675695009777,-1.0457411022578735,1,1,1.0039067794801932,0,0.0,1.0,0.0,0
-0.6043093981175295,1,-1.1076740299399572,0.03478346734488051,-1.0223976130812507,0.7168853643458143,1,0,-1.2000175383259426,1,1.0,0.0,0.0,0
-1.4020894583644017,1,-0.42481068221707435,0.7284708502912138,-1.0223976130812507,0.7168853643458143,1,0,-0.6537913102995128,1,0.0,0.0,1.0,0
0.20396776818522266,1,-0.22970686858196498,-1.3525912985477861,0.31018093841894684,-1.0457411022578735,1,0,0.2445676117820437,0,0.0,0.0,1.0,0
-1.4020894583644017,1,-1.5954335640277306,1.0753145417643806,0.9648763227174477,-1.0457411022578735,1,1,0.43708598329629705,0,1.0,0.0,0.0,0
1.6420712978407686,1,-0.8150183094872931,-1.3525912985477861,0.8528069515218358,-1.0457411022578735,0,1,-0.2412517692738209,0,0.0,1.0,0.0,0
2.030464221908325,1,-0.1321549617644103,-0.31206022412828616,0.3973493159235584,-1.0457411022578735,1,0,0.17254977546511896,0,0.0,0.0,1.0,0
0.14098513184994327,1,-0.1321549617644103,-0.31206022412828616,1.7248913240885666,0.7168853643458143,1,0,1.7096085339283598,0,1.0,0.0,0.0,0
-0.9192225797939264,1,0.4531564791409178,0.7284708502912138,-1.0223976130812507,0.7168853643458143,1,0,-0.818529291578308,1,1.0,0.0,0.0,0
1.8730076310701265,1,-1.9856411912979492,-1.0057476070746194,1.2789418795013183,-1.0457411022578735,1,1,0.31088630595207706,0,0.0,1.0,0.0,0
0.8547883436497763,1,-0.5223625890346291,-0.31206022412828616,0.47040077854908274,-1.0457411022578735,1,0,0.10590178750243469,0,1.0,0.0,0.0,0
-1.4860663068114408,1,0.9409160132286912,0.03478346734488051,1.061739417943532,-1.0457411022578735,0,1,0.8369805038880628,0,1.0,0.0,0.0,1
-1.045187852464485,0,-0.6199144958521837,-0.6589039156014528,0.966939230818182,-1.0457411022578735,1,1,-0.5185216535600234,0,1.0,0.0,0.0,0
-1.1921473372468037,1,-0.1321549617644103,1.0753145417643806,1.247076094417513,0.7168853643458143,1,1,0.31828691502443246,0,0.0,1.0,0.0,0
0.7393201770350974,0,-1.9856411912979492,-1.0057476070746194,0.4887699547658202,0.7168853643458143,1,0,0.4590421413824919,0,0.0,1.0,0.0,0
-1.2236386554144434,0,0.16050075868825375,1.0753145417643806,-1.0223976130812507,0.7168853643458143,1,0,-1.6682184870089243,1,0.0,0.0,1.0,0
0.8652854497056562,1,-0.42481068221707435,1.422158233237547,-1.0223976130812507,-1.0457411022578735,1,0,-0.6788740244644049,1,1.0,0.0,0.0,0
0.18297355607346286,0,-1.1076740299399572,-0.31206022412828616,0.7747020325174293,-1.0457411022578735,0,1,-1.3478392220995365,0,0.0,1.0,0.0,0
-1.0241936403527254,0,-0.7174664026697384,-0.6589039156014528,1.024414585585424,-1.0457411022578735,0,1,1.0622790488393667,0,1.0,0.0,0.0,0
0.03601407129114429,1,-0.1321549617644103,-1.0057476070746194,0.545279010970065,-1.0457411022578735,1,0,-1.3258808085764056,0,1.0,0.0,0.0,0
-2.4203087457847516,1,-0.42481068221707435,1.422158233237547,-1.0223976130812507,0.7168853643458143,1,0,0.1416292965293479,1,1.0,0.0,0.0,0
-1.6435228976496394,1,-0.8150183094872931,-1.0057476070746194,0.9990435703563632,0.7168853643458143,1,1,-0.5362065345749429,0,0.0,1.0,0.0,0
-0.7722630950116078,0,0.3556045723233631,0.7284708502912138,-1.0223976130812507,0.7168853643458143,1,0,0.7690248829879639,1,1.0,0.0,0.0,0
0.14098513184994327,1,0.4531564791409178,-1.3525912985477861,0.5528061207965133,-1.0457411022578735,0,0,0.35587342457202936,0,0.0,0.0,1.0,0
-0.8142515192351274,0,-0.5223625890346291,-1.3525912985477861,0.8846326285305978,-1.0457411022578735,1,1,1.0036892165634468,0,1.0,0.0,0.0,0
1.1487073132144134,0,-0.03460305494685562,0.7284708502912138,1.08663863979186,-1.0457411022578735,0,1,-1.6946601886753112,0,0.0,1.0,0.0,0
-1.066182064576245,1,-0.9125702163048478,-0.31206022412828616,1.0513676952445166,-1.0457411022578735,1,1,-0.9066627452881658,0,1.0,0.0,0.0,0
-0.32088753460877223,0,-0.1321549617644103,-1.0057476070746194,1.1355289335805003,0.7168853643458143,1,0,0.8497105369449599,0,1.0,0.0,0.0,0
-1.6120315794819997,1,-0.1321549617644103,0.38162715881804715,-1.0223976130812507,0.7168853643458143,0,0,0.6383450404131681,1,0.0,0.0,1.0,0
1.9674815855730454,1,0.16050075868825375,0.7284708502912138,0.80337576248823,-1.0457411022578735,1,0,-1.1764584585588707,0,1.0,0.0,0.0,1
0.4454012074704603,1,2.501746522309566,1.422158233237547,0.7995321525015254,-1.0457411022578735,1,0,-1.2445294537330014,0,1.0,0.0,0.0,1
-0.22641358010585316,1,0.2580526655058084,-0.31206022412828616,0.6454681770458464,0.7168853643458143,1,0,1.6314258944848405,0,1.0,0.0,0.0,0
0.29844172268814173,1,-0.5223625890346291,0.38162715881804715,-1.0223976130812507,-1.0457411022578735,1,0,-0.7157603075909585,1,1.0,0.0,0.0,0
0.5398751619733794,1,1.33112364049891,1.7690019247107138,0.6746380229649768,-1.0457411022578735,1,0,-1.7278475552268784,0,1.0,0.0,0.0,1
-0.7407717768439681,1,-0.1321549617644103,1.0753145417643806,1.6794319620205196,0.7168853643458143,0,1,0.08591792226916864,0,0.0,1.0,0.0,0
-1.8429679127113574,0,-0.1321549617644103,1.0753145417643806,-1.0223976130812507,0.7168853643458143,1,0,-0.9628590384895778,1,0.0,0.0,1.0,0
0.9702565102644553,0,-0.5223625890346291,-1.3525912985477861,0.17578651062509215,-1.0457411022578735,1,0,-1.380138987469226,0,1.0,0.0,0.0,0
2.030464221908325,1,-0.03460305494685562,0.7284708502912138,0.27095056980475307,-1.0457411022578735,0,0,0.4656979357805315,0,1.0,0.0,0.0,0
-0.17392804982645366,1,-0.5223625890346291,1.0753145417643806,0.29323133033618076,0.7168853643458143,0,0,-1.1240412366912462,0,0.0,1.0,0.0,0
-0.13193962560293407,1,0.16050075868825375,1.0753145417643806,0.4785655906610628,-1.0457411022578735,1,0,-0.44815739950746053,0,1.0,0.0,0.0,0
0.6448462225321784,1,-0.9125702163048478,-1.0057476070746194,-1.0223976130812507,-1.0457411022578735,1,0,0.46189804502887327,1,1.0,0.0,0.0,0
-0.3943672769999315,0,0.3556045723233631,1.0753145417643806,1.1166359362390978,2.479511830949502,1,1,1.5980246084146545,0,0.0,1.0,0.0,1
-1.1816502311909238,1,-1.5954335640277306,-0.31206022412828616,-1.0223976130812507,0.7168853643458143,1,0,-0.5153836468014974,1,0.0,0.0,1.0,0
-0.8772341555704068,1,0.5507083859584725,1.0753145417643806,-1.0223976130812507,0.7168853643458143,0,0,-0.6469486616260858,1,0.0,0.0,1.0,0
-0.646297822341049,1,-0.7174664026697384,-0.31206022412828616,-1.0223976130812507,0.7168853643458143,1,0,1.5663532424743547,1,1.0,0.0,0.0,0
-0.7092804586763285,1,-1.0101221231224025,0.7284708502912138,-1.0223976130812507,0.7168853643458143,1,0,0.9010010813154941,1,1.0,0.0,0.0,0
-2.3573261094494726,1,-0.03460305494685562,0.7284708502912138,-1.0223976130812507,0.7168853643458143,1,0,0.8825224599942633,1,0.0,0.0,1.0,0
0.09899670762642368,1,-0.8150183094872931,-0.6589039156014528,0.7519138806752098,-1.0457411022578735,0,1,-0.4313809390922891,0,0.0,1.0,0.0,0
0.4558983135263402,0,-0.8150183094872931,-0.31206022412828616,0.8521713432321896,-1.0457411022578735,1,1,0.6020923615704725,0,0.0,1.0,0.0,0
-2.189372412555394,0,-0.22970686858196498,0.38162715881804715,0.329794109268461,0.7168853643458143,1,0,-0.3073306931480459,0,1.0,0.0,0.0,0
1.0752275708232542,1,0.5507083859584725,-1.0057476070746194,0.7670922903917952,0.7168853643458143,1,0,0.007357757381598563,0,1.0,0.0,0.0,0
1.400637858555531,0,-1.2052259367575118,-0.31206022412828616,1.2581525272704062,0.7168853643458143,0,0,-0.024364616132483384,0,1.0,0.0,0.0,0
1.0542333587114945,1,-0.03460305494685562,-1.6994349900209527,-1.0223976130812507,-1.0457411022578735,1,0,-0.28540906059648635,1,1.0,0.0,0.0,0
-1.1921473372468037,1,-0.22970686858196498,0.38162715881804715,-1.0223976130812507,0.7168853643458143,1,0,1.3361671656828098,1,1.0,0.0,0.0,0
1.0437362526556144,0,0.06294885187069905,-0.6589039156014528,0.5999313371300242,2.479511830949502,1,1,-0.4564235758777809,0,0.0,1.0,0.0,1
-0.4258585951675712,1,0.5507083859584725,0.03478346734488051,0.6208476177269378,-1.0457411022578735,0,1,1.3623144460814784,0,1.0,0.0,0.0,1
-1.0031994282409655,1,-0.6199144958521837,0.03478346734488051,-1.0223976130812507,0.7168853643458143,1,0,-0.25749490560121047,1,1.0,0.0,0.0,0
-1.2341357614703234,0,-0.42481068221707435,-0.31206022412828616,0.4534252371326539,-1.0457411022578735,1,1,0.6400203095711454,0,0.0,1.0,0.0,0
-0.9822052161292057,1,0.5507083859584725,0.7284708502912138,0.6690245032249443,0.7168853643458143,1,1,1.7019622557251328,0,0.0,1.0,0.0,0
-1.664517109761399,0,-0.7174664026697384,1.7690019247107138,-1.0223976130812507,0.7168853643458143,1,0,-1.4889534099207125,1,1.0,0.0,0.0,0
0.18297355607346286,0,0.5507083859584725,-0.31206022412828616,1.097271467670175,-1.0457411022578735,0,1,1.242770216145,0,0.0,1.0,0.0,1
-1.7484939582084382,0,0.16050075868825375,-1.3525912985477861,-1.0223976130812507,-1.0457411022578735,1,1,-0.8695476220601859,1,1.0,0.0,0.0,1
-0.6043093981175295,1,0.16050075868825375,1.7690019247107138,1.1917015007535565,0.7168853643458143,1,1,-1.4851271479064185,0,0.0,1.0,0.0,0
-0.23691068616173305,0,-1.4003297503926213,-1.0057476070746194,0.38562438865249077,-1.0457411022578735,1,0,-0.631053209577133,0,1.0,0.0,0.0,0
-1.1921473372468037,1,0.2580526655058084,0.38162715881804715,1.2866421466798625,-1.0457411022578735,1,1,1.602341341214947,0,0.0,1.0,0.0,1
0.7078288588674577,1,0.16050075868825375,1.7690019247107138,-1.0223976130812507,-1.0457411022578735,1,0,0.4881050077587707,1,1.0,0.0,0.0,1
1.0017478284320949,0,-0.7174664026697384,-0.31206022412828616,1.3073799543966622,0.7168853643458143,1,0,-1.0273843133052192,0,0.0,0.0,1.0,0
2.009470009796565,1,-0.3272587753995197,0.03478346734488051,0.9112745381857379,0.7168853643458143,1,0,-0.26029407633389495,0,0.0,0.0,1.0,0
-1.0031994282409655,0,-0.5223625890346291,0.38162715881804715,-1.0223976130812507,0.7168853643458143,1,0,-0.944718212223295,1,0.0,0.0,1.0,0
-0.4678470193910908,1,0.7458121995935818,1.422158233237547,1.5781846837159785,-1.0457411022578735,1,1,-0.047756446575995884,0,0.0,1.0,0.0,1
-1.171153125135044,1,-0.8150183094872931,-0.6589039156014528,-1.0223976130812507,0.7168853643458143,1,0,1.2247685329881515,1,1.0,0.0,0.0,0
-0.4888412315028506,1,-0.9125702163048478,1.422158233237547,-1.0223976130812507,2.479511830949502,0,1,-0.27414610251886123,1,0.0,0.0,1.0,0
1.7155510402319278,0,-0.7174664026697384,-1.0057476070746194,0.4953069266914942,-1.0457411022578735,1,0,0.06692037695751633,0,0.0,0.0,1.0,0
1.9044989492377662,1,0.4531564791409178,1.422158233237547,0.9605501272173675,0.7168853643458143,1,0,0.7989836783132684,0,0.0,0.0,1.0,0
-0.9297196858498064,0,-0.03460305494685562,-0.6589039156014528,1.1191467983827887,-1.0457411022578735,0,1,0.429793808692017,0,1.0,0.0,0.0,0
-1.0031994282409655,1,-0.5223625890346291,0.38162715881804715,-1.0223976130812507,0.7168853643458143,0,0,1.2832877527384614,1,1.0,0.0,0.0,0
0.04651117734702419,0,-1.0101221231224025,0.7284708502912138,0.5135884772342411,-1.0457411022578735,0,0,0.04482316731524898,0,0.0,0.0,1.0,0
-0.8142515192351274,1,-1.5954335640277306,-0.6589039156014528,0.8892687354217776,-1.0457411022578735,1,1,-0.8654599028564686,0,0.0,0.0,1.0,0
1.2641754798290923,1,-0.3272587753995197,0.7284708502912138,0.95751882655775,-1.0457411022578735,1,1,-0.4084757625414991,0,0.0,1.0,0.0,0
-0.5833151860057697,0,-1.79053737766284,1.422158233237547,0.9499308297740068,0.7168853643458143,1,0,-0.2241853984648033,0,0.0,0.0,1.0,0
2.030464221908325,1,-0.9125702163048478,-1.3525912985477861,1.4684976355319903,-1.0457411022578735,1,1,1.1160231616059357,0,0.0,1.0,0.0,0
-0.21591647404997324,1,2.79440224276223,0.7284708502912138,1.1796702057767348,-1.0457411022578735,0,1,-0.5718488574837362,0,0.0,1.0,0.0,1
0.9702565102644553,0,0.5507083859584725,-1.6994349900209527,0.1292645261833005,0.7168853643458143,0,0,0.8912478780237758,0,0.0,1.0,0.0,0
-0.446852807279331,0,0.06294885187069905,1.0753145417643806,1.0071228507902383,-1.0457411022578735,1,1,0.4916111712233062,0,0.0,1.0,0.0,1
-0.24740779221761294,1,-0.7174664026697384,-1.3525912985477861,-1.0223976130812507,-1.0457411022578735,1,0,-0.8866799210257934,1,1.0,0.0,0.0,0
0.3614243590234211,0,2.1115388950393474,0.38162715881804715,0.6056147641173214,-1.0457411022578735,1,0,1.3470543332678726,0,1.0,0.0,0.0,1
0.22496198029698244,1,-0.8150183094872931,-1.6994349900209527,-1.0223976130812507,-1.0457411022578735,1,0,-1.1207878556586879,1,0.0,0.0,1.0,0
-0.6987833526204486,1,-0.1321549617644103,0.38162715881804715,1.7143409674328312,-1.0457411022578735,1,1,0.49519974488357904,0,0.0,0.0,1.0,0
-0.8247486252910073,0,0.16050075868825375,0.7284708502912138,-1.0223976130812507,0.7168853643458143,0,0,0.04372286108079481,1,1.0,0.0,0.0,0
-1.150158913023284,0,-0.6199144958521837,-1.0057476070746194,-1.0223976130812507,0.7168853643458143,1,0,0.5602023048539008,1,1.0,0.0,0.0,0
-0.8142515192351274,0,-1.1076740299399572,1.422158233237547,-1.0223976130812507,0.7168853643458143,1,0,0.4706071545143875,1,1.0,0.0,0.0,0
-0.8142515192351274,1,-0.3272587753995197,-1.3525912985477861,-1.0223976130812507,0.7168853643458143,1,0,-1.6526004537030954,1,1.0,0.0,0.0,0
2.030464221908325,1,-1.0101221231224025,1.0753145417643806,0.5881587311834028,-1.0457411022578735,1,0,1.6806291187187117,0,1.0,0.0,0.0,0
-1.4335807765320414,0,-1.4978816572101759,-0.6589039156014528,0.8464539290808998,0.7168853643458143,1,1,-1.0780285882460243,0,0.0,1.0,0.0,0
0.19347066212934275,1,-1.0101221231224025,1.422158233237547,-1.0223976130812507,-1.0457411022578735,1,0,0.5967768171978443,1,1.0,0.0,0.0,0
-0.9507138979615661,1,-0.6199144958521837,1.7690019247107138,1.3536637065372918,-1.0457411022578735,1,1,1.0440490460665388,0,0.0,0.0,1.0,0
0.03601407129114429,1,-1.2052259367575118,-0.31206022412828616,0.830333865522127,-1.0457411022578735,0,1,1.0883253550613636,0,0.0,1.0,0.0,0
0.4978867377498598,1,-1.4003297503926213,-1.0057476070746194,1.3647117899074233,0.7168853643458143,1,0,1.4410762123320942,0,1.0,0.0,0.0,0
-0.8772341555704068,1,0.16050075868825375,0.7284708502912138,1.3575846332951644,-1.0457411022578735,1,1,0.18634853863936704,0,1.0,0.0,0.0,0
-2.084401351996595,1,-0.22970686858196498,0.03478346734488051,-1.0223976130812507,0.7168853643458143,1,0,-0.34681385166364254,1,0.0,0.0,1.0,0
-0.8457428374027671,0,-0.9125702163048478,0.03478346734488051,0.7259446269292339,-1.0457411022578735,1,1,0.46419460031513465,0,1.0,0.0,0.0,0
-1.066182064576245,1,-0.8150183094872931,-1.3525912985477861,-1.0223976130812507,0.7168853643458143,0,0,-0.2006774997666629,1,1.0,0.0,0.0,0
0.8442912375938965,1,-0.3272587753995197,-1.6994349900209527,1.1260067289046967,-1.0457411022578735,0,1,-0.6187430347806234,0,0.0,1.0,0.0,0
-0.7827602010674878,0,-0.6199144958521837,-0.31206022412828616,-1.0223976130812507,0.7168853643458143,1,0,-0.69475785233838,1,1.0,0.0,0.0,0
-2.0948984580524748,0,-0.5223625890346291,0.7284708502912138,1.036766100856168,-1.0457411022578735,0,1,-0.6887833733901517,0,1.0,0.0,0.0,0
1.8520134189583666,1,2.013986988221793,-1.3525912985477861,1.0853637184506155,-1.0457411022578735,1,1,-1.1969619417631534,0,0.0,1.0,0.0,1
-2.3573261094494726,0,-1.1076740299399572,0.38162715881804715,-0.0182491079883567,0.7168853643458143,0,0,-0.7952833705550378,0,1.0,0.0,0.0,0
-1.664517109761399,1,-0.3272587753995197,-1.0057476070746194,0.9422233141481658,0.7168853643458143,0,1,1.5376777907656156,0,0.0,1.0,0.0,0
-1.0871762766880049,1,0.2580526655058084,-1.3525912985477861,-1.0223976130812507,0.7168853643458143,1,0,-0.1579898858505036,1,1.0,0.0,0.0,0
-0.37337306488817174,0,-0.42481068221707435,-1.0057476070746194,0.44756365941845655,0.7168853643458143,1,0,-0.9517286307057281,0,0.0,1.0,0.0,0
-1.0031994282409655,0,-0.3272587753995197,0.03478346734488051,-1.0223976130812507,0.7168853643458143,1,0,-0.6893307505849959,1,1.0,0.0,0.0,0
0.14098513184994327,1,-0.5223625890346291,0.38162715881804715,0.3998218418348783,-1.0457411022578735,1,0,-0.5679285610987272,0,1.0,0.0,0.0,0
-0.07945409532353459,0,-0.6199144958521837,0.7284708502912138,-1.0223976130812507,-1.0457411022578735,1,0,-1.2303632278333398,1,0.0,0.0,1.0,0
-0.7617659889557279,1,-0.6199144958521837,0.03478346734488051,-1.0223976130812507,0.7168853643458143,1,0,-1.539887248265066,1,0.0,0.0,1.0,0
-0.037465671100014995,1,0.8433641064111366,0.38162715881804715,-1.0223976130812507,-1.0457411022578735,1,0,-0.8504329675230121,1,1.0,0.0,0.0,1
-1.1396618069674043,1,-0.6199144958521837,-1.0057476070746194,0.5720397951608763,-1.0457411022578735,1,1,-0.7607108187344888,0,0.0,1.0,0.0,0
0.23545908635286236,1,0.2580526655058084,1.0753145417643806,1.357138451094881,2.479511830949502,1,0,1.2671355278691057,0,1.0,0.0,0.0,1
-2.0319158217171958,1,-0.3272587753995197,-1.0057476070746194,0.6086183596006036,-1.0457411022578735,1,1,0.3192315961103049,0,1.0,0.0,0.0,0
-1.6330257915937594,1,0.3556045723233631,1.422158233237547,0.824043340804552,-1.0457411022578735,0,1,-0.1437211243178298,0,1.0,0.0,0.0,0
0.9177709799850557,1,0.06294885187069905,-0.31206022412828616,0.5104355637366399,-1.0457411022578735,1,0,-1.3932326663582608,0,0.0,0.0,1.0,0
0.991250722376215,0,-0.42481068221707435,1.0753145417643806,1.0248077735821362,0.7168853643458143,0,0,-1.7216629736533073,0,0.0,0.0,1.0,0
1.211689949549693,1,-0.8150183094872931,0.38162715881804715,0.5849098160282679,0.7168853643458143,0,0,1.6920013787401567,0,0.0,1.0,0.0,0
-0.6987833526204486,0,-0.42481068221707435,0.38162715881804715,-1.0223976130812507,0.7168853643458143,1,0,1.2371562601162287,1,0.0,0.0,1.0,0
-1.066182064576245,1,0.16050075868825375,1.7690019247107138,1.23155024246049,-1.0457411022578735,1,1,0.1042095158198634,0,1.0,0.0,0.0,0
-0.6777891405086888,1,0.06294885187069905,0.7284708502912138,-1.0223976130812507,0.7168853643458143,1,0,-0.28850993939314346,1,1.0,0.0,0.0,0
-1.5175576249790805,0,-0.3272587753995197,0.03478346734488051,0.9843058662354371,-1.0457411022578735,1,1,-1.4040637950102226,0,0.0,0.0,1.0,0
0.4244069953587005,1,2.306642708674457,0.7284708502912138,-1.0223976130812507,-1.0457411022578735,1,0,0.5113694927629753,1,0.0,0.0,1.0,1
0.5713664801410191,1,1.2335717336813552,0.7284708502912138,-1.0223976130812507,2.479511830949502,1,0,-1.0635915364188977,1,1.0,0.0,0.0,1
0.9282680860409356,0,1.5262274541340193,1.0753145417643806,-1.0223976130812507,-1.0457411022578735,1,0,1.287311105241929,1,0.0,0.0,1.0,1
0.07800249551466389,1,0.5507083859584725,0.7284708502912138,0.22637551830694358,2.479511830949502,0,0,-0.7351865594155937,0,0.0,0.0,1.0,1
-0.9192225797939264,1,-1.0101221231224025,0.7284708502912138,-1.0223976130812507,0.7168853643458143,1,0,-0.44651370646658733,1,1.0,0.0,0.0,0
1.4636204948908105,0,-1.4978816572101759,-0.6589039156014528,1.3387307775691657,0.7168853643458143,0,0,0.4464410152212427,0,0.0,0.0,1.0,0
0.16197934396170308,1,-0.42481068221707435,0.38162715881804715,-1.0223976130812507,-1.0457411022578735,0,0,-1.3355231484679637,1,1.0,0.0,0.0,0
-1.4020894583644017,0,-1.2052259367575118,-0.31206022412828616,-1.0223976130812507,0.7168853643458143,1,0,1.4881581113801137,1,1.0,0.0,0.0,0
0.3824185711351809,1,-1.3027778435750665,0.38162715881804715,1.3386744007568556,-1.0457411022578735,0,1,-1.4761012362789752,0,0.0,1.0,0.0,0
0.41390988930282063,1,-0.8150183094872931,-0.31206022412828616,0.8143218843663833,-1.0457411022578735,1,1,1.630905582533228,0,0.0,1.0,0.0,0
-1.4125865644202815,1,0.2580526655058084,0.03478346734488051,1.2994843012943118,-1.0457411022578735,1,1,-1.473385169722624,0,1.0,0.0,0.0,0
-0.8142515192351274,1,-0.22970686858196498,1.422158233237547,1.0688533662740494,-1.0457411022578735,1,1,-0.6732911240672901,0,1.0,0.0,0.0,0
-0.27889911038525267,0,-1.0101221231224025,1.0753145417643806,0.6918722534116062,-1.0457411022578735,1,1,-1.377009655468146,0,0.0,1.0,0.0,0
0.057008283402904085,1,-0.5223625890346291,-1.6994349900209527,0.644286519059824,-1.0457411022578735,1,1,1.0928353614575539,0,0.0,1.0,0.0,0
0.8337941315380165,0,0.3556045723233631,0.7284708502912138,0.8667125338930628,2.479511830949502,0,0,-1.0026727052638682,0,1.0,0.0,0.0,1
-2.2523550488906734,1,-0.42481068221707435,-0.31206022412828616,-1.0223976130812507,0.7168853643458143,1,0,-0.5442634757956649,1,1.0,0.0,0.0,0
-1.4860663068114408,1,0.6482602927760271,0.7284708502912138,0.9260091818511383,2.479511830949502,1,1,-1.048353110498907,0,0.0,1.0,0.0,1
0.10949381368230357,0,0.06294885187069905,-0.31206022412828616,0.32686621979028124,0.7168853643458143,1,0,0.3234804923073693,0,0.0,1.0,0.0,0
1.211689949549693,1,-0.8150183094872931,-0.31206022412828616,0.24451902619783358,-1.0457411022578735,1,0,-1.6989188006007154,0,0.0,0.0,1.0,0
1.295666797996732,1,-0.42481068221707435,0.03478346734488051,0.49347081445285335,0.7168853643458143,1,0,1.3449621552670397,0,0.0,1.0,0.0,0
1.4111349646114109,1,-0.1321549617644103,-1.0057476070746194,1.6158679115237728,0.7168853643458143,1,0,-0.41432515148735566,0,1.0,0.0,0.0,0
-1.5910373673702398,1,-0.9125702163048478,-0.6589039156014528,1.3219364473351627,0.7168853643458143,1,1,-0.7233647734632956,0,0.0,1.0,0.0,0
-1.6960084279290388,1,0.06294885187069905,1.0753145417643806,0.9145811187660359,0.7168853643458143,1,1,-1.553707698332929,0,0.0,1.0,0.0,0
-0.5938122920616495,0,-0.6199144958521837,0.7284708502912138,0.5702948522815715,-1.0457411022578735,1,0,0.5770379271148542,0,1.0,0.0,0.0,0
-2.2208637307230337,0,-0.5223625890346291,0.7284708502912138,-1.0223976130812507,0.7168853643458143,1,0,0.39751330128385737,1,1.0,0.0,0.0,0
-1.3496039280850023,0,-0.6199144958521837,-0.31206022412828616,0.3566703853862051,0.7168853643458143,1,0,0.9798801302867802,0,1.0,0.0,0.0,0
0.09899670762642368,0,-0.1321549617644103,-1.0057476070746194,1.5301633982199483,-1.0457411022578735,0,1,-0.1118627306069942,0,0.0,1.0,0.0,0
-1.3391068220291222,0,-0.3272587753995197,0.03478346734488051,-1.0223976130812507,0.7168853643458143,1,0,-0.7494228773554192,1,0.0,0.0,1.0,0
1.1382102071585336,1,0.4531564791409178,-0.31206022412828616,1.3770439759853754,-1.0457411022578735,0,1,1.2867312844542362,0,0.0,1.0,0.0,1
0.09899670762642368,1,-0.22970686858196498,-0.31206022412828616,0.9131858731996609,0.7168853643458143,1,0,-1.1452780838900163,0,1.0,0.0,0.0,0
2.030464221908325,1,-0.8150183094872931,1.7690019247107138,1.4577454498881843,0.7168853643458143,1,0,-0.6402418596542637,0,1.0,0.0,0.0,0
0.26695040452050206,0,-0.03460305494685562,-1.3525912985477861,0.8544715171744468,-1.0457411022578735,1,1,-0.865395709651368,0,0.0,1.0,0.0,1
-0.7092804586763285,0,0.2580526655058084,0.7284708502912138,0.4694716886822101,-1.0457411022578735,1,1,0.025421204811462882,0,0.0,1.0,0.0,0
-0.7722630950116078,0,0.3556045723233631,-0.31206022412828616,-1.0223976130812507,0.7168853643458143,1,0,-1.4274131191422492,1,1.0,0.0,0.0,0
-0.10044830743529438,1,-1.0101221231224025,0.38162715881804715,1.3872120978536473,0.7168853643458143,1,0,0.04530964771282237,0,0.0,0.0,1.0,0
2.009470009796565,1,-0.7174664026697384,-0.31206022412828616,0.4275890326637303,0.7168853643458143,1,0,1.6207807526325222,0,0.0,1.0,0.0,0
-2.189372412555394,1,-1.3027778435750665,-1.0057476070746194,-1.0223976130812507,0.7168853643458143,0,0,-0.07803603443165463,1,0.0,0.0,1.0,0
-0.24740779221761294,0,0.06294885187069905,1.422158233237547,1.0585373760809176,0.7168853643458143,0,0,1.236763987584519,0,1.0,0.0,0.0,0
-0.10044830743529438,1,-0.5223625890346291,0.7284708502912138,0.9308203790136931,0.7168853643458143,1,0,-0.3903142903524947,0,0.0,0.0,1.0,0
1.4636204948908105,1,1.7213312677691288,0.38162715881804715,0.4954454525731708,-1.0457411022578735,0,0,0.37216427206537234,0,0.0,0.0,1.0,1
-1.0556849585203651,1,-0.42481068221707435,1.0753145417643806,1.615345540088567,-1.0457411022578735,1,1,0.07436782972008023,0,1.0,0.0,0.0,0
1.0437362526556144,1,-0.9125702163048478,-1.0057476070746194,0.868838100793765,0.7168853643458143,1,0,-1.645162543173722,0,0.0,0.0,1.0,0
2.030464221908325,0,-0.7174664026697384,-0.31206022412828616,1.6300937141889222,-1.0457411022578735,0,1,-0.6554214707187703,0,0.0,1.0,0.0,0
1.0122449344879747,0,-0.03460305494685562,1.422158233237547,1.4222090510931629,-1.0457411022578735,1,1,1.407329844410705,0,0.0,1.0,0.0,0
-0.5308296557263702,0,-0.3272587753995197,-1.6994349900209527,1.1679889302660558,0.7168853643458143,1,0,1.5105403735520577,0,1.0,0.0,0.0,0
0.13048802579406338,1,-1.3027778435750665,0.7284708502912138,1.510187482852369,0.7168853643458143,1,0,0.42800021584247616,0,0.0,0.0,1.0,0
-1.0871762766880049,1,0.3556045723233631,0.7284708502912138,-1.0223976130812507,0.7168853643458143,1,0,-1.596734495265228,1,0.0,0.0,1.0,0
-0.18442515588233357,1,-1.1076740299399572,-0.6589039156014528,1.4065701233583063,-1.0457411022578735,0,1,-0.2516491600534813,0,0.0,1.0,0.0,0
-0.08995120137941448,1,-0.7174664026697384,0.7284708502912138,1.0020375012432492,-1.0457411022578735,0,1,0.5251233206936528,0,0.0,1.0,0.0,0
1.1067188889908939,0,2.1115388950393474,1.7690019247107138,1.6985205063623354,-1.0457411022578735,1,0,-1.184426743758494,0,0.0,0.0,1.0,1
-0.5308296557263702,0,-1.1076740299399572,0.38162715881804715,1.7531187107824766,-1.0457411022578735,0,1,0.20360193721892098,0,0.0,1.0,0.0,0
-1.6015344734261199,1,0.3556045723233631,0.7284708502912138,1.0923346307544715,0.7168853643458143,1,1,0.8672011033930884,0,0.0,1.0,0.0,0
-0.656794928396929,1,-0.3272587753995197,-1.0057476070746194,1.1336654383187375,-1.0457411022578735,1,1,-0.5959896664851386,0,1.0,0.0,0.0,0
1.5790886615054893,0,-0.7174664026697384,-1.3525912985477861,0.48303192280888546,0.7168853643458143,0,0,1.2677130932198624,0,0.0,1.0,0.0,0
-1.0976733827438847,1,1.0384679200462459,-0.31206022412828616,-1.0223976130812507,-1.0457411022578735,1,1,1.571573711505375,1,1.0,0.0,0.0,1
-0.31039042855289234,0,-0.3272587753995197,0.7284708502912138,-1.0223976130812507,-1.0457411022578735,1,0,1.5268379873562083,1,0.0,0.0,1.0,0
-1.265627079637963,1,0.06294885187069905,-0.31206022412828616,-1.0223976130812507,0.7168853643458143,1,0,-1.2589373583751093,1,1.0,0.0,0.0,0
-0.4573499133352109,0,0.4531564791409178,-0.31206022412828616,1.2436551494465284,-1.0457411022578735,0,1,-1.3806664127219443,0,0.0,1.0,0.0,0
-1.6540200037055193,0,0.3556045723233631,-1.6994349900209527,1.3484541669266135,-1.0457411022578735,1,1,-1.4720138640655556,0,0.0,0.0,1.0,1
-1.8744592308789971,0,-0.22970686858196498,-0.6589039156014528,0.46535908076248256,0.7168853643458143,1,0,-0.9507692025321975,0,0.0,0.0,1.0,0
1.1592044192702933,0,-0.5223625890346291,-1.3525912985477861,1.3092379730538006,-1.0457411022578735,1,1,0.5684939850111125,0,0.0,1.0,0.0,0
0.4454012074704603,1,-1.2052259367575118,0.38162715881804715,0.2651265229398937,-1.0457411022578735,0,0,0.8766506901741957,0,0.0,0.0,1.0,0
-1.6225286855378795,0,-0.5223625890346291,0.38162715881804715,0.9949446539481965,0.7168853643458143,1,1,1.02401105034681,0,0.0,1.0,0.0,0
-1.9164476551025167,0,-0.1321549617644103,0.03478346734488051,1.2759814525486055,0.7168853643458143,1,1,0.19500369113356697,0,0.0,1.0,0.0,0
-0.43635570122345113,0,-0.8150183094872931,1.422158233237547,-1.0223976130812507,-1.0457411022578735,1,0,-0.21454045614601125,1,1.0,0.0,0.0,0
1.0332391465997346,1,0.2580526655058084,0.38162715881804715,0.6659656584655982,-1.0457411022578735,1,0,0.45629172278665425,0,1.0,0.0,0.0,1
0.4454012074704603,1,0.4531564791409178,-1.0057476070746194,1.1761025200171367,0.7168853643458143,1,0,-0.29316654919017143,0,0.0,0.0,1.0,0
-1.4335807765320414,0,-0.03460305494685562,-0.31206022412828616,-1.0223976130812507,0.7168853643458143,1,0,-0.7516673840970046,1,1.0,0.0,0.0,0
-0.6987833526204486,1,0.16050075868825375,1.0753145417643806,-1.0223976130812507,0.7168853643458143,1,0,-0.6381252188374329,1,1.0,0.0,0.0,0
-1.5595460492026,0,-1.3027778435750665,-1.0057476070746194,0.7719237832067815,-1.0457411022578735,0,1,-0.8937871498013242,0,1.0,0.0,0.0,0
-0.3943672769999315,1,-0.03460305494685562,-0.6589039156014528,0.5262487763598385,-1.0457411022578735,0,0,-0.012468921246745245,0,0.0,0.0,1.0,0
-1.8744592308789971,0,1.1360198268638007,-1.0057476070746194,-1.0223976130812507,-1.0457411022578735,0,1,-0.11070673242973643,1,1.0,0.0,0.0,1
-0.8352457313468872,1,-0.3272587753995197,0.03478346734488051,0.7507385046768449,-1.0457411022578735,1,1,0.17489525638337608,0,0.0,0.0,1.0,0
-1.5910373673702398,0,-1.3027778435750665,0.03478346734488051,0.818206246734558,0.7168853643458143,1,1,0.46869124758485786,0,0.0,1.0,0.0,0
-0.28939621644113256,0,-0.1321549617644103,-1.3525912985477861,-0.449773337071484,0.7168853643458143,0,0,-0.8681225329069524,0,0.0,1.0,0.0,0
-0.20541936799409335,1,-1.0101221231224025,-0.6589039156014528,0.9697284333380788,-1.0457411022578735,1,1,1.15798990317833,0,0.0,1.0,0.0,0
-1.3181126099173626,0,2.4041946154920115,-1.3525912985477861,0.8254041159771144,-1.0457411022578735,0,1,-1.3047990660407704,0,1.0,0.0,0.0,1
0.28794461663226184,1,0.2580526655058084,-1.0057476070746194,0.9070217936182676,0.7168853643458143,0,0,0.3568979134264053,0,0.0,0.0,1.0,0
-0.8982283676821666,1,0.16050075868825375,0.03478346734488051,-1.0223976130812507,0.7168853643458143,0,0,-0.46608291829393306,1,1.0,0.0,0.0,0
-1.0136965342968456,0,-0.3272587753995197,-1.3525912985477861,-1.0223976130812507,0.7168853643458143,1,0,-1.6657612752147621,1,1.0,0.0,0.0,0
-0.18442515588233357,1,-0.42481068221707435,0.7284708502912138,1.3927856705952433,0.7168853643458143,0,0,0.9877981018932168,0,0.0,0.0,1.0,0
0.5608693740851391,1,0.4531564791409178,-1.0057476070746194,1.2339686466319923,2.479511830949502,1,1,1.0096477339579746,0,0.0,1.0,0.0,1
1.5371002372819698,1,-0.7174664026697384,1.422158233237547,1.508451882416247,0.7168853643458143,1,0,0.7215128894657706,0,1.0,0.0,0.0,0
1.9044989492377662,0,0.06294885187069905,0.03478346734488051,1.6632957908010868,0.7168853643458143,1,0,-1.4822414030944226,0,0.0,0.0,1.0,0
-0.5413267617822501,0,-0.42481068221707435,-1.0057476070746194,-1.0223976130812507,-1.0457411022578735,0,0,-1.1057052283824278,1,1.0,0.0,0.0,0
-1.7484939582084382,0,-0.3272587753995197,0.7284708502912138,0.7131871986098562,-1.0457411022578735,1,1,-1.661671300574109,0,1.0,0.0,0.0,0
1.4741176009466903,1,-0.1321549617644103,-0.31206022412828616,0.18992452653964395,-1.0457411022578735,1,0,-0.2413636736448746,0,1.0,0.0,0.0,0
0.4978867377498598,0,-0.22970686858196498,-1.0057476070746194,1.804654687834533,0.7168853643458143,1,0,0.9078317588236459,0,0.0,0.0,1.0,0
-1.1606560190791642,1,-1.4003297503926213,1.0753145417643806,1.4956385605143792,-1.0457411022578735,1,1,0.4453171136465353,0,1.0,0.0,0.0,0
-0.961211004017446,1,-0.6199144958521837,1.422158233237547,-1.0223976130812507,0.7168853643458143,1,0,-1.636498368931778,1,1.0,0.0,0.0,0
-0.9717081100733259,1,-0.1321549617644103,1.422158233237547,0.5924304827904519,-1.0457411022578735,1,1,0.803627969954723,0,0.0,0.0,1.0,0
-0.18442515588233357,1,-0.03460305494685562,-0.6589039156014528,-1.0223976130812507,-1.0457411022578735,1,0,-0.9863336261191253,1,1.0,0.0,0.0,0
-0.5833151860057697,0,0.3556045723233631,1.422158233237547,1.1301683041128312,-1.0457411022578735,0,1,0.062495209689148554,0,0.0,1.0,0.0,0
1.1697015253261733,1,0.9409160132286912,-0.6589039156014528,0.9561317958983118,-1.0457411022578735,1,1,-1.3043316701095784,0,0.0,1.0,0.0,1
-0.5308296557263702,1,-0.1321549617644103,1.0753145417643806,1.4696601254018269,0.7168853643458143,1,0,-0.1841552097446602,0,0.0,0.0,1.0,0
0.5923606922527789,0,-1.4003297503926213,0.7284708502912138,1.3564983326602498,-1.0457411022578735,1,1,0.37958812948768306,0,0.0,1.0,0.0,0
0.004522753123504598,0,-0.1321549617644103,0.38162715881804715,0.5214507874790252,-1.0457411022578735,1,0,0.3904442414410892,0,1.0,0.0,0.0,0
1.4321291767231707,0,-0.5223625890346291,-1.6994349900209527,-1.0223976130812507,-1.0457411022578735,0,0,1.3156208291767433,1,1.0,0.0,0.0,0
-0.9717081100733259,1,-0.7174664026697384,-1.6994349900209527,0.9938881524855029,-1.0457411022578735,1,1,-0.4676783796834064,0,0.0,0.0,1.0,0
1.400637858555531,0,0.7458121995935818,1.422158233237547,-1.0223976130812507,-1.0457411022578735,0,0,-1.4752951778170904,1,0.0,0.0,1.0,1
-0.5623209738940099,0,0.06294885187069905,0.03478346734488051,1.5933337774901624,0.7168853643458143,1,0,-0.7809181457195642,0,0.0,0.0,1.0,0
-0.026968565044135095,1,-0.9125702163048478,-1.3525912985477861,-1.0223976130812507,-1.0457411022578735,1,0,1.3989231369697595,1,1.0,0.0,0.0,0
-0.8982283676821666,0,-0.3272587753995197,1.0753145417643806,-1.0223976130812507,0.7168853643458143,0,0,-0.26274937968141854,1,1.0,0.0,0.0,0
0.9072738739291758,0,-0.42481068221707435,-1.3525912985477861,1.0995753463743838,-1.0457411022578735,1,1,0.15318927830192489,0,0.0,1.0,0.0,0
-0.7092804586763285,0,-1.1076740299399572,-0.31206022412828616,-1.0223976130812507,0.7168853643458143,1,0,0.7714959743940397,1,0.0,0.0,1.0,0
-0.9927023221850857,0,-0.3272587753995197,-1.6994349900209527,-1.0223976130812507,0.7168853643458143,1,0,0.35021574776573,1,0.0,0.0,1.0,0
0.5713664801410191,0,-0.9125702163048478,-0.6589039156014528,1.074521329907113,0.7168853643458143,1,0,-1.1780697080068958,0,1.0,0.0,0.0,0
0.6028577983086588,1,0.3556045723233631,-1.0057476070746194,1.838968676262062,-1.0457411022578735,0,1,-0.9116659983927369,0,0.0,1.0,0.0,0
-0.6148065041734093,1,-0.42481068221707435,-1.6994349900209527,0.6606623722698785,-1.0457411022578735,0,1,-0.9796219662831335,0,0.0,0.0,1.0,0
0.3194359347999015,0,2.209090801856902,0.7284708502912138,0.2748901814489917,-1.0457411022578735,1,0,0.5481017121972875,0,1.0,0.0,0.0,1
-0.55182386783813,1,-1.3027778435750665,0.7284708502912138,1.642025785976078,-1.0457411022578735,1,1,-1.1178963855067778,0,0.0,1.0,0.0,0
-1.066182064576245,1,0.3556045723233631,0.38162715881804715,0.7028053280846249,-1.0457411022578735,1,1,-1.0133707631366076,0,0.0,1.0,0.0,1
-1.381095246252642,1,-0.22970686858196498,-1.0057476070746194,0.823997756124884,-1.0457411022578735,0,1,1.1897681421303645,0,1.0,0.0,0.0,0
0.7708114952027372,1,-0.42481068221707435,0.03478346734488051,0.9500397175600687,0.7168853643458143,1,0,0.6795695697384807,0,1.0,0.0,0.0,0
-0.3943672769999315,1,-1.4978816572101759,0.03478346734488051,1.1154932587918729,-1.0457411022578735,1,1,0.7668437019757345,0,0.0,1.0,0.0,0
-1.3496039280850023,1,-0.6199144958521837,-1.0057476070746194,0.5737499454931553,-1.0457411022578735,0,1,0.1984154732370897,0,0.0,1.0,0.0,0
-0.16343094377057377,0,-0.22970686858196498,0.03478346734488051,0.04703250236457244,-1.0457411022578735,1,0,-1.1902971256173702,0,1.0,0.0,0.0,0
-1.4965634128673209,1,-1.2052259367575118,-1.3525912985477861,-1.0223976130812507,0.7168853643458143,0,0,0.3788842596685122,1,1.0,0.0,0.0,0
-1.1396618069674043,0,-0.22970686858196498,-1.0057476070746194,0.7319495628233059,0.7168853643458143,1,1,0.7069302752086999,0,0.0,1.0,0.0,0
-0.29989332249701245,1,-0.5223625890346291,1.0753145417643806,1.4282845385409264,-1.0457411022578735,1,1,-1.1717789474021854,0,0.0,1.0,0.0,0
-1.5175576249790805,1,0.2580526655058084,0.7284708502912138,0.9492322405311798,-1.0457411022578735,0,1,-1.080418657417554,0,0.0,1.0,0.0,1
-0.19492226193821346,0,0.4531564791409178,-0.6589039156014528,1.3270815563032006,-1.0457411022578735,1,1,0.746894882762551,0,1.0,0.0,0.0,1
-0.6148065041734093,0,-0.42481068221707435,-0.31206022412828616,-1.0223976130812507,0.7168853643458143,0,0,-0.6734968893139099,1,1.0,0.0,0.0,0
-0.05845988321177479,0,0.2580526655058084,-0.31206022412828616,1.1268892676322617,-1.0457411022578735,0,1,0.895059219455263,0,0.0,1.0,0.0,0
0.7288230709792175,1,-1.0101221231224025,-1.0057476070746194,-1.0223976130812507,-1.0457411022578735,0,0,-0.02868048145703141,1,1.0,0.0,0.0,0
-0.8562399434586471,0,-1.5954335640277306,1.0753145417643806,0.6726008871212984,-1.0457411022578735,1,1,-1.1332101083214,0,0.0,0.0,1.0,0
-1.2131415493585636,1,-0.6199144958521837,1.0753145417643806,-1.0223976130812507,0.7168853643458143,0,0,-1.0205760166712785,1,1.0,0.0,0.0,0
-0.3313846406646521,0,0.5507083859584725,0.7284708502912138,-1.0223976130812507,-1.0457411022578735,1,0,-1.6468473545648894,1,1.0,0.0,0.0,0
-0.6672920344528088,0,-0.03460305494685562,-0.31206022412828616,0.4069388506209211,0.7168853643458143,1,0,-0.5672177514735998,0,0.0,0.0,1.0,0
-0.15293383771469388,1,-1.2052259367575118,-1.6994349900209527,-1.0223976130812507,-1.0457411022578735,0,0,-0.9063547913988318,1,1.0,0.0,0.0,0
-2.105395564108355,1,-0.9125702163048478,0.03478346734488051,0.7011299702993717,-1.0457411022578735,1,1,0.9317732218989383,0,1.0,0.0,0.0,0
-0.05845988321177479,1,0.3556045723233631,-1.0057476070746194,1.2833474857684528,0.7168853643458143,1,0,-0.9733346755814013,0,0.0,0.0,1.0,0
0.5818635861968989,1,-0.1321549617644103,0.7284708502912138,0.4913835837845224,0.7168853643458143,1,0,-0.6777039731800847,0,0.0,1.0,0.0,0
1.810024994734847,1,-0.22970686858196498,-0.31206022412828616,0.2951404102776117,0.7168853643458143,1,0,-0.16667106261704162,0,0.0,1.0,0.0,0
-0.7722630950116078,1,0.16050075868825375,-0.6589039156014528,-1.0223976130812507,0.7168853643458143,1,0,-0.901925113256592,1,1.0,0.0,0.0,0
0.27744751057638195,1,0.4531564791409178,-1.0057476070746194,0.78970486873282,0.7168853643458143,1,0,-1.2029881222657604,0,1.0,0.0,0.0,0
-1.6015344734261199,1,0.5507083859584725,-0.31206022412828616,0.8061865492734112,-1.0457411022578735,1,1,-1.51475855788571,0,0.0,0.0,1.0,0
1.6630655099525284,0,-0.03460305494685562,-1.0057476070746194,-0.24299623672271087,-1.0457411022578735,1,0,1.4761527675602577,0,0.0,0.0,1.0,0
-1.171153125135044,0,2.1115388950393474,0.7284708502912138,1.0551856940507718,-1.0457411022578735,0,1,1.3395664561356102,0,0.0,1.0,0.0,1
-0.6882862465645686,1,-1.4003297503926213,0.38162715881804715,1.3512272617858503,-1.0457411022578735,1,1,-1.2908523115044932,0,1.0,0.0,0.0,0
-1.2866212917497228,1,0.2580526655058084,1.422158233237547,-1.0223976130812507,0.7168853643458143,1,0,-1.4893217401218708,1,1.0,0.0,0.0,0
-1.475569200755561,0,-0.7174664026697384,-0.6589039156014528,-1.0223976130812507,0.7168853643458143,1,0,0.4248661994723752,1,0.0,0.0,1.0,0
0.40341278324694074,1,-0.6199144958521837,1.422158233237547,-1.0223976130812507,2.479511830949502,0,1,-1.0614401965722828,1,0.0,0.0,1.0,0
0.5713664801410191,0,-1.3027778435750665,0.7284708502912138,-1.0223976130812507,2.479511830949502,1,1,-1.5620519475202634,1,1.0,0.0,0.0,0
0.4873896316939799,1,0.06294885187069905,-1.3525912985477861,1.2577947761271464,-1.0457411022578735,1,1,-1.1876872380921581,0,0.0,1.0,0.0,1
0.19347066212934275,0,0.16050075868825375,1.0753145417643806,0.2506866494645722,-1.0457411022578735,1,0,0.7472500273323914,0,0.0,0.0,1.0,1
-2.2208637307230337,1,2.306642708674457,-1.3525912985477861,0.010415601692474236,-1.0457411022578735,1,1,-0.4015366505652722,0,0.0,0.0,1.0,1
0.35092725296754124,0,-0.3272587753995197,1.422158233237547,0.716333024736767,0.7168853643458143,0,0,-0.8889048228155507,0,1.0,0.0,0.0,0
0.3089388287440216,0,-0.42481068221707435,-0.6589039156014528,0.974493401514539,0.7168853643458143,1,0,0.834182374126272,0,1.0,0.0,0.0,0
-0.961211004017446,0,-0.03460305494685562,0.7284708502912138,1.3196673611779794,0.7168853643458143,1,1,-0.27531632729833067,0,0.0,1.0,0.0,0
-1.4125865644202815,1,-0.6199144958521837,1.0753145417643806,0.9822065548216109,0.7168853643458143,1,1,1.146325650821252,0,0.0,1.0,0.0,0
0.5398751619733794,1,0.2580526655058084,-1.6994349900209527,-1.0223976130812507,-1.0457411022578735,1,0,0.49770570881458764,1,1.0,0.0,0.0,0
0.13048802579406338,1,-0.8150183094872931,0.7284708502912138,0.5099057827775304,-1.0457411022578735,0,0,-1.386475203802954,0,1.0,0.0,0.0,0
0.896776767873296,1,-0.5223625890346291,-1.6994349900209527,1.9036638066903584,-1.0457411022578735,1,1,0.13800324791690816,0,0.0,1.0,0.0,0
1.2536783737732125,1,0.06294885187069905,1.0753145417643806,0.9944675450394455,0.7168853643458143,1,0,0.7769539582839317,0,1.0,0.0,0.0,0
0.6553433285880582,0,-0.6199144958521837,0.7284708502912138,-1.0223976130812507,-1.0457411022578735,0,0,-0.40683467192785927,1,0.0,0.0,1.0,0
0.9282680860409356,1,-1.3027778435750665,0.03478346734488051,1.5225024337334148,0.7168853643458143,1,0,0.8037655516078173,0,1.0,0.0,0.0,0
2.030464221908325,0,-0.1321549617644103,1.422158233237547,-1.0223976130812507,-1.0457411022578735,0,0,0.0067220711559536385,1,1.0,0.0,0.0,0
-1.6435228976496394,1,-0.03460305494685562,0.7284708502912138,-1.0223976130812507,0.7168853643458143,0,0,1.6013536333321423,1,0.0,0.0,1.0,0
-0.9717081100733259,1,0.2580526655058084,1.422158233237547,0.645111714515439,0.7168853643458143,1,1,-1.1342314742630955,0,0.0,1.0,0.0,0
-0.18442515588233357,1,-0.03460305494685562,0.03478346734488051,1.0743497833210833,-1.0457411022578735,1,1,0.8654980750112842,0,0.0,1.0,0.0,0
-2.1788753064995143,1,-0.6199144958521837,-1.6994349900209527,1.4842662299351603,-1.0457411022578735,1,1,1.1620430968474122,0,0.0,0.0,1.0,0
-1.0031994282409655,1,-1.0101221231224025,0.38162715881804715,0.9699911492834444,-1.0457411022578735,1,1,-0.5059925278855761,0,0.0,0.0,1.0,0
-1.0346907464086053,1,-1.2052259367575118,-1.3525912985477861,1.3752806703729181,0.7168853643458143,1,1,-1.3064634050043653,0,0.0,1.0,0.0,0
-0.9927023221850857,1,-0.5223625890346291,0.38162715881804715,-1.0223976130812507,0.7168853643458143,1,0,0.20605567911010458,1,1.0,0.0,0.0,0
-0.6672920344528088,1,-0.7174664026697384,1.0753145417643806,0.7931506195012209,-1.0457411022578735,1,1,1.338606680971782,0,0.0,0.0,1.0,0
-0.9192225797939264,1,-0.3272587753995197,1.7690019247107138,0.9834172065968214,-1.0457411022578735,1,1,1.6322453120731926,0,1.0,0.0,0.0,0
-1.9794302914377961,1,-1.5954335640277306,-1.0057476070746194,-1.0223976130812507,0.7168853643458143,1,0,-1.242045176695608,1,1.0,0.0,0.0,0
0.004522753123504598,1,0.5507083859584725,0.38162715881804715,0.2097585334168077,-1.0457411022578735,1,0,-0.3581238269266249,0,1.0,0.0,0.0,0
1.5580944493937294,1,0.06294885187069905,-1.0057476070746194,-1.0223976130812507,-1.0457411022578735,0,0,1.1613194485812646,1,1.0,0.0,0.0,0
1.3061639040526118,0,-0.9125702163048478,0.38162715881804715,0.5683931818640443,-1.0457411022578735,0,0,0.2166786135833615,0,0.0,0.0,1.0,0
-1.2026444433026837,0,0.3556045723233631,-1.3525912985477861,-1.0223976130812507,-1.0457411022578735,1,1,1.362682429292339,1,1.0,0.0,0.0,1
-1.4335807765320414,0,0.06294885187069905,-1.3525912985477861,0.16140543011118003,-1.0457411022578735,0,1,0.1719774149688302,0,1.0,0.0,0.0,1
-0.18442515588233357,0,-0.3272587753995197,0.03478346734488051,1.1767210541864837,0.7168853643458143,1,0,-0.6950316276833768,0,0.0,0.0,1.0,0
-0.36287595883229185,1,-0.5223625890346291,-0.6589039156014528,0.5388554369754378,0.7168853643458143,1,0,-0.8875984043441789,0,0.0,1.0,0.0,0
0.9072738739291758,1,-0.8150183094872931,0.7284708502912138,0.22754445124104433,-1.0457411022578735,0,0,0.7754103719439854,0,1.0,0.0,0.0,0
0.791805707314497,1,-0.03460305494685562,0.03478346734488051,1.857451411486453,-1.0457411022578735,1,1,1.6663674704871438,0,0.0,1.0,0.0,0
2.030464221908325,0,0.5507083859584725,0.03478346734488051,1.0491332405577525,-1.0457411022578735,0,1,1.238453309849559,0,0.0,1.0,0.0,0
0.7078288588674577,0,-0.1321549617644103,1.7690019247107138,0.08256471316782184,-1.0457411022578735,1,0,1.008860586467322,0,1.0,0.0,0.0,0
0.6658404346439382,0,0.4531564791409178,0.38162715881804715,1.1976250929612953,0.7168853643458143,1,0,1.263810840330341,0,1.0,0.0,0.0,0
0.4873896316939799,1,1.7213312677691288,1.422158233237547,-1.0223976130812507,-1.0457411022578735,0,0,-0.24577808421400937,1,1.0,0.0,0.0,1
-0.22641358010585316,1,0.4531564791409178,0.03478346734488051,0.24999079852405745,0.7168853643458143,0,0,0.9290960182559451,0,0.0,1.0,0.0,0
0.22496198029698244,1,1.5262274541340193,0.7284708502912138,1.0541209776811413,-1.0457411022578735,0,0,1.5967213128559634,0,1.0,0.0,0.0,1
-0.5098354436146104,1,-0.42481068221707435,-0.6589039156014528,0.6896621212924386,-1.0457411022578735,1,1,-1.0943095465158788,0,0.0,1.0,0.0,0
-0.9822052161292057,0,-0.42481068221707435,0.38162715881804715,1.2296199004069879,-1.0457411022578735,1,1,0.91439195739463,0,1.0,0.0,0.0,0
-0.8142515192351274,1,0.4531564791409178,-1.0057476070746194,1.326805148846274,-1.0457411022578735,1,1,1.7122021129095732,0,0.0,0.0,1.0,1
0.27744751057638195,0,0.4531564791409178,-0.31206022412828616,0.8442876097987275,-1.0457411022578735,1,1,0.30596875945107266,0,0.0,1.0,0.0,1
2.030464221908325,0,-0.7174664026697384,-1.3525912985477861,0.7304766783325496,-1.0457411022578735,1,1,0.5631600501526987,0,0.0,1.0,0.0,0
-0.8772341555704068,1,0.7458121995935818,-0.6589039156014528,0.028936995302449465,-1.0457411022578735,0,1,1.5662281524719832,0,0.0,0.0,1.0,1
0.08849960157054378,0,0.2580526655058084,1.0753145417643806,0.5263144956153315,-1.0457411022578735,1,0,0.6475595412674882,0,1.0,0.0,0.0,0
-0.16343094377057377,1,-0.6199144958521837,0.03478346734488051,0.9580057611395036,-1.0457411022578735,1,1,-0.009694039834909757,0,0.0,1.0,0.0,0
-0.14243673165881396,1,0.2580526655058084,0.7284708502912138,1.4727218695400923,-1.0457411022578735,1,1,-0.8682795460167255,0,0.0,1.0,0.0,0
-1.7694881703201981,0,-0.22970686858196498,-1.6994349900209527,-1.0223976130812507,0.7168853643458143,1,0,0.6412660047403949,1,1.0,0.0,0.0,0
0.9072738739291758,1,0.06294885187069905,-0.6589039156014528,0.9056209103706618,-1.0457411022578735,0,1,-1.2765335833689304,0,0.0,1.0,0.0,0
0.7708114952027372,0,0.8433641064111366,0.7284708502912138,-1.0223976130812507,-1.0457411022578735,1,0,-1.1509728886581847,1,1.0,0.0,0.0,1
-0.9822052161292057,1,-1.5954335640277306,-0.6589039156014528,1.1937433078188264,-1.0457411022578735,0,1,-1.6294969721970889,0,1.0,0.0,0.0,0
0.9282680860409356,1,-0.22970686858196498,1.0753145417643806,0.06046194228668793,-1.0457411022578735,1,0,0.539153352901412,0,1.0,0.0,0.0,0
-0.05845988321177479,0,0.6482602927760271,1.0753145417643806,0.5226959096480479,-1.0457411022578735,1,0,-0.25904890165009203,0,0.0,0.0,1.0,1
-1.3391068220291222,0,-0.9125702163048478,1.0753145417643806,-1.0223976130812507,0.7168853643458143,1,0,-1.3857317770898292,1,1.0,0.0,0.0,0
-1.0556849585203651,0,0.16050075868825375,1.0753145417643806,-1.0223976130812507,0.7168853643458143,1,0,-0.6523575463888333,1,1.0,0.0,0.0,0
-0.37337306488817174,0,0.16050075868825375,0.38162715881804715,-1.0223976130812507,-1.0457411022578735,1,0,0.9618855604310377,1,1.0,0.0,0.0,0
0.6238520104204186,1,1.1360198268638007,-1.0057476070746194,0.9049769260974725,-1.0457411022578735,1,1,-1.5054076898443385,0,0.0,1.0,0.0,1
0.371921465079301,1,-1.4003297503926213,-1.0057476070746194,0.9201368120042985,-1.0457411022578735,0,1,1.4014403780854479,0,0.0,1.0,0.0,0
-0.4153614891116913,1,0.5507083859584725,1.422158233237547,-0.23059188832500188,0.7168853643458143,1,0,-0.8053547639498764,0,0.0,1.0,0.0,0
-0.49933833755873047,1,0.9409160132286912,-1.3525912985477861,0.7175401328266322,2.479511830949502,1,1,1.4714304031017889,0,1.0,0.0,0.0,1
1.6840597220642883,0,-1.1076740299399572,0.7284708502912138,1.0685474817981149,-1.0457411022578735,1,1,-0.7018602232497411,0,0.0,1.0,0.0,0
2.030464221908325,1,1.9164350814042381,1.0753145417643806,1.5009017386350554,-1.0457411022578735,0,0,-1.2806440304371567,0,1.0,0.0,0.0,1
-1.9794302914377961,0,0.3556045723233631,0.03478346734488051,-1.0223976130812507,0.7168853643458143,1,0,0.4440041023595044,1,1.0,0.0,0.0,0
0.6028577983086588,1,-1.6929854708452852,0.38162715881804715,0.36934485925318344,0.7168853643458143,0,0,-1.2558102818109653,0,0.0,1.0,0.0,0
-0.6253036102292893,1,-0.03460305494685562,-1.3525912985477861,-1.0223976130812507,0.7168853643458143,1,0,-1.0133907150787336,1,0.0,0.0,1.0,0
-1.2131415493585636,0,0.06294885187069905,1.422158233237547,0.5902477336944066,-1.0457411022578735,1,1,1.7365908464787834,0,0.0,1.0,0.0,1
-1.0871762766880049,0,0.9409160132286912,-0.6589039156014528,-1.0223976130812507,-1.0457411022578735,0,1,-1.1968156853526135,1,0.0,0.0,1.0,1
-0.5098354436146104,0,-0.8150183094872931,-1.0057476070746194,0.4443236034766844,0.7168853643458143,1,0,0.5770372331342589,0,0.0,1.0,0.0,0
1.1801986313820532,0,-0.7174664026697384,0.38162715881804715,0.8759265990204395,0.7168853643458143,1,0,0.8319965087450221,0,1.0,0.0,0.0,0
-2.304840579170073,1,-0.3272587753995197,0.38162715881804715,1.0201075582015293,0.7168853643458143,1,1,1.0656035628829825,0,0.0,1.0,0.0,0
0.791805707314497,0,-0.9125702163048478,-1.3525912985477861,1.4635591878502212,-1.0457411022578735,1,1,0.673403205155546,0,0.0,1.0,0.0,0
-0.8352457313468872,0,0.06294885187069905,1.7690019247107138,-1.0223976130812507,0.7168853643458143,1,0,-1.5468879510191598,1,1.0,0.0,0.0,0
-0.9717081100733259,0,1.4286755473164647,-1.0057476070746194,-0.289945557401814,-1.0457411022578735,1,1,-1.0176861079757087,0,1.0,0.0,0.0,1
0.5713664801410191,1,-0.5223625890346291,-1.3525912985477861,-1.0223976130812507,-1.0457411022578735,0,0,-1.0084094958580754,1,1.0,0.0,0.0,0
-2.0214187156613157,1,-0.5223625890346291,1.0753145417643806,1.6238449083124569,0.7168853643458143,1,1,-1.6656101609400527,0,0.0,1.0,0.0,0
-0.15293383771469388,1,-0.42481068221707435,1.0753145417643806,-1.0223976130812507,-1.0457411022578735,1,0,-0.4793412440792932,1,0.0,0.0,1.0,0
-1.3286097159732424,0,-0.9125702163048478,0.03478346734488051,-1.0223976130812507,0.7168853643458143,0,0,0.37713681652858455,1,1.0,0.0,0.0,0
0.7708114952027372,0,0.06294885187069905,0.38162715881804715,1.2341985029496112,-1.0457411022578735,1,0,1.2619417770910202,0,0.0,0.0,1.0,1
-1.4020894583644017,1,-0.6199144958521837,-0.31206022412828616,-1.0223976130812507,0.7168853643458143,1,0,1.1820989625674798,1,0.0,0.0,1.0,0
-2.105395564108355,1,-0.6199144958521837,1.422158233237547,1.3535830071573847,-1.0457411022578735,1,1,0.6191278502429822,0,0.0,0.0,1.0,0
-1.066182064576245,0,-1.2052259367575118,0.7284708502912138,-1.0223976130812507,0.7168853643458143,1,0,-0.1143541209454933,1,1.0,0.0,0.0,0
-1.171153125135044,1,-0.5223625890346291,-1.3525912985477861,1.112316828109708,0.7168853643458143,0,1,0.13387059346962046,0,0.0,1.0,0.0,0
-1.2026444433026837,0,0.4531564791409178,1.0753145417643806,1.323173676750462,-1.0457411022578735,0,1,-1.5504024422508433,0,1.0,0.0,0.0,0
1.6315741917848887,1,-0.6199144958521837,0.03478346734488051,1.120742262171168,0.7168853643458143,1,0,-0.17918040984451195,0,1.0,0.0,0.0,0
-2.409811639728872,0,0.06294885187069905,1.422158233237547,-1.0223976130812507,0.7168853643458143,1,0,-1.2378053022462874,1,0.0,0.0,1.0,0
0.9702565102644553,0,2.1115388950393474,0.38162715881804715,-1.0223976130812507,-1.0457411022578735,1,0,-1.4180613836251335,1,1.0,0.0,0.0,1
-0.6987833526204486,1,-0.1321549617644103,-1.3525912985477861,-1.0223976130812507,0.7168853643458143,0,0,0.5868018871058055,1,0.0,0.0,1.0,0
-0.23691068616173305,0,-0.22970686858196498,-1.3525912985477861,0.09739004296273857,-1.0457411022578735,1,0,0.28669691830897676,0,1.0,0.0,0.0,0
-0.10044830743529438,1,0.2580526655058084,-0.31206022412828616,1.2155580737273584,-1.0457411022578735,1,1,0.03303399845094805,0,1.0,0.0,0.0,1
-1.0031994282409655,1,-1.0101221231224025,0.7284708502912138,-1.0223976130812507,0.7168853643458143,1,0,-1.5947084189161338,1,1.0,0.0,0.0,0
-0.06895698926765469,1,-0.6199144958521837,-1.0057476070746194,0.3452466713694807,-1.0457411022578735,1,0,1.101743990364327,0,1.0,0.0,0.0,0
-0.9192225797939264,1,0.2580526655058084,-1.0057476070746194,-1.0223976130812507,0.7168853643458143,1,0,0.5995811927849964,1,0.0,0.0,1.0,0
-0.6777891405086888,1,-0.03460305494685562,-0.6589039156014528,-1.0223976130812507,-1.0457411022578735,1,1,-1.5060718292744064,1,0.0,0.0,1.0,1
-1.066182064576245,1,-1.6929854708452852,-1.3525912985477861,-1.0223976130812507,0.7168853643458143,0,0,0.07265525910508551,1,0.0,0.0,1.0,0
-0.656794928396929,1,-0.03460305494685562,-0.31206022412828616,-1.0223976130812507,0.7168853643458143,0,0,1.5123646750429574,1,1.0,0.0,0.0,0
0.10949381368230357,1,0.4531564791409178,1.0753145417643806,2.0417217608247378,-1.0457411022578735,1,0,-0.03826556794944565,0,1.0,0.0,0.0,1
-0.35237885277641195,0,-0.42481068221707435,1.422158233237547,-1.0223976130812507,-1.0457411022578735,1,0,-1.3091666329196967,1,1.0,0.0,0.0,0
-0.8982283676821666,1,-0.03460305494685562,-1.3525912985477861,0.9331535736603033,-1.0457411022578735,1,1,0.9564893408141615,0,1.0,0.0,0.0,0
-0.3943672769999315,0,0.3556045723233631,-1.0057476070746194,-1.0223976130812507,-1.0457411022578735,1,1,0.028371142828559157,1,1.0,0.0,0.0,1
-0.7932573071233676,1,-0.8150183094872931,-1.3525912985477861,-1.0223976130812507,0.7168853643458143,1,0,1.730622266365618,1,1.0,0.0,0.0,0
-1.381095246252642,1,-0.5223625890346291,-1.3525912985477861,0.7950836998570354,-1.0457411022578735,0,1,1.3092802754642927,0,1.0,0.0,0.0,0
0.8547883436497763,1,-0.3272587753995197,0.03478346734488051,1.5753500575930202,0.7168853643458143,1,0,1.4177374714041517,0,1.0,0.0,0.0,0
-0.31039042855289234,0,-0.1321549617644103,0.7284708502912138,1.3512525508130868,-1.0457411022578735,1,1,0.5780572111147625,0,0.0,1.0,0.0,0
-0.06895698926765469,1,-0.42481068221707435,-0.31206022412828616,1.2712222831299824,-1.0457411022578735,1,1,-1.5343413023346715,0,0.0,1.0,0.0,0
-2.4622971700082714,0,-0.5223625890346291,-1.0057476070746194,-1.0223976130812507,0.7168853643458143,1,0,0.05103706956898784,1,1.0,0.0,0.0,0
-0.8982283676821666,1,0.16050075868825375,1.7690019247107138,0.7961066973855561,-1.0457411022578735,1,1,0.3762922421436391,0,1.0,0.0,0.0,0
-1.8009794884878378,0,-1.1076740299399572,-0.6589039156014528,-1.0223976130812507,0.7168853643458143,1,0,0.7241036925246012,1,1.0,0.0,0.0,0
-1.2551299735820831,1,-0.8150183094872931,-1.3525912985477861,0.6389170303787914,-1.0457411022578735,1,1,-0.05479306282591601,0,0.0,0.0,1.0,0
-0.4678470193910908,0,0.3556045723233631,1.7690019247107138,0.1936906586785736,-1.0457411022578735,0,0,0.8669408606697075,0,1.0,0.0,0.0,0
-1.3076155038614827,1,-0.03460305494685562,1.422158233237547,-1.0223976130812507,0.7168853643458143,0,0,-1.1993660640417458,1,1.0,0.0,0.0,0
0.8652854497056562,1,0.16050075868825375,0.03478346734488051,1.3797544120446443,2.479511830949502,1,1,-0.6883701079454229,0,0.0,1.0,0.0,1
-1.381095246252642,0,-1.3027778435750665,0.38162715881804715,-1.0223976130812507,0.7168853643458143,1,0,-0.17604500551321955,1,1.0,0.0,0.0,0
1.096221782935014,0,-0.5223625890346291,0.38162715881804715,1.2013259890745518,0.7168853643458143,1,0,0.851267829401671,0,1.0,0.0,0.0,0
2.030464221908325,1,0.5507083859584725,0.7284708502912138,0.4130890776141468,-1.0457411022578735,1,0,0.07854403144974716,0,0.0,0.0,1.0,1
-0.7302746707880883,0,-0.6199144958521837,-0.6589039156014528,0.9982285227269637,0.7168853643458143,1,1,0.534385359218777,0,0.0,1.0,0.0,0
-0.28939621644113256,0,0.5507083859584725,0.38162715881804715,0.9993228771922086,0.7168853643458143,0,0,-0.35793523769974833,0,0.0,0.0,1.0,0
-1.7274997460966786,0,-1.0101221231224025,1.422158233237547,-1.0223976130812507,0.7168853643458143,1,0,-0.06517379807127995,1,1.0,0.0,0.0,0
0.5293780559174995,0,1.0384679200462459,1.7690019247107138,-1.0223976130812507,-1.0457411022578735,1,0,-0.2905287289459831,1,1.0,0.0,0.0,1
-0.05845988321177479,0,0.06294885187069905,0.38162715881804715,-1.0223976130812507,-1.0457411022578735,1,0,-1.310533254207744,1,1.0,0.0,0.0,0
-1.1816502311909238,0,-0.6199144958521837,1.422158233237547,0.761177718474026,-1.0457411022578735,1,1,-1.4773804160119666,0,1.0,0.0,0.0,0
1.2431812677173326,1,-0.6199144958521837,1.0753145417643806,0.9374090565300858,-1.0457411022578735,0,1,0.4542932321662383,0,0.0,1.0,0.0,0
0.23545908635286236,1,-0.3272587753995197,-1.3525912985477861,0.7533935303834434,-1.0457411022578735,1,1,1.3632811610512638,0,0.0,1.0,0.0,0
0.5188809498616196,1,-1.9856411912979492,-1.0057476070746194,1.8147976817521758,0.7168853643458143,1,0,0.5194550606832693,0,1.0,0.0,0.0,0
-1.779985276376078,1,1.4286755473164647,-0.31206022412828616,2.1941329292200877,-1.0457411022578735,1,1,-1.3099881324498355,0,1.0,0.0,0.0,1
-1.7065055339849187,1,-1.1076740299399572,-1.0057476070746194,-1.0223976130812507,0.7168853643458143,1,0,-1.3412731246934888,1,0.0,0.0,1.0,0
-1.2551299735820831,1,-0.03460305494685562,-0.6589039156014528,-1.0223976130812507,0.7168853643458143,0,0,0.7166980520929275,1,1.0,0.0,0.0,0
0.4349041014145804,0,-0.22970686858196498,0.7284708502912138,0.930875628289757,-1.0457411022578735,1,1,-1.4977095365915842,0,0.0,1.0,0.0,0
-1.8534650187672372,0,-1.0101221231224025,0.38162715881804715,-1.0223976130812507,0.7168853643458143,0,0,-0.8949172972013928,1,1.0,0.0,0.0,0
-1.0346907464086053,1,-0.3272587753995197,-1.3525912985477861,-1.0223976130812507,0.7168853643458143,0,0,0.2077423989479103,1,1.0,0.0,0.0,0
-0.6043093981175295,1,-1.3027778435750665,0.38162715881804715,0.9166975043001617,-1.0457411022578735,1,1,-1.2979262292114315,0,1.0,0.0,0.0,0
0.4558983135263402,0,-0.6199144958521837,-0.6589039156014528,-1.0223976130812507,-1.0457411022578735,0,0,-0.06893378493868635,1,1.0,0.0,0.0,0
-0.18442515588233357,1,-0.9125702163048478,-0.31206022412828616,1.1269211608003689,0.7168853643458143,1,0,-0.03001760856976204,0,0.0,0.0,1.0,0
1.0227420405438548,0,0.06294885187069905,1.0753145417643806,1.0619637976565266,-1.0457411022578735,1,1,-0.20869176118075047,0,0.0,1.0,0.0,0
-1.5910373673702398,1,-0.42481068221707435,1.7690019247107138,0.6608334356260882,-1.0457411022578735,0,1,0.4638831765228223,0,1.0,0.0,0.0,0
-1.6750142158172792,1,-0.3272587753995197,0.7284708502912138,0.7503087522904343,0.7168853643458143,1,1,-0.1184373292753388,0,0.0,1.0,0.0,0
-1.8324708066554776,0,-0.3272587753995197,-1.0057476070746194,1.1217209636328735,-1.0457411022578735,0,1,-0.3427511157613698,0,1.0,0.0,0.0,0
-1.8954534429907568,0,0.16050075868825375,-0.31206022412828616,-1.0223976130812507,0.7168853643458143,0,0,1.4371198289561102,1,1.0,0.0,0.0,0
0.991250722376215,0,-0.1321549617644103,-1.6994349900209527,1.4133864021198261,-1.0457411022578735,1,1,0.16648039467043096,0,0.0,1.0,0.0,0
-0.16343094377057377,0,0.16050075868825375,0.7284708502912138,-1.0223976130812507,-1.0457411022578735,1,0,0.4733478573818856,1,1.0,0.0,0.0,0
0.22496198029698244,0,2.1115388950393474,1.7690019247107138,0.8740991849185552,-1.0457411022578735,1,0,0.828893027521131,0,1.0,0.0,0.0,1
1.400637858555531,1,-1.2052259367575118,0.03478346734488051,-1.0223976130812507,-1.0457411022578735,1,0,-1.374130503471809,1,1.0,0.0,0.0,0
1.1277131011026538,1,-1.4003297503926213,0.7284708502912138,0.5585468910557602,-1.0457411022578735,1,0,-1.264256546145865,0,1.0,0.0,0.0,0
-1.276124185693843,0,-0.03460305494685562,1.0753145417643806,-1.0223976130812507,0.7168853643458143,1,0,0.6403190682175867,1,1.0,0.0,0.0,0
-1.1081704887997645,1,-0.6199144958521837,-0.31206022412828616,-1.0223976130812507,0.7168853643458143,1,0,-0.8031624792481161,1,0.0,0.0,1.0,0
-0.21591647404997324,1,-0.42481068221707435,-1.3525912985477861,0.33153872999455253,-1.0457411022578735,0,0,-1.0795348731289527,0,1.0,0.0,0.0,0
1.6840597220642883,0,0.7458121995935818,-1.6994349900209527,0.4125998879599007,-1.0457411022578735,0,1,-0.20423432381468323,0,0.0,1.0,0.0,1
-0.4783441254469707,0,2.209090801856902,-0.6589039156014528,1.0971062030718024,4.242138297553191,0,1,-0.5807816022162092,0,1.0,0.0,0.0,1
-1.1291647009115244,1,0.2580526655058084,1.422158233237547,0.5081651889666039,2.479511830949502,1,1,0.5551320826218465,0,0.0,1.0,0.0,1
1.9359902674054057,1,-1.1076740299399572,1.0753145417643806,-1.0223976130812507,-1.0457411022578735,1,0,1.252793030898141,1,1.0,0.0,0.0,0
0.4663954195822201,0,0.3556045723233631,0.38162715881804715,0.3655643912962664,-1.0457411022578735,1,0,0.930433145368676,0,1.0,0.0,0.0,0
-1.276124185693843,1,-0.3272587753995197,1.0753145417643806,0.8942516402469685,-1.0457411022578735,1,1,0.621513582035789,0,0.0,0.0,1.0,0
0.18297355607346286,1,0.4531564791409178,1.0753145417643806,0.3621827490172924,0.7168853643458143,1,0,-1.578046291804101,0,0.0,1.0,0.0,0
0.9177709799850557,1,-0.9125702163048478,-1.3525912985477861,-1.0223976130812507,-1.0457411022578735,0,0,-0.2999842145621537,1,1.0,0.0,0.0,0
1.8730076310701265,1,-0.03460305494685562,0.7284708502912138,0.3761353657576467,-1.0457411022578735,0,0,1.3219004860919232,0,0.0,0.0,1.0,0
-0.25790489827349283,0,-0.9125702163048478,0.7284708502912138,0.2810785835979819,-1.0457411022578735,1,0,-1.5942960209471495,0,0.0,0.0,1.0,0
-0.9087254737380465,1,-0.8150183094872931,-1.0057476070746194,1.0942546639051514,-1.0457411022578735,1,1,-0.8980310146390701,0,1.0,0.0,0.0,0
-0.9717081100733259,1,-0.7174664026697384,-0.31206022412828616,-1.0223976130812507,0.7168853643458143,1,0,-0.8014362025163566,1,1.0,0.0,0.0,0
-0.24740779221761294,0,-0.9125702163048478,1.0753145417643806,0.6680063379946217,-1.0457411022578735,1,1,-0.03520476653218889,0,0.0,1.0,0.0,0
-0.7617659889557279,1,-0.22970686858196498,-0.31206022412828616,0.30964294255290054,0.7168853643458143,0,0,-0.28896432318816645,0,0.0,0.0,1.0,0
-0.3943672769999315,1,-1.3027778435750665,-0.31206022412828616,-1.0223976130812507,-1.0457411022578735,1,0,0.7947942909522836,1,1.0,0.0,0.0,0
-1.0346907464086053,1,0.16050075868825375,0.38162715881804715,-1.0223976130812507,0.7168853643458143,1,0,1.2861417479382045,1,1.0,0.0,0.0,0
0.6028577983086588,1,-1.1076740299399572,-0.6589039156014528,-1.0223976130812507,2.479511830949502,1,1,0.5103616594428958,1,0.0,0.0,1.0,0
0.4768925256381,1,-1.0101221231224025,-1.3525912985477861,0.6372363570655203,-1.0457411022578735,1,1,-1.0304178759840952,0,0.0,1.0,0.0,0
-1.884956336934877,1,-1.1076740299399572,-1.3525912985477861,1.0483223809201248,-1.0457411022578735,1,1,0.5805074831029678,0,1.0,0.0,0.0,0
-1.884956336934877,1,-0.42481068221707435,1.0753145417643806,1.232023324454076,0.7168853643458143,1,1,1.5642707802018614,0,0.0,1.0,0.0,0
-0.5833151860057697,0,0.16050075868825375,-0.6589039156014528,0.46039888773882226,-1.0457411022578735,0,1,1.1266499129724687,0,1.0,0.0,0.0,1
0.9702565102644553,0,-0.3272587753995197,-0.6589039156014528,-1.0223976130812507,2.479511830949502,1,1,0.5714277879793592,1,1.0,0.0,0.0,0
2.030464221908325,1,1.623779360951574,0.38162715881804715,-1.0223976130812507,-1.0457411022578735,1,0,-1.7135977046654371,1,1.0,0.0,0.0,1
0.29844172268814173,1,-0.3272587753995197,1.422158233237547,-1.0223976130812507,-1.0457411022578735,1,0,1.1679731610375168,1,1.0,0.0,0.0,0
-1.066182064576245,1,-1.4003297503926213,0.03478346734488051,-1.0223976130812507,0.7168853643458143,1,0,-1.252637402527506,1,1.0,0.0,0.0,0
1.0017478284320949,1,0.5507083859584725,0.38162715881804715,0.3285572020063747,-1.0457411022578735,1,0,1.3707614043969738,0,0.0,0.0,1.0,0
-0.25790489827349283,1,0.16050075868825375,-0.6589039156014528,2.092096858773023,0.7168853643458143,1,0,0.8583637809925219,0,1.0,0.0,0.0,0
-1.0031994282409655,1,-0.1321549617644103,0.03478346734488051,-1.0223976130812507,0.7168853643458143,1,0,-0.28835518172030633,1,1.0,0.0,0.0,0
0.07800249551466389,1,-0.5223625890346291,0.7284708502912138,0.5446548391194875,0.7168853643458143,1,0,0.7585159348275476,0,0.0,1.0,0.0,0
-0.18442515588233357,0,-0.1321549617644103,0.03478346734488051,1.4137649321453376,-1.0457411022578735,0,1,-0.8687936121429771,0,0.0,1.0,0.0,0
0.11999091973818347,1,-0.42481068221707435,0.03478346734488051,0.2701192534380871,0.7168853643458143,0,0,-0.7448604754242553,0,0.0,1.0,0.0,0
-0.8667370495145269,1,-0.42481068221707435,0.03478346734488051,-1.0223976130812507,0.7168853643458143,0,0,-1.2395144029583038,1,0.0,0.0,1.0,0
-0.8457428374027671,1,-0.6199144958521837,0.7284708502912138,-1.0223976130812507,0.7168853643458143,1,0,-1.6491182325691107,1,1.0,0.0,0.0,0
0.5398751619733794,1,-0.1321549617644103,1.0753145417643806,1.4479719657060834,-1.0457411022578735,1,1,-1.2630667164145677,0,0.0,1.0,0.0,0
-1.0766791706321248,0,1.2335717336813552,0.7284708502912138,0.6802128843194252,-1.0457411022578735,0,1,1.389421675139125,0,0.0,1.0,0.0,1
-1.664517109761399,1,-0.1321549617644103,1.0753145417643806,0.7242024223522415,0.7168853643458143,1,1,-1.4720813536784858,0,0.0,1.0,0.0,0
-1.664517109761399,0,0.5507083859584725,-1.0057476070746194,0.9218400360424939,0.7168853643458143,1,1,-0.02668129685601961,0,0.0,1.0,0.0,0
-0.49933833755873047,1,-0.42481068221707435,0.7284708502912138,1.2438661598011753,0.7168853643458143,1,0,-0.9272791738343961,0,0.0,0.0,1.0,0
-0.31039042855289234,0,-0.6199144958521837,-1.3525912985477861,-1.0223976130812507,-1.0457411022578735,1,0,0.12384240036686296,1,1.0,0.0,0.0,0
0.4663954195822201,1,-0.22970686858196498,0.7284708502912138,0.5150515360519947,0.7168853643458143,1,0,1.5505514778058194,0,0.0,1.0,0.0,0
-0.016471458988255198,0,-0.42481068221707435,-0.31206022412828616,0.7459608114484632,0.7168853643458143,1,0,0.5954476708619642,0,0.0,0.0,1.0,0
-0.8772341555704068,0,-0.3272587753995197,1.422158233237547,2.3097744963202818,0.7168853643458143,0,1,0.05677698307587561,0,0.0,1.0,0.0,0
1.3901407524996512,0,-0.6199144958521837,0.7284708502912138,0.09585288890594873,-1.0457411022578735,1,0,0.1350795076672988,0,1.0,0.0,0.0,0
0.22496198029698244,0,0.2580526655058084,1.422158233237547,-1.0223976130812507,-1.0457411022578735,0,0,-1.5016626235597392,1,1.0,0.0,0.0,0
-0.28939621644113256,1,0.06294885187069905,-1.0057476070746194,1.066271791500061,0.7168853643458143,1,0,-0.29389279988355266,0,1.0,0.0,0.0,0
-1.9479389732701564,0,-1.1076740299399572,-0.31206022412828616,-1.0223976130812507,0.7168853643458143,1,0,0.39779800682323607,1,1.0,0.0,0.0,0
-1.685511321873159,1,-0.9125702163048478,-1.0057476070746194,-1.0223976130812507,0.7168853643458143,1,0,-0.7690002434547643,1,0.0,0.0,1.0,0
-0.6253036102292893,1,0.2580526655058084,-0.31206022412828616,1.4452674894812587,-1.0457411022578735,1,1,-0.13225968778983982,0,1.0,0.0,0.0,0
1.190695737437933,0,3.0870579632148942,1.422158233237547,0.7613468489109567,-1.0457411022578735,1,0,-1.3367252963548342,0,1.0,0.0,0.0,1
-0.7722630950116078,0,1.8188831745866834,-0.6589039156014528,2.817468308979509,-1.0457411022578735,0,1,0.8371380374832824,0,1.0,0.0,0.0,1
0.27744751057638195,1,0.16050075868825375,1.0753145417643806,-1.0223976130812507,-1.0457411022578735,1,0,-0.41405293759869927,1,0.0,0.0,1.0,0
0.791805707314497,0,-0.42481068221707435,1.0753145417643806,0.9481883030438009,0.7168853643458143,1,0,1.5314805440461736,0,1.0,0.0,0.0,0
-1.664517109761399,1,-0.9125702163048478,1.0753145417643806,1.037196497549005,-1.0457411022578735,1,1,-0.92014383884474,0,0.0,0.0,1.0,0
-0.8247486252910073,1,-0.42481068221707435,-0.31206022412828616,1.798232724605972,-1.0457411022578735,1,1,-0.4312275693806434,0,1.0,0.0,0.0,0
-1.0766791706321248,0,0.2580526655058084,-0.31206022412828616,0.7841230810842879,-1.0457411022578735,0,1,-1.1011983448989184,0,0.0,0.0,1.0,0
-0.37337306488817174,0,-0.7174664026697384,1.0753145417643806,0.5944151076603785,-1.0457411022578735,1,1,-0.16185969514717677,0,0.0,1.0,0.0,0
-1.2446328675262033,0,-0.5223625890346291,0.03478346734488051,-1.0223976130812507,0.7168853643458143,1,0,0.47275346300168386,1,1.0,0.0,0.0,0
1.6840597220642883,1,0.5507083859584725,1.0753145417643806,-1.0223976130812507,-1.0457411022578735,0,0,-0.5935563970215277,1,1.0,0.0,0.0,1
0.7183259649233377,1,-0.3272587753995197,0.7284708502912138,0.20042752667303906,-1.0457411022578735,1,0,0.8812481381254416,0,1.0,0.0,0.0,0
0.4244069953587005,1,0.3556045723233631,1.422158233237547,1.1157213432668194,0.7168853643458143,0,0,1.3004162348107922,0,1.0,0.0,0.0,0
0.40341278324694074,0,1.1360198268638007,1.0753145417643806,-1.0223976130812507,-1.0457411022578735,1,0,0.4626766912572288,1,1.0,0.0,0.0,1
0.5083838438057396,1,-0.5223625890346291,-0.6589039156014528,1.3039989564241148,0.7168853643458143,1,0,0.24517605926930822,0,1.0,0.0,0.0,0
0.07800249551466389,1,-0.22970686858196498,0.38162715881804715,0.12354598449576458,0.7168853643458143,1,0,0.39417195821079637,0,0.0,1.0,0.0,0
-1.1816502311909238,1,0.16050075868825375,1.0753145417643806,-1.0223976130812507,0.7168853643458143,1,0,-0.661578813553961,1,1.0,0.0,0.0,0
0.15148223790582316,0,-0.42481068221707435,1.7690019247107138,-1.0223976130812507,-1.0457411022578735,1,0,-1.3268601886920621,1,0.0,0.0,1.0,0
1.5580944493937294,1,0.7458121995935818,0.38162715881804715,0.8786616798005185,2.479511830949502,1,0,1.091796992991264,0,1.0,0.0,0.0,1
0.6658404346439382,1,-0.5223625890346291,0.38162715881804715,0.5430836978987047,-1.0457411022578735,0,0,-0.1358869508683221,0,0.0,0.0,1.0,0
0.3089388287440216,1,-0.3272587753995197,-0.31206022412828616,-1.0223976130812507,-1.0457411022578735,1,0,-1.5770230174157676,1,1.0,0.0,0.0,0
-1.381095246252642,1,-1.2052259367575118,0.7284708502912138,1.452454083361353,-1.0457411022578735,1,1,-0.6335301998182719,0,1.0,0.0,0.0,0
-0.8037544131792476,0,-0.3272587753995197,-1.3525912985477861,0.6221515328573699,-1.0457411022578735,0,1,1.189695100672669,0,1.0,0.0,0.0,0
1.4111349646114109,1,-1.0101221231224025,-0.31206022412828616,-1.0223976130812507,-1.0457411022578735,1,0,1.2963881979383038,1,1.0,0.0,0.0,0
0.5608693740851391,0,-0.6199144958521837,-0.6589039156014528,-1.0223976130812507,-1.0457411022578735,1,0,-0.08541634457158635,1,1.0,0.0,0.0,0
0.781308601258617,1,-0.5223625890346291,-1.3525912985477861,-1.0223976130812507,-1.0457411022578735,1,0,0.5380665792885736,1,0.0,0.0,1.0,0
-1.7274997460966786,1,-0.9125702163048478,-1.3525912985477861,1.3066406127723653,-1.0457411022578735,1,1,1.675618752313035,0,1.0,0.0,0.0,0
-0.7302746707880883,1,0.16050075868825375,-1.0057476070746194,-1.0223976130812507,4.242138297553191,0,1,0.11209677878494101,1,1.0,0.0,0.0,1
0.19347066212934275,1,1.5262274541340193,0.38162715881804715,-1.0223976130812507,-1.0457411022578735,1,0,0.1832148692595637,1,1.0,0.0,0.0,1
1.0122449344879747,1,0.7458121995935818,1.0753145417643806,-1.0223976130812507,2.479511830949502,1,0,-0.15555002357123368,1,1.0,0.0,0.0,1
-1.7484939582084382,0,-0.1321549617644103,-0.6589039156014528,0.8535896227533083,-1.0457411022578735,0,1,-1.306034004510787,0,1.0,0.0,0.0,0
-1.2866212917497228,1,-0.3272587753995197,-1.0057476070746194,0.2976532053405817,0.7168853643458143,1,0,0.2768101237525897,0,1.0,0.0,0.0,0
-2.157881094387754,0,-0.03460305494685562,1.422158233237547,-0.03205884977865632,-1.0457411022578735,1,1,1.1767317166404736,0,0.0,1.0,0.0,0
-0.14243673165881396,0,-0.6199144958521837,-1.0057476070746194,-1.0223976130812507,-1.0457411022578735,0,0,0.5480387334582293,1,0.0,0.0,1.0,0
0.3929156771910608,1,-0.1321549617644103,-1.3525912985477861,0.5186032752275389,0.7168853643458143,1,0,0.010790358902991955,0,0.0,1.0,0.0,0
1.0647304647673743,0,1.33112364049891,0.7284708502912138,0.9926053383905354,-1.0457411022578735,1,0,1.2400777449289018,0,1.0,0.0,0.0,1
-0.3313846406646521,1,-0.7174664026697384,-0.31206022412828616,0.2298604106907484,0.7168853643458143,1,0,-0.4229452579614738,0,0.0,1.0,0.0,0
0.16197934396170308,1,1.33112364049891,1.0753145417643806,1.716047090849945,-1.0457411022578735,0,0,-0.7513413867121829,0,1.0,0.0,0.0,1
-1.5910373673702398,0,-0.1321549617644103,1.7690019247107138,0.9500493821564648,0.7168853643458143,1,1,-0.8157675957977906,0,0.0,1.0,0.0,0
1.316661010108492,1,-0.3272587753995197,0.7284708502912138,0.5651233267500513,0.7168853643458143,1,0,0.3110898157617608,0,0.0,1.0,0.0,0
-1.2866212917497228,1,-0.9125702163048478,0.7284708502912138,1.7940574578862767,-1.0457411022578735,1,1,-0.3562774915518124,0,1.0,0.0,0.0,0
-0.6672920344528088,1,0.4531564791409178,1.7690019247107138,-1.0223976130812507,0.7168853643458143,0,0,-0.8021650556369718,1,0.0,0.0,1.0,0
-1.7589910642643183,0,-0.7174664026697384,0.7284708502912138,1.2229310332412893,-1.0457411022578735,0,1,-1.6237891552927515,0,1.0,0.0,0.0,0
-1.3915923523085219,1,-0.8150183094872931,-1.3525912985477861,-1.0223976130812507,0.7168853643458143,1,0,0.470158669554428,1,1.0,0.0,0.0,0
-1.7484939582084382,1,-0.9125702163048478,-0.31206022412828616,-1.0223976130812507,0.7168853643458143,1,0,-1.1732442874299682,1,1.0,0.0,0.0,0
0.10949381368230357,1,0.3556045723233631,0.38162715881804715,-1.0223976130812507,-1.0457411022578735,1,0,-0.1877835137940357,1,1.0,0.0,0.0,0
-0.446852807279331,0,-1.3027778435750665,1.7690019247107138,0.18909627062850348,-1.0457411022578735,1,0,-0.7069679204339624,0,0.0,0.0,1.0,0
0.16197934396170308,1,0.4531564791409178,0.03478346734488051,-1.0223976130812507,-1.0457411022578735,0,0,-0.6225096144636889,1,1.0,0.0,0.0,0
0.371921465079301,0,0.4531564791409178,-1.0057476070746194,0.08926437246616258,0.7168853643458143,0,0,1.1261191913119208,0,0.0,1.0,0.0,0
-1.58054026131436,1,-1.0101221231224025,1.0753145417643806,-0.16782565026074836,-1.0457411022578735,0,1,-1.3035778336875188,0,0.0,1.0,0.0,0
2.030464221908325,1,0.16050075868825375,0.38162715881804715,-1.0223976130812507,-1.0457411022578735,1,0,0.6466419254248471,1,1.0,0.0,0.0,1
0.23545908635286236,1,-0.22970686858196498,-1.3525912985477861,0.5438240059826415,-1.0457411022578735,1,0,1.5490248939904672,0,1.0,0.0,0.0,0
-1.0346907464086053,0,-0.22970686858196498,-1.6994349900209527,1.0169390202730881,0.7168853643458143,1,1,1.260440697062559,0,0.0,1.0,0.0,0
-1.2446328675262033,1,-0.7174664026697384,-1.3525912985477861,-1.0223976130812507,0.7168853643458143,1,0,-1.7061191962712163,1,1.0,0.0,0.0,0
-1.5070605189232007,1,0.9409160132286912,-1.0057476070746194,-1.0223976130812507,-1.0457411022578735,1,1,0.2601649991651512,1,0.0,0.0,1.0,1
1.4846147070025701,0,2.1115388950393474,0.38162715881804715,0.5393383446420267,-1.0457411022578735,1,0,-1.1764041545772586,0,1.0,0.0,0.0,1
-1.4440778825879212,1,0.06294885187069905,-0.31206022412828616,0.7800518698524566,-1.0457411022578735,1,1,-0.03706619598495773,0,0.0,0.0,1.0,0
-0.8142515192351274,0,0.3556045723233631,-0.6589039156014528,1.1933783082282694,0.7168853643458143,1,1,-0.24791190105058344,0,0.0,1.0,0.0,0
-0.5728180799498898,1,-0.03460305494685562,0.7284708502912138,0.7790177580380805,0.7168853643458143,1,0,0.428116631087402,0,1.0,0.0,0.0,0
0.8652854497056562,1,-1.8880892844803947,0.03478346734488051,0.42326831376827473,-1.0457411022578735,1,0,1.6186214320090564,0,0.0,0.0,1.0,0
0.5503722680292593,1,-0.1321549617644103,0.7284708502912138,-1.0223976130812507,-1.0457411022578735,1,0,1.0370351576811276,1,1.0,0.0,0.0,0
-0.6987833526204486,1,-0.6199144958521837,0.03478346734488051,-1.0223976130812507,0.7168853643458143,1,0,-0.7020269520878537,1,1.0,0.0,0.0,0
1.1801986313820532,1,-0.9125702163048478,-1.0057476070746194,0.9710465232098919,0.7168853643458143,1,0,-0.2574832814262328,0,1.0,0.0,0.0,0
0.4558983135263402,0,-1.0101221231224025,-0.6589039156014528,0.5836278073163333,0.7168853643458143,0,0,0.8156026051332202,0,0.0,1.0,0.0,0
1.1592044192702933,1,-0.22970686858196498,-0.6589039156014528,-1.0223976130812507,-1.0457411022578735,0,0,-0.5997092289828466,1,1.0,0.0,0.0,0
-1.066182064576245,1,-1.1076740299399572,0.03478346734488051,-1.0223976130812507,0.7168853643458143,0,0,-0.05751537520762859,1,0.0,0.0,1.0,0
-0.6148065041734093,0,-0.6199144958521837,-0.31206022412828616,0.7680738912324194,-1.0457411022578735,1,1,1.1739141554220038,0,1.0,0.0,0.0,0
-0.7512688828998481,0,-1.0101221231224025,0.38162715881804715,0.6817268433448644,-1.0457411022578735,1,1,-1.0148515442326447,0,1.0,0.0,0.0,0
-1.5700431552584801,0,-0.9125702163048478,-0.31206022412828616,0.4168133298353604,0.7168853643458143,0,0,1.403802514538001,0,1.0,0.0,0.0,0
2.030464221908325,0,-0.8150183094872931,1.0753145417643806,1.4722003034879194,-1.0457411022578735,1,1,-0.7897886056935748,0,0.0,1.0,0.0,0
-0.8772341555704068,1,1.7213312677691288,-0.6589039156014528,1.4689705564489697,-1.0457411022578735,0,1,0.27323161281095426,0,0.0,0.0,1.0,1
-0.3838701709440516,0,-0.9125702163048478,-1.3525912985477861,1.2123830927346528,0.7168853643458143,0,0,0.953997776980513,0,1.0,0.0,0.0,0
-1.3391068220291222,0,0.4531564791409178,0.03478346734488051,-1.0223976130812507,0.7168853643458143,0,0,-0.35110178426921407,1,0.0,0.0,1.0,0
-1.370598140196762,1,-0.8150183094872931,1.422158233237547,-1.0223976130812507,0.7168853643458143,0,0,0.022243294168684754,1,1.0,0.0,0.0,0
-0.4888412315028506,1,-0.22970686858196498,-0.31206022412828616,1.0625828150556933,0.7168853643458143,1,0,0.05074282179641871,0,1.0,0.0,0.0,0
-0.6043093981175295,1,-0.22970686858196498,-0.31206022412828616,-1.0223976130812507,0.7168853643458143,0,0,-1.5007859525722438,1,0.0,0.0,1.0,0
0.6028577983086588,1,1.4286755473164647,-1.3525912985477861,0.5745458250063692,-1.0457411022578735,1,1,-0.4722114609344028,0,0.0,1.0,0.0,1
2.030464221908325,0,0.3556045723233631,1.0753145417643806,-1.0223976130812507,-1.0457411022578735,1,0,-1.3893659799742684,1,1.0,0.0,0.0,1
0.6868346467556979,0,-0.6199144958521837,0.03478346734488051,0.6980236079410782,-1.0457411022578735,1,1,-0.3940928412008355,0,0.0,1.0,0.0,0
0.04651117734702419,1,-0.3272587753995197,0.03478346734488051,-1.0223976130812507,-1.0457411022578735,1,0,0.9660367788592598,1,1.0,0.0,0.0,0
0.9702565102644553,0,-1.0101221231224025,-0.6589039156014528,-1.0223976130812507,-1.0457411022578735,1,0,-1.6708434686120923,1,0.0,0.0,1.0,0
1.4111349646114109,1,-1.3027778435750665,0.7284708502912138,-1.0223976130812507,-1.0457411022578735,1,0,-0.1743162998493751,1,0.0,0.0,1.0,0
2.030464221908325,0,-0.22970686858196498,-1.0057476070746194,1.477198188437524,0.7168853643458143,0,0,1.209294674151076,0,0.0,0.0,1.0,0
-0.8352457313468872,0,-0.7174664026697384,-0.31206022412828616,-0.03642869703912523,-1.0457411022578735,1,1,0.7900417383379028,0,0.0,1.0,0.0,0
-1.0241936403527254,1,-0.9125702163048478,-1.3525912985477861,-1.0223976130812507,0.7168853643458143,0,0,0.9702915738913879,1,1.0,0.0,0.0,0
1.3061639040526118,1,-0.3272587753995197,-0.31206022412828616,0.27895221131424686,-1.0457411022578735,1,0,0.2900127575951464,0,0.0,0.0,1.0,0
-0.016471458988255198,0,1.1360198268638007,1.7690019247107138,-1.0223976130812507,4.242138297553191,1,0,1.380229034673569,1,1.0,0.0,0.0,1
-1.3496039280850023,1,0.16050075868825375,-0.31206022412828616,-1.0223976130812507,0.7168853643458143,1,0,-1.2893102866208874,1,0.0,0.0,1.0,0
0.26695040452050206,1,1.623779360951574,1.422158233237547,-1.0223976130812507,-1.0457411022578735,1,0,0.9306833253734192,1,1.0,0.0,0.0,1
-1.1396618069674043,0,0.7458121995935818,-1.3525912985477861,-1.0223976130812507,-1.0457411022578735,1,1,0.08250475220445452,1,1.0,0.0,0.0,1
0.21446487424110255,0,-0.22970686858196498,0.7284708502912138,-1.0223976130812507,-1.0457411022578735,1,0,-0.909025402226166,1,1.0,0.0,0.0,0
-1.370598140196762,0,0.4531564791409178,-0.6589039156014528,-1.0223976130812507,0.7168853643458143,1,0,-1.1799130939641769,1,0.0,0.0,1.0,0
1.2851696919408522,1,-0.6199144958521837,1.7690019247107138,0.27794403283353325,-1.0457411022578735,1,0,-0.2326025156146842,0,1.0,0.0,0.0,0
-0.961211004017446,0,-0.03460305494685562,0.03478346734488051,1.0175591652085008,-1.0457411022578735,1,1,1.1900021870862583,0,1.0,0.0,0.0,0
-0.8772341555704068,1,-1.1076740299399572,-1.0057476070746194,1.0432975961772177,-1.0457411022578735,1,1,-1.5281846534800765,0,1.0,0.0,0.0,0
0.07800249551466389,1,0.9409160132286912,1.7690019247107138,-1.0223976130812507,-1.0457411022578735,1,0,0.7019537403570626,1,1.0,0.0,0.0,1
-1.2971183978056027,0,0.06294885187069905,-1.0057476070746194,-1.0223976130812507,-1.0457411022578735,0,1,-0.4518450388977671,1,1.0,0.0,0.0,1
0.13048802579406338,1,-0.1321549617644103,-0.31206022412828616,-1.0223976130812507,-1.0457411022578735,1,0,0.5695276691083809,1,1.0,0.0,0.0,0
0.41390988930282063,1,1.33112364049891,0.38162715881804715,1.2291482681028612,-1.0457411022578735,1,0,-1.2538183840062085,0,1.0,0.0,0.0,1
-0.12144251954705418,1,0.6482602927760271,-0.31206022412828616,-1.0223976130812507,-1.0457411022578735,0,1,1.304739733921893,1,0.0,0.0,1.0,1
-1.5490489431467203,1,-0.8150183094872931,0.38162715881804715,-1.0223976130812507,0.7168853643458143,1,0,1.403319851033704,1,1.0,0.0,0.0,0
-1.370598140196762,0,-0.6199144958521837,0.38162715881804715,1.1028297381341434,0.7168853643458143,1,1,-1.6988242457445537,0,0.0,1.0,0.0,0
-2.4308058518406317,0,0.06294885187069905,0.03478346734488051,-1.0223976130812507,0.7168853643458143,1,0,0.7152833726486291,1,0.0,0.0,1.0,0
0.29844172268814173,1,0.16050075868825375,0.7284708502912138,0.18401655876274553,-1.0457411022578735,1,0,1.7172652218405222,0,0.0,0.0,1.0,0
0.004522753123504598,0,0.06294885187069905,-0.31206022412828616,0.2709478315024409,-1.0457411022578735,1,0,-0.04373552300461306,0,1.0,0.0,0.0,0
-1.1921473372468037,0,-0.7174664026697384,-1.0057476070746194,1.3562892552248824,-1.0457411022578735,1,1,-1.440961355321456,0,1.0,0.0,0.0,0
1.6210770857290089,1,0.7458121995935818,1.422158233237547,1.8806255028780876,-1.0457411022578735,1,0,-1.49637778782847,0,1.0,0.0,0.0,1
-0.14243673165881396,0,-0.42481068221707435,0.7284708502912138,1.561691083506499,-1.0457411022578735,0,1,1.5409752395659997,0,0.0,1.0,0.0,0
-1.1921473372468037,0,0.3556045723233631,0.03478346734488051,-1.0223976130812507,0.7168853643458143,0,0,0.03802545388539253,1,1.0,0.0,0.0,0
-1.8534650187672372,1,0.16050075868825375,0.38162715881804715,1.3742710422027449,-1.0457411022578735,0,1,-0.353650948492304,0,1.0,0.0,0.0,0
-0.7407717768439681,0,-0.3272587753995197,0.7284708502912138,-1.0223976130812507,0.7168853643458143,1,0,-0.5023191150974812,1,1.0,0.0,0.0,0
-0.20541936799409335,0,0.6482602927760271,-1.0057476070746194,1.521476375749369,-1.0457411022578735,1,1,0.7880302355813178,0,0.0,0.0,1.0,1
-2.5042855942317908,0,0.06294885187069905,-1.0057476070746194,-1.0223976130812507,0.7168853643458143,0,0,-1.5731134777299918,1,1.0,0.0,0.0,0
-0.20541936799409335,0,-1.5954335640277306,0.03478346734488051,0.5690392601331196,-1.0457411022578735,1,0,0.40167492942101507,0,0.0,0.0,1.0,0
1.0227420405438548,0,-1.8880892844803947,1.422158233237547,-1.0223976130812507,-1.0457411022578735,1,0,1.560198502066398,1,0.0,0.0,1.0,0
0.3929156771910608,1,-0.5223625890346291,-0.31206022412828616,0.9760366764823799,-1.0457411022578735,1,1,-0.37833635876616817,0,0.0,1.0,0.0,0
-0.16343094377057377,0,0.3556045723233631,0.7284708502912138,0.9981012722077494,0.7168853643458143,0,0,1.1175684828973709,0,1.0,0.0,0.0,0
1.6420712978407686,0,-1.3027778435750665,0.03478346734488051,0.9687738933673633,-1.0457411022578735,0,1,0.5767971158481524,0,0.0,1.0,0.0,0
0.09899670762642368,0,-0.7174664026697384,-1.0057476070746194,0.2596019174867046,-1.0457411022578735,0,0,-1.659707335488328,0,1.0,0.0,0.0,0
-1.0766791706321248,0,-1.2052259367575118,0.7284708502912138,0.46928226259284783,0.7168853643458143,1,0,1.6134368764738636,0,1.0,0.0,0.0,0
-0.9087254737380465,1,-1.6929854708452852,0.7284708502912138,0.8476988901733162,-1.0457411022578735,1,1,0.8392656084944954,0,0.0,0.0,1.0,0
-0.25790489827349283,0,0.5507083859584725,-0.6589039156014528,1.1327089654287432,-1.0457411022578735,1,1,-1.1295656692231748,0,1.0,0.0,0.0,1
-1.8639621248231173,1,-1.1076740299399572,-1.0057476070746194,1.755585115782746,-1.0457411022578735,1,1,-1.030532382782383,0,0.0,0.0,1.0,0
1.1067188889908939,1,-0.3272587753995197,1.422158233237547,0.9577077694172924,0.7168853643458143,0,0,0.8693569541135755,0,0.0,0.0,1.0,0
0.18297355607346286,0,-1.0101221231224025,-0.6589039156014528,-1.0223976130812507,-1.0457411022578735,1,0,-0.8358409845278995,1,1.0,0.0,0.0,0
-0.7932573071233676,1,0.2580526655058084,1.0753145417643806,-1.0223976130812507,0.7168853643458143,0,0,-1.2140578067474879,1,1.0,0.0,0.0,0
1.0752275708232542,0,-0.5223625890346291,1.422158233237547,1.5635481357039975,0.7168853643458143,0,0,-0.10708935857474274,0,1.0,0.0,0.0,0
-1.150158913023284,0,-0.9125702163048478,0.38162715881804715,0.6600613954506515,-1.0457411022578735,1,1,-1.0852699287716707,0,1.0,0.0,0.0,0
-0.9717081100733259,1,-1.2052259367575118,0.7284708502912138,0.3307567030695066,0.7168853643458143,0,0,1.4534969035384662,0,1.0,0.0,0.0,0
-1.3286097159732424,1,0.06294885187069905,-1.0057476070746194,-1.0223976130812507,0.7168853643458143,1,0,1.7038861434315127,1,1.0,0.0,0.0,0
-1.6120315794819997,1,0.3556045723233631,1.0753145417643806,0.6597266782621354,-1.0457411022578735,1,1,0.8300719270580459,0,1.0,0.0,0.0,0
0.32993304085578146,0,1.5262274541340193,1.422158233237547,-1.0223976130812507,-1.0457411022578735,1,0,1.5874636117095622,1,1.0,0.0,0.0,1
0.025516965235264394,1,0.4531564791409178,-1.3525912985477861,0.6864064409198265,0.7168853643458143,1,0,-1.2632698792339536,0,1.0,0.0,0.0,0
-1.6120315794819997,0,-1.0101221231224025,0.03478346734488051,-1.0223976130812507,0.7168853643458143,1,0,0.45463640557080315,1,1.0,0.0,0.0,0
0.8337941315380165,0,-1.3027778435750665,1.422158233237547,0.29412788272852,0.7168853643458143,1,0,0.6381788320605024,0,0.0,1.0,0.0,0
-1.5175576249790805,0,-0.7174664026697384,0.7284708502912138,-1.0223976130812507,0.7168853643458143,0,0,-0.874199373993044,1,1.0,0.0,0.0,0
1.4846147070025701,0,1.0384679200462459,0.03478346734488051,1.1130218604167992,-1.0457411022578735,1,1,-1.180240305815041,0,0.0,1.0,0.0,1
0.9597594042085753,1,0.16050075868825375,-1.6994349900209527,-1.0223976130812507,-1.0457411022578735,0,0,-0.6817812826748667,1,1.0,0.0,0.0,0
0.9072738739291758,1,0.16050075868825375,1.0753145417643806,0.07542950272523306,-1.0457411022578735,1,0,-0.08391890794125303,0,1.0,0.0,0.0,0
-1.2446328675262033,1,-1.3027778435750665,0.03478346734488051,-0.015943457441475076,-1.0457411022578735,1,1,0.05282615154465658,0,0.0,1.0,0.0,0
-0.9192225797939264,0,0.3556045723233631,-1.3525912985477861,-1.0223976130812507,-1.0457411022578735,1,1,-0.27904976940795195,1,0.0,0.0,1.0,1
0.9072738739291758,0,0.06294885187069905,1.0753145417643806,-1.0223976130812507,-1.0457411022578735,1,0,-0.09455780396821059,1,1.0,0.0,0.0,0
0.7708114952027372,1,-0.03460305494685562,-1.6994349900209527,-0.39664415130354047,0.7168853643458143,0,0,-0.09907440318005958,0,0.0,1.0,0.0,0
0.14098513184994327,0,0.6482602927760271,1.422158233237547,0.6677853408903657,-1.0457411022578735,1,0,0.9751850045666921,0,1.0,0.0,0.0,1
0.896776767873296,0,0.2580526655058084,-0.31206022412828616,0.4724854319917083,-1.0457411022578735,0,1,-0.45056100130060617,0,0.0,1.0,0.0,1
-0.29989332249701245,1,-0.7174664026697384,-1.6994349900209527,0.40187089734744497,-1.0457411022578735,0,0,-0.47473720331238833,0,1.0,0.0,0.0,0
-0.9297196858498064,0,-0.9125702163048478,-1.0057476070746194,1.0583418290805047,0.7168853643458143,0,1,0.08508861545732856,0,0.0,1.0,0.0,0
-1.9794302914377961,1,-1.0101221231224025,-0.6589039156014528,-1.0223976130812507,0.7168853643458143,1,0,1.2309031479588337,1,0.0,0.0,1.0,0
-1.4860663068114408,0,-1.0101221231224025,1.422158233237547,-1.0223976130812507,0.7168853643458143,0,0,-0.09666906643542493,1,1.0,0.0,0.0,0
0.7603143891468572,1,-0.9125702163048478,0.03478346734488051,0.744234553455524,-1.0457411022578735,1,1,-1.2867291992903962,0,0.0,1.0,0.0,0
1.8940018431818861,1,-0.1321549617644103,0.38162715881804715,0.49174842229847276,0.7168853643458143,1,0,0.7114938916059059,0,0.0,1.0,0.0,0
-0.23691068616173305,1,-0.03460305494685562,-1.0057476070746194,1.3684713179054822,-1.0457411022578735,1,1,-0.7574432110997189,0,0.0,1.0,0.0,0
-0.9507138979615661,1,0.5507083859584725,0.03478346734488051,-1.0223976130812507,0.7168853643458143,1,0,-0.5768855951520492,1,0.0,0.0,1.0,0
-0.21591647404997324,0,-0.03460305494685562,-1.3525912985477861,-1.0223976130812507,-1.0457411022578735,1,0,-0.9489877543430811,1,1.0,0.0,0.0,0
-0.32088753460877223,0,0.5507083859584725,-1.0057476070746194,-1.0223976130812507,-1.0457411022578735,0,1,1.273517026436702,1,1.0,0.0,0.0,1
0.7183259649233377,1,0.06294885187069905,-0.31206022412828616,1.5653375357267245,0.7168853643458143,1,0,-0.7298951308686655,0,1.0,0.0,0.0,0
-0.36287595883229185,0,1.33112364049891,1.422158233237547,0.7812410984389891,-1.0457411022578735,1,1,1.0937599171061516,0,0.0,1.0,0.0,1
-1.3181126099173626,0,-0.6199144958521837,-1.6994349900209527,0.7425221480507527,0.7168853643458143,1,1,1.254998501231219,0,0.0,1.0,0.0,0
-0.6672920344528088,1,-0.3272587753995197,-0.31206022412828616,1.581208413775086,-1.0457411022578735,1,1,-1.382845685287536,0,0.0,0.0,1.0,0
1.6630655099525284,0,-1.3027778435750665,1.0753145417643806,1.1547407015263662,-1.0457411022578735,1,1,0.6307839483280612,0,0.0,1.0,0.0,0
-0.8772341555704068,1,1.1360198268638007,-1.6994349900209527,1.5436182882459066,-1.0457411022578735,0,1,0.9750710182538512,0,0.0,0.0,1.0,1
-0.5623209738940099,1,-0.3272587753995197,0.38162715881804715,1.0553901002645478,0.7168853643458143,1,0,0.533843707363847,0,1.0,0.0,0.0,0
0.3089388287440216,1,0.4531564791409178,-1.0057476070746194,1.1504618625486265,-1.0457411022578735,1,1,-0.032383908905889554,0,0.0,1.0,0.0,0
-0.6777891405086888,0,0.16050075868825375,-1.0057476070746194,2.204328434111482,-1.0457411022578735,1,1,0.23475836955722412,0,0.0,0.0,1.0,0
0.6343491164762984,0,-1.3027778435750665,0.7284708502912138,0.7279389163955566,0.7168853643458143,1,0,1.5666306612174792,0,1.0,0.0,0.0,0
-0.026968565044135095,1,-0.1321549617644103,0.38162715881804715,0.3236962321723805,-1.0457411022578735,1,0,-0.9137449907622519,0,1.0,0.0,0.0,0
-1.664517109761399,0,-0.8150183094872931,-1.3525912985477861,-1.0223976130812507,0.7168853643458143,0,0,0.626003809985002,1,1.0,0.0,0.0,0
1.8520134189583666,0,-1.0101221231224025,-0.31206022412828616,1.1791090148793382,0.7168853643458143,0,0,-1.6383984878027562,0,1.0,0.0,0.0,0
2.030464221908325,1,1.0384679200462459,1.0753145417643806,-1.0223976130812507,-1.0457411022578735,0,0,-1.2811912341368519,1,0.0,0.0,1.0,1
-0.8982283676821666,0,-1.5954335640277306,-0.6589039156014528,0.7191159452690064,-1.0457411022578735,0,1,-0.8047556852006537,0,0.0,0.0,1.0,0
-0.6882862465645686,0,0.16050075868825375,-1.3525912985477861,0.3689223553140698,-1.0457411022578735,0,1,0.6428611191395706,0,0.0,0.0,1.0,1
0.24595619240874225,1,-0.6199144958521837,0.7284708502912138,1.8037558803697018,-1.0457411022578735,0,1,-0.38799917108529874,0,0.0,1.0,0.0,0
-1.685511321873159,0,-0.9125702163048478,-0.31206022412828616,-1.0223976130812507,0.7168853643458143,1,0,1.1293368323438018,1,1.0,0.0,0.0,0
-0.23691068616173305,0,-0.3272587753995197,1.7690019247107138,-1.0223976130812507,-1.0457411022578735,1,0,-0.2963158331333773,1,0.0,0.0,1.0,0
-1.1291647009115244,0,-0.7174664026697384,1.422158233237547,1.1524621118493932,0.7168853643458143,1,1,-1.3249899109866987,0,0.0,1.0,0.0,0
0.04651117734702419,0,0.3556045723233631,1.422158233237547,0.19149888929255876,-1.0457411022578735,1,0,-1.250995270942973,0,0.0,0.0,1.0,1
-1.6330257915937594,0,0.16050075868825375,-1.0057476070746194,-1.0223976130812507,0.7168853643458143,0,0,0.7327274423968471,1,1.0,0.0,0.0,0
-1.4335807765320414,1,-0.03460305494685562,0.03478346734488051,-1.0223976130812507,0.7168853643458143,1,0,1.101211013266843,1,1.0,0.0,0.0,0
-0.18442515588233357,0,2.1115388950393474,0.03478346734488051,1.5876841765902516,-1.0457411022578735,1,1,-0.26634784256517996,0,1.0,0.0,0.0,1
0.08849960157054378,1,0.06294885187069905,1.7690019247107138,-0.2762332669585077,-1.0457411022578735,1,0,0.643639418377628,0,1.0,0.0,0.0,0
-1.8639621248231173,1,-1.4003297503926213,0.38162715881804715,0.7113982818169495,0.7168853643458143,0,1,1.2108611618506793,0,0.0,1.0,0.0,0
-0.6672920344528088,1,-0.22970686858196498,-1.0057476070746194,0.10806185137985107,0.7168853643458143,1,0,-0.3314709816640017,0,1.0,0.0,0.0,0
0.21446487424110255,1,0.3556045723233631,0.03478346734488051,0.5816053294438557,-1.0457411022578735,1,0,-1.365504845152926,0,1.0,0.0,0.0,0
-0.7512688828998481,1,0.16050075868825375,0.7284708502912138,-1.0223976130812507,0.7168853643458143,0,0,0.8057699410632966,1,1.0,0.0,0.0,0
0.29844172268814173,1,-0.42481068221707435,0.38162715881804715,0.31879515426334265,-1.0457411022578735,0,0,-1.5623295397585364,0,0.0,0.0,1.0,0
-0.6358007162851692,0,1.5262274541340193,-1.6994349900209527,0.23603399379193135,-1.0457411022578735,1,1,0.9328712726964566,0,0.0,0.0,1.0,1
1.5790886615054893,0,0.8433641064111366,1.422158233237547,1.678290573186147,-1.0457411022578735,0,0,0.44634229648150686,0,1.0,0.0,0.0,1
0.17247645001758297,1,-0.22970686858196498,0.03478346734488051,0.1548800557011813,0.7168853643458143,0,0,1.6729903008068885,0,0.0,1.0,0.0,0
-1.779985276376078,0,-0.7174664026697384,-1.3525912985477861,-1.0223976130812507,0.7168853643458143,1,0,1.0242549845261921,1,0.0,0.0,1.0,0
-0.4048643830558114,1,0.06294885187069905,-1.0057476070746194,0.4445038481994706,-1.0457411022578735,1,0,-1.2688553820583022,0,1.0,0.0,0.0,0
-0.6043093981175295,0,0.2580526655058084,-1.3525912985477861,-1.0223976130812507,0.7168853643458143,1,0,-0.06321798725749828,1,1.0,0.0,0.0,0
-0.08995120137941448,1,0.2580526655058084,0.03478346734488051,0.9596373060877617,-1.0457411022578735,0,1,-1.6420769319501698,0,0.0,1.0,0.0,0
-1.4335807765320414,0,-0.3272587753995197,-0.31206022412828616,0.8409496192801424,-1.0457411022578735,1,1,-0.16365641090939806,0,0.0,0.0,1.0,0
1.085724676879134,1,0.06294885187069905,0.38162715881804715,1.854196375420267,-1.0457411022578735,1,0,-0.5652872709515606,0,1.0,0.0,0.0,1
0.11999091973818347,1,-0.42481068221707435,-1.6994349900209527,-1.0223976130812507,-1.0457411022578735,0,0,0.004706057525496774,1,0.0,0.0,1.0,0
0.06750538945878398,1,-0.6199144958521837,-0.6589039156014528,0.7266826799406781,-1.0457411022578735,1,1,1.4337916715143668,0,0.0,1.0,0.0,0
-0.656794928396929,0,-0.03460305494685562,1.7690019247107138,-1.0223976130812507,0.7168853643458143,1,0,-0.7179350692826777,1,0.0,0.0,1.0,0
-1.9584360793260362,1,-0.8150183094872931,-0.6589039156014528,0.606743427899772,-1.0457411022578735,1,1,-0.846777077744958,0,1.0,0.0,0.0,0
0.4663954195822201,1,0.2580526655058084,-1.6994349900209527,1.4073614927265354,-1.0457411022578735,0,1,0.4842206248695883,0,0.0,1.0,0.0,0
0.03601407129114429,0,-0.9125702163048478,0.38162715881804715,1.88536196049518,-1.0457411022578735,1,1,0.41876472207513704,0,0.0,1.0,0.0,0
0.9597594042085753,0,-1.4978816572101759,1.0753145417643806,0.35641942803312127,-1.0457411022578735,0,0,0.5962004663131302,0,0.0,0.0,1.0,0
0.10949381368230357,0,-0.22970686858196498,-1.3525912985477861,0.8201837842337939,-1.0457411022578735,1,1,-0.8033011018721037,0,0.0,1.0,0.0,0
0.3194359347999015,1,-0.3272587753995197,1.0753145417643806,0.604289103644998,0.7168853643458143,1,0,-1.3440034178520517,0,0.0,0.0,1.0,0
0.5503722680292593,1,0.6482602927760271,-0.31206022412828616,0.9575191487109632,-1.0457411022578735,1,1,-1.7297818526421938,0,0.0,1.0,0.0,1
-1.0871762766880049,1,0.3556045723233631,-1.3525912985477861,-1.0223976130812507,0.7168853643458143,0,0,-1.3166819222854884,1,1.0,0.0,0.0,0
1.0752275708232542,0,-1.5954335640277306,0.03478346734488051,-1.0223976130812507,-1.0457411022578735,1,0,-1.3430335799695858,1,1.0,0.0,0.0,0
-0.05845988321177479,1,-0.3272587753995197,-1.0057476070746194,0.3775481686741411,-1.0457411022578735,1,0,1.2904678494765383,0,1.0,0.0,0.0,0
0.26695040452050206,0,-1.1076740299399572,-1.3525912985477861,0.554432833446573,-1.0457411022578735,1,0,1.1525520447257132,0,1.0,0.0,0.0,0
-0.22641358010585316,0,-0.1321549617644103,1.422158233237547,1.3413705009981371,-1.0457411022578735,0,1,-1.532066780932323,0,0.0,1.0,0.0,0
-1.3915923523085219,1,-1.5954335640277306,1.422158233237547,-1.0223976130812507,0.7168853643458143,1,0,-0.4390862056461492,1,1.0,0.0,0.0,0
-0.20541936799409335,1,-0.6199144958521837,0.03478346734488051,-1.0223976130812507,-1.0457411022578735,0,0,0.8510886089128358,1,1.0,0.0,0.0,0
-0.6253036102292893,0,-1.2052259367575118,0.7284708502912138,-1.0223976130812507,0.7168853643458143,1,0,0.18285677527219166,1,0.0,0.0,1.0,0
-0.7722630950116078,0,0.16050075868825375,-0.31206022412828616,-1.0223976130812507,0.7168853643458143,1,0,0.24948810770057972,1,0.0,0.0,1.0,0
-0.0059743529323753,1,-0.5223625890346291,0.7284708502912138,1.2118157809262053,0.7168853643458143,1,0,-1.085688572566016,0,1.0,0.0,0.0,0
-1.1186675948556444,1,-0.42481068221707435,-0.6589039156014528,-1.0223976130812507,0.7168853643458143,0,0,0.547683762383538,1,0.0,0.0,1.0,0
-0.9507138979615661,1,0.3556045723233631,-0.6589039156014528,0.7174033787876282,-1.0457411022578735,1,1,1.0023246772171865,0,1.0,0.0,0.0,0
-0.6043093981175295,1,0.06294885187069905,-1.0057476070746194,2.0215780036330813,0.7168853643458143,0,1,1.3259970535482355,0,0.0,1.0,0.0,0
1.7155510402319278,1,-0.5223625890346291,-1.0057476070746194,1.1062339311380414,0.7168853643458143,1,0,-1.3297646709801412,0,1.0,0.0,0.0,0
-1.4335807765320414,1,-0.42481068221707435,-0.31206022412828616,1.1361561658866033,-1.0457411022578735,1,1,1.6221015712012539,0,1.0,0.0,0.0,0
-0.7617659889557279,0,0.06294885187069905,-1.0057476070746194,0.7927374580052904,-1.0457411022578735,1,1,0.48641100112471036,0,1.0,0.0,0.0,0
-1.3286097159732424,0,0.3556045723233631,-1.6994349900209527,0.5875381030181706,-1.0457411022578735,0,1,-0.041204922762457755,0,0.0,1.0,0.0,0
-0.8667370495145269,0,-1.0101221231224025,0.7284708502912138,-1.0223976130812507,0.7168853643458143,0,0,1.4911333796889523,1,0.0,0.0,1.0,0
-0.6043093981175295,1,0.5507083859584725,1.7690019247107138,0.8876043308457732,-1.0457411022578735,1,1,-1.1843661939515209,0,1.0,0.0,0.0,0
-1.4020894583644017,0,-1.0101221231224025,-1.0057476070746194,0.9292727549774741,-1.0457411022578735,1,1,-0.6900734833175249,0,1.0,0.0,0.0,0
0.29844172268814173,0,0.16050075868825375,0.7284708502912138,-1.0223976130812507,-1.0457411022578735,1,0,-0.46602306246755526,1,1.0,0.0,0.0,1
-0.6987833526204486,0,-1.4978816572101759,0.7284708502912138,-1.0223976130812507,0.7168853643458143,1,0,1.6842265406315795,1,0.0,0.0,1.0,0
-0.4678470193910908,0,0.8433641064111366,0.38162715881804715,1.0719988702477468,-1.0457411022578735,1,1,-0.9362388103149516,0,0.0,1.0,0.0,1
-0.6148065041734093,0,-1.4978816572101759,0.38162715881804715,-1.0223976130812507,0.7168853643458143,1,0,0.9284693537780442,1,0.0,0.0,1.0,0
-0.06895698926765469,1,-0.5223625890346291,-1.6994349900209527,0.5571996463181523,-1.0457411022578735,1,0,-0.8206601589973503,0,1.0,0.0,0.0,0
-0.8352457313468872,0,0.5507083859584725,1.0753145417643806,0.8389553298138199,-1.0457411022578735,0,1,0.48219767143317444,0,0.0,0.0,1.0,0
-0.6777891405086888,0,-0.03460305494685562,-0.31206022412828616,-1.0223976130812507,0.7168853643458143,1,0,-1.1168689472348703,1,1.0,0.0,0.0,0
-0.7932573071233676,0,-0.7174664026697384,0.38162715881804715,-1.0223976130812507,0.7168853643458143,1,0,1.5382704501943283,1,0.0,0.0,1.0,0
-0.7827602010674878,0,-0.6199144958521837,-1.3525912985477861,0.852687915909558,-1.0457411022578735,0,1,0.920865581886303,0,1.0,0.0,0.0,0
0.5713664801410191,0,-0.3272587753995197,-1.0057476070746194,1.1297106854734786,-1.0457411022578735,1,1,0.36213139459359417,0,0.0,1.0,0.0,0
-0.22641358010585316,0,1.9164350814042381,-1.3525912985477861,-1.0223976130812507,-1.0457411022578735,1,1,-0.7079734983171059,1,1.0,0.0,0.0,1
0.4349041014145804,0,0.16050075868825375,0.7284708502912138,0.6699012431946717,2.479511830949502,1,0,0.14056056641199713,0,1.0,0.0,0.0,1
-0.13193962560293407,1,-0.1321549617644103,-1.0057476070746194,1.9792322523706243,0.7168853643458143,1,0,-0.11977896726194152,0,1.0,0.0,0.0,0
-0.5413267617822501,1,0.06294885187069905,1.7690019247107138,0.6740246432470415,0.7168853643458143,1,0,0.664620880717187,0,0.0,0.0,1.0,0
0.20396776818522266,1,-1.79053737766284,-1.3525912985477861,0.27539225723176586,-1.0457411022578735,0,0,-0.5394246960922705,0,1.0,0.0,0.0,0
-0.20541936799409335,0,-1.1076740299399572,0.7284708502912138,1.1657135621212154,-1.0457411022578735,1,1,0.029571208773642645,0,0.0,1.0,0.0,0
0.3194359347999015,0,-0.22970686858196498,0.03478346734488051,-1.0223976130812507,-1.0457411022578735,1,0,-1.4229619276015435,1,0.0,0.0,1.0,0
-2.1788753064995143,0,-0.1321549617644103,0.38162715881804715,-1.0223976130812507,0.7168853643458143,1,0,-0.30426069648789666,1,1.0,0.0,0.0,0
-1.5280547310349606,0,-0.7174664026697384,0.03478346734488051,1.1909768171004604,-1.0457411022578735,0,1,1.0781226258387926,0,1.0,0.0,0.0,0
0.7708114952027372,1,-1.2052259367575118,-0.6589039156014528,-1.0223976130812507,-1.0457411022578735,1,0,-1.1306887033221376,1,0.0,0.0,1.0,0
-1.0136965342968456,0,-1.1076740299399572,0.7284708502912138,0.9909952166309552,-1.0457411022578735,1,1,0.25948246924929746,0,0.0,0.0,1.0,0
0.4349041014145804,0,0.8433641064111366,0.38162715881804715,-1.0223976130812507,-1.0457411022578735,1,0,-0.8587975156427702,1,0.0,0.0,1.0,1
0.6658404346439382,1,0.7458121995935818,-0.6589039156014528,0.5407316572891223,-1.0457411022578735,1,1,0.5864639185557086,0,0.0,1.0,0.0,1
0.9072738739291758,1,0.2580526655058084,0.7284708502912138,-1.0223976130812507,-1.0457411022578735,1,0,1.110758971797388,1,0.0,0.0,1.0,1
-0.12144251954705418,0,1.0384679200462459,0.03478346734488051,0.7515801299463333,2.479511830949502,0,1,1.5263461286090185,0,0.0,0.0,1.0,1
0.8652854497056562,1,1.9164350814042381,-1.3525912985477861,0.7590735747620017,-1.0457411022578735,0,1,1.048067714200986,0,0.0,1.0,0.0,1
-1.066182064576245,0,-0.3272587753995197,-1.3525912985477861,-1.0223976130812507,0.7168853643458143,1,0,0.03389037050601995,1,0.0,0.0,1.0,0
-0.7617659889557279,1,-0.3272587753995197,-0.6589039156014528,1.3343396681966253,-1.0457411022578735,1,1,0.09941029301042292,0,1.0,0.0,0.0,0
0.6763375406998181,1,0.4531564791409178,-0.6589039156014528,0.407935914815779,-1.0457411022578735,0,0,-0.9386604556035848,0,0.0,0.0,1.0,0
-1.2026444433026837,1,-0.6199144958521837,-1.0057476070746194,1.102942813911977,-1.0457411022578735,0,1,1.041386416016055,0,0.0,0.0,1.0,0
-0.32088753460877223,1,0.06294885187069905,1.7690019247107138,1.108451311704506,2.479511830949502,1,1,-0.8370393155214937,0,0.0,1.0,0.0,1
0.7078288588674577,1,-0.42481068221707435,-1.0057476070746194,1.466006263657698,0.7168853643458143,0,0,-0.3669937664151886,0,1.0,0.0,0.0,0
0.4768925256381,0,-0.9125702163048478,1.7690019247107138,0.4011748853303237,-1.0457411022578735,1,0,-0.19367835846890968,0,1.0,0.0,0.0,0
-2.157881094387754,1,-0.5223625890346291,0.38162715881804715,-1.0223976130812507,0.7168853643458143,1,0,1.4788813257673312,1,1.0,0.0,0.0,0
0.13048802579406338,0,0.5507083859584725,1.0753145417643806,0.5306722621303053,-1.0457411022578735,0,0,0.553377873171111,0,1.0,0.0,0.0,1
-0.6253036102292893,0,-1.5954335640277306,0.38162715881804715,0.6129907840867781,-1.0457411022578735,1,0,-0.5063388242028217,0,0.0,1.0,0.0,1
-1.1291647009115244,1,-0.22970686858196498,0.38162715881804715,1.2233706113007026,-1.0457411022578735,0,0,-0.2729116845342916,0,0.0,1.0,0.0,1
1.6420712978407686,0,-0.9125702163048478,0.03478346734488051,0.6859712119287915,-1.0457411022578735,0,0,1.5313249188975917,0,0.0,1.0,0.0,1
-0.8772341555704068,1,1.33112364049891,1.0753145417643806,-1.0223976130812507,0.7168853643458143,0,1,1.362204623652212,1,1.0,0.0,0.0,0
-0.06895698926765469,0,-1.3027778435750665,-0.6589039156014528,0.37261439221396325,2.479511830949502,1,0,-1.441125308237186,0,0.0,0.0,1.0,1
-1.6540200037055193,1,2.1115388950393474,0.7284708502912138,0.21727372357436758,0.7168853643458143,1,1,-0.2788021918304425,0,1.0,0.0,0.0,0
-0.36287595883229185,0,-0.42481068221707435,0.7284708502912138,0.5670377222195,-1.0457411022578735,1,0,0.679983702658954,0,0.0,1.0,0.0,1
0.3194359347999015,0,-0.9125702163048478,-0.31206022412828616,0.2491274279126779,-1.0457411022578735,1,0,0.3889926075300709,0,0.0,1.0,0.0,1
2.030464221908325,1,-0.22970686858196498,0.03478346734488051,0.9102650710921717,-1.0457411022578735,1,0,1.593058483271952,0,0.0,1.0,0.0,1
-0.55182386783813,1,-0.5223625890346291,-0.6589039156014528,-1.0223976130812507,-1.0457411022578735,1,0,-0.9983341120748116,1,1.0,0.0,0.0,1
-0.7407717768439681,1,2.501746522309566,-1.3525912985477861,-1.0223976130812507,0.7168853643458143,1,1,-0.7981363247838874,1,1.0,0.0,0.0,0
-0.026968565044135095,1,1.623779360951574,-0.6589039156014528,0.3867918718971322,-1.0457411022578735,1,1,-1.672746536900602,0,1.0,0.0,0.0,0
1.3586494343320115,0,-0.5223625890346291,-1.6994349900209527,0.9479813196043192,-1.0457411022578735,0,0,-1.1277405002565304,0,0.0,1.0,0.0,1
-0.5413267617822501,0,2.306642708674457,-0.31206022412828616,0.766614698253224,0.7168853643458143,0,1,0.4501744573308643,0,1.0,0.0,0.0,0
-0.5728180799498898,0,-1.2052259367575118,1.0753145417643806,0.8086278263230505,-1.0457411022578735,1,0,1.7028123819548437,0,0.0,1.0,0.0,1
-0.016471458988255198,0,0.6482602927760271,0.7284708502912138,-0.09899310611530805,-1.0457411022578735,0,1,-0.9085005794006813,0,1.0,0.0,0.0,0
0.8652854497056562,1,-0.6199144958521837,-0.6589039156014528,0.6226499038781924,-1.0457411022578735,1,0,-0.6199370283954947,0,0.0,1.0,0.0,1
-0.08995120137941448,0,-0.6199144958521837,1.0753145417643806,1.508743914304014,2.479511830949502,1,0,1.5836788150358603,0,0.0,1.0,0.0,1
-0.9297196858498064,0,0.7458121995935818,-0.6589039156014528,-1.0223976130812507,0.7168853643458143,1,1,-1.22038205191594,1,0.0,0.0,1.0,0
0.26695040452050206,0,1.9164350814042381,-1.3525912985477861,-1.0223976130812507,-1.0457411022578735,1,1,-1.7177253277534061,1,1.0,0.0,0.0,0
-0.8562399434586471,1,1.4286755473164647,-1.3525912985477861,0.3451964154682214,0.7168853643458143,0,1,-1.2786212504958916,0,0.0,0.0,1.0,0
-0.341881746720532,0,2.306642708674457,0.7284708502912138,0.9936955048640085,0.7168853643458143,1,1,0.8969333140539028,0,1.0,0.0,0.0,0
-0.341881746720532,1,1.2335717336813552,1.7690019247107138,0.9653107463254494,0.7168853643458143,1,1,0.48772331843114547,0,1.0,0.0,0.0,0
1.9464873734612858,1,1.9164350814042381,-1.3525912985477861,0.00032511874858352573,-1.0457411022578735,1,1,-0.2869856110147274,0,1.0,0.0,0.0,0
-1.2866212917497228,1,1.2335717336813552,-0.6589039156014528,-1.0223976130812507,0.7168853643458143,0,1,-1.368135899086306,1,0.0,0.0,1.0,0
0.9282680860409356,0,-1.0101221231224025,-1.3525912985477861,0.7667021628506083,-1.0457411022578735,1,0,-0.4586804007749393,0,0.0,1.0,0.0,1
1.0647304647673743,0,-1.4978816572101759,0.03478346734488051,0.954642159440469,-1.0457411022578735,1,0,0.04766310940792967,0,0.0,1.0,0.0,1
-1.0031994282409655,0,1.0384679200462459,1.0753145417643806,-1.0223976130812507,0.7168853643458143,1,1,-1.5128870657143036,1,1.0,0.0,0.0,0
2.030464221908325,0,3.0870579632148942,0.03478346734488051,-1.0223976130812507,-1.0457411022578735,1,1,-1.717748229113064,1,0.0,0.0,1.0,0
0.17247645001758297,0,3.769921310937777,1.7690019247107138,0.21000788000382567,0.7168853643458143,0,1,-0.6960269693527339,0,0.0,1.0,0.0,0
0.004522753123504598,1,2.79440224276223,0.03478346734488051,0.9070660896850827,0.7168853643458143,1,1,0.13568552622247845,0,0.0,0.0,1.0,0
1.3271581161643717,0,3.2821617768500038,0.03478346734488051,0.9301069707230587,0.7168853643458143,1,1,0.09529863147615447,0,1.0,0.0,0.0,0
0.9597594042085753,1,2.6968503359446756,1.0753145417643806,-1.0223976130812507,-1.0457411022578735,1,1,1.1037421339944447,1,1.0,0.0,0.0,0
-0.05845988321177479,1,-0.9125702163048478,-0.6589039156014528,0.9409661112336478,-1.0457411022578735,1,0,-0.7839048647082317,0,0.0,1.0,0.0,1
-1.0136965342968456,1,1.8188831745866834,-1.6994349900209527,-1.0223976130812507,0.7168853643458143,0,1,0.29612325674012874,1,1.0,0.0,0.0,0
-1.1921473372468037,1,2.501746522309566,-0.31206022412828616,-1.0223976130812507,0.7168853643458143,1,1,0.8430512726439422,1,1.0,0.0,0.0,0
-0.15293383771469388,1,3.2821617768500038,-1.3525912985477861,1.56354233694616,0.7168853643458143,1,1,0.7375336050122442,0,1.0,0.0,0.0,0
-0.7407717768439681,0,1.8188831745866834,-0.6589039156014528,-1.0223976130812507,0.7168853643458143,0,1,-1.6248826952163977,1,0.0,0.0,1.0,0
-0.10044830743529438,0,1.2335717336813552,-1.3525912985477861,0.906362184914238,0.7168853643458143,0,0,-0.7765486703939999,0,0.0,1.0,0.0,1
-1.7065055339849187,1,2.79440224276223,0.03478346734488051,-1.0223976130812507,0.7168853643458143,1,1,-0.23983015002356575,1,0.0,0.0,1.0,0
-1.045187852464485,0,0.7458121995935818,-0.31206022412828616,0.5267271738814423,0.7168853643458143,1,1,0.2891244624326732,0,1.0,0.0,0.0,0
-0.7932573071233676,1,3.1846098700324488,-0.31206022412828616,-1.0223976130812507,0.7168853643458143,1,1,1.6976234890409272,1,1.0,0.0,0.0,0
0.3929156771910608,1,2.1115388950393474,1.422158233237547,-1.0223976130812507,-1.0457411022578735,1,1,-0.7395168248375019,1,1.0,0.0,0.0,0
-0.9507138979615661,1,-0.8150183094872931,0.03478346734488051,-1.0223976130812507,-1.0457411022578735,1,0,-0.7770344568109775,1,1.0,0.0,0.0,1
0.3194359347999015,0,3.2821617768500038,1.422158233237547,-1.0223976130812507,-1.0457411022578735,0,1,-0.5184765448213042,1,1.0,0.0,0.0,0
1.0647304647673743,1,1.2335717336813552,1.0753145417643806,0.2937667489765214,-1.0457411022578735,1,1,0.2915839296637712,0,1.0,0.0,0.0,0
-0.341881746720532,1,1.2335717336813552,0.03478346734488051,1.786733465660752,0.7168853643458143,1,1,1.260598751143226,0,0.0,0.0,1.0,0
0.8652854497056562,1,2.1115388950393474,-0.31206022412828616,-1.0223976130812507,-1.0457411022578735,1,1,-0.8340942353685672,1,0.0,0.0,1.0,0
-0.16343094377057377,0,1.4286755473164647,-1.6994349900209527,0.9723029207413769,0.7168853643458143,0,1,1.0478593465271322,0,1.0,0.0,0.0,0
0.11999091973818347,1,0.6482602927760271,-0.31206022412828616,0.6284154799348559,0.7168853643458143,1,1,1.0178203964430264,0,0.0,0.0,1.0,0
-1.475569200755561,1,0.7458121995935818,-1.0057476070746194,-1.0223976130812507,0.7168853643458143,1,1,1.2042112662877036,1,1.0,0.0,0.0,0
-0.7197775647322083,0,0.9409160132286912,-1.3525912985477861,1.28550124107531,0.7168853643458143,1,0,-1.1820712001215996,0,0.0,1.0,0.0,1
-1.2866212917497228,0,1.4286755473164647,0.7284708502912138,-1.0223976130812507,0.7168853643458143,1,1,-0.3312792695244444,1,1.0,0.0,0.0,0
-2.399314533672992,0,0.16050075868825375,-0.6589039156014528,1.0594870837534354,0.7168853643458143,1,0,-0.46561205245976267,0,0.0,1.0,0.0,1
0.25645329846462217,1,0.8433641064111366,1.422158233237547,0.5404193297489237,-1.0457411022578735,1,1,-1.6923667563017302,0,1.0,0.0,0.0,0
-0.8982283676821666,1,-0.1321549617644103,1.422158233237547,1.2261187392859165,2.479511830949502,1,0,0.077015192197459,0,0.0,1.0,0.0,1
0.6658404346439382,1,3.1846098700324488,0.03478346734488051,1.9274851038873146,0.7168853643458143,1,1,1.6998168147135813,0,1.0,0.0,0.0,0
0.10949381368230357,0,-0.1321549617644103,0.03478346734488051,0.46226721529878323,2.479511830949502,1,0,1.3600758381749565,0,0.0,1.0,0.0,1
-0.9297196858498064,0,0.8433641064111366,0.7284708502912138,-1.0223976130812507,0.7168853643458143,1,1,-0.9322799980068822,1,1.0,0.0,0.0,0
-0.24740779221761294,1,1.9164350814042381,-1.0057476070746194,1.0415964661349082,0.7168853643458143,1,0,0.8314185964039672,0,0.0,1.0,0.0,1
-1.8219737005995975,1,0.9409160132286912,-1.3525912985477861,-1.0223976130812507,0.7168853643458143,1,1,0.17949409229581348,1,1.0,0.0,0.0,0
0.6658404346439382,1,1.33112364049891,0.7284708502912138,-1.0223976130812507,-1.0457411022578735,1,1,-1.4735374984633762,1,1.0,0.0,0.0,0
-0.6777891405086888,0,3.0870579632148942,0.03478346734488051,0.13440206455082826,0.7168853643458143,1,0,0.0933960836730918,0,0.0,1.0,0.0,1
-0.8772341555704068,0,-1.2052259367575118,-0.31206022412828616,1.057246669232227,-1.0457411022578735,0,0,0.8692292616839696,0,1.0,0.0,0.0,1
-0.6882862465645686,1,0.6482602927760271,0.03478346734488051,-1.0223976130812507,0.7168853643458143,1,1,0.9677431036488935,1,1.0,0.0,0.0,0
-1.0241936403527254,0,0.9409160132286912,-1.0057476070746194,-1.0223976130812507,0.7168853643458143,0,1,0.6635807772994085,1,1.0,0.0,0.0,0
-0.11094541349117427,1,-0.6199144958521837,1.0753145417643806,0.675314383636093,-1.0457411022578735,1,0,-0.3747802286987434,0,0.0,1.0,0.0,1
-1.3181126099173626,0,-0.7174664026697384,0.7284708502912138,0.8630494907823577,-1.0457411022578735,1,0,0.32607511225947633,0,0.0,1.0,0.0,1
0.5293780559174995,1,1.9164350814042381,0.38162715881804715,0.42223275226443907,-1.0457411022578735,0,1,0.46422999332551457,0,1.0,0.0,0.0,0
-1.5070605189232007,1,4.842992285930879,1.7690019247107138,-1.0223976130812507,0.7168853643458143,1,1,-0.8112870835769171,1,0.0,0.0,1.0,0
0.5083838438057396,0,-0.5223625890346291,0.03478346734488051,0.8584246592536399,-1.0457411022578735,0,0,1.577861349197405,0,0.0,1.0,0.0,1
-0.10044830743529438,1,0.8433641064111366,0.03478346734488051,0.6786230582122769,0.7168853643458143,1,1,1.000152517952701,0,0.0,0.0,1.0,0
-0.24740779221761294,1,2.013986988221793,0.03478346734488051,-1.0223976130812507,-1.0457411022578735,1,1,0.6516540267820135,1,1.0,0.0,0.0,0
0.19347066212934275,0,-0.5223625890346291,-1.6994349900209527,1.261930418001618,-1.0457411022578735,1,0,-0.6054730848202854,0,0.0,1.0,0.0,1
0.16197934396170308,0,1.4286755473164647,0.7284708502912138,-1.0223976130812507,-1.0457411022578735,1,1,0.6453424467594322,1,1.0,0.0,0.0,0
0.886279661817416,1,1.1360198268638007,-1.3525912985477861,0.2458810899832486,-1.0457411022578735,1,1,-1.5041101196255617,0,0.0,0.0,1.0,0
1.5895857675613692,0,-0.1321549617644103,-1.0057476070746194,0.595324385104639,-1.0457411022578735,1,0,-1.1203123054554966,0,0.0,1.0,0.0,1
-0.656794928396929,0,1.0384679200462459,-0.31206022412828616,-1.0223976130812507,0.7168853643458143,1,1,-1.3199868313772762,1,1.0,0.0,0.0,0
-0.6777891405086888,1,3.1846098700324488,-0.31206022412828616,-1.0223976130812507,0.7168853643458143,0,1,-1.434806094428052,1,1.0,0.0,0.0,0
-0.9822052161292057,0,-0.6199144958521837,-1.6994349900209527,1.366788711672932,-1.0457411022578735,1,0,1.5942583757218867,0,1.0,0.0,0.0,1
0.20396776818522266,1,0.9409160132286912,-1.3525912985477861,1.0983303852819675,0.7168853643458143,0,1,-1.4844498228450327,0,0.0,0.0,1.0,0
0.14098513184994327,0,0.6482602927760271,0.03478346734488051,-0.2510835709869161,-1.0457411022578735,1,1,-0.7872059569067433,0,1.0,0.0,0.0,0
1.49511181305845,1,3.0870579632148942,1.0753145417643806,0.1118515007033445,-1.0457411022578735,1,1,-1.0970113864700186,0,1.0,0.0,0.0,0
-0.4678470193910908,1,-0.8150183094872931,1.422158233237547,1.2795505879976623,-1.0457411022578735,1,0,0.10716691412836339,0,0.0,1.0,0.0,1
-0.961211004017446,1,1.33112364049891,0.03478346734488051,0.551648624301481,0.7168853643458143,1,0,1.3074131206716098,0,0.0,1.0,0.0,1
-1.0766791706321248,0,0.9409160132286912,0.7284708502912138,-1.0223976130812507,0.7168853643458143,1,1,-0.6246786508154937,1,1.0,0.0,0.0,0
0.3824185711351809,1,2.891954149579785,-0.31206022412828616,0.5514173182944024,-1.0457411022578735,1,1,-0.6617892631696016,0,1.0,0.0,0.0,0
1.0227420405438548,0,1.1360198268638007,0.7284708502912138,1.3418435829917232,0.7168853643458143,0,1,0.8843379132325677,0,0.0,0.0,1.0,0
-0.17392804982645366,0,2.79440224276223,-0.6589039156014528,-1.0223976130812507,-1.0457411022578735,0,1,-0.9845672720079651,1,1.0,0.0,0.0,0
1.1172159950467737,1,2.79440224276223,-1.3525912985477861,1.3846785239084263,0.7168853643458143,0,1,0.1139712203738789,0,1.0,0.0,0.0,0
0.4349041014145804,0,2.4041946154920115,0.03478346734488051,-1.0223976130812507,-1.0457411022578735,1,1,1.2814889550344526,1,0.0,0.0,1.0,0
1.0752275708232542,0,0.7458121995935818,-1.0057476070746194,-1.0223976130812507,-1.0457411022578735,1,1,0.6708450191847121,1,1.0,0.0,0.0,0
0.4978867377498598,1,-1.1076740299399572,0.03478346734488051,1.3454984111954917,-1.0457411022578735,1,0,-0.612997916419268,0,0.0,1.0,0.0,1
0.40341278324694074,1,0.6482602927760271,1.422158233237547,-0.3275993081906005,-1.0457411022578735,0,1,-0.3883387010917361,0,1.0,0.0,0.0,0
-0.9822052161292057,1,1.8188831745866834,0.38162715881804715,-1.0223976130812507,0.7168853643458143,1,1,-1.0481905455443685,1,0.0,0.0,1.0,0
-0.49933833755873047,0,0.6482602927760271,-0.31206022412828616,0.4131541525632136,-1.0457411022578735,1,1,1.7270291818314734,0,0.0,0.0,1.0,0
-0.6043093981175295,1,-0.5223625890346291,-0.31206022412828616,-0.18977829774453045,-1.0457411022578735,1,0,0.20661797688775593,0,0.0,0.0,1.0,1
2.030464221908325,0,0.6482602927760271,-0.31206022412828616,0.819478751926703,0.7168853643458143,1,1,0.16265916401545563,0,0.0,0.0,1.0,0
-0.4048643830558114,0,-0.1321549617644103,0.03478346734488051,0.5344538576234686,-1.0457411022578735,1,0,-0.01782159358124245,0,1.0,0.0,0.0,1
0.32993304085578146,1,-0.3272587753995197,0.03478346734488051,0.7748658474263421,-1.0457411022578735,0,0,1.1529155170627015,0,0.0,1.0,0.0,1
-1.0241936403527254,1,-1.4003297503926213,-0.6589039156014528,0.8257940824416944,-1.0457411022578735,1,0,-0.2398152294407586,0,0.0,0.0,1.0,1
-0.4153614891116913,1,2.209090801856902,0.7284708502912138,0.4445339695249048,-1.0457411022578735,1,1,0.03688784619392055,0,0.0,0.0,1.0,0
0.8442912375938965,0,0.6482602927760271,-1.0057476070746194,0.5749937790493256,0.7168853643458143,1,1,-0.36542693172528706,0,0.0,1.0,0.0,0
-1.7589910642643183,1,1.9164350814042381,-0.31206022412828616,-1.0223976130812507,0.7168853643458143,1,1,1.5910495829426012,1,0.0,0.0,1.0,0
1.2221870556055727,1,1.33112364049891,-0.31206022412828616,-1.0223976130812507,-1.0457411022578735,0,1,0.7703151664104865,1,1.0,0.0,0.0,0
-0.6358007162851692,1,2.79440224276223,0.38162715881804715,-1.0223976130812507,0.7168853643458143,1,1,0.6703354639323325,1,0.0,0.0,1.0,0
-0.7407717768439681,0,-1.0101221231224025,0.03478346734488051,-1.0223976130812507,2.479511830949502,1,0,1.2278909251832748,1,1.0,0.0,0.0,1
0.5293780559174995,1,3.3797136836675583,0.38162715881804715,0.04994041834353386,-1.0457411022578735,1,1,-0.6409745296681552,0,1.0,0.0,0.0,0
1.5266031312260897,1,1.2335717336813552,0.7284708502912138,-1.0223976130812507,-1.0457411022578735,0,1,-1.0211546229929287,1,0.0,0.0,1.0,0
-0.13193962560293407,1,1.5262274541340193,0.38162715881804715,-1.0223976130812507,-1.0457411022578735,0,1,-0.26182569150856566,1,0.0,0.0,1.0,0
-0.32088753460877223,1,2.306642708674457,-0.6589039156014528,-1.0223976130812507,-1.0457411022578735,1,1,-0.602077958251059,1,0.0,0.0,1.0,0
1.1801986313820532,0,3.3797136836675583,-1.3525912985477861,-1.0223976130812507,-1.0457411022578735,1,1,-1.2131041039138715,1,1.0,0.0,0.0,0
0.4558983135263402,1,1.5262274541340193,-1.3525912985477861,0.2568030503704119,-1.0457411022578735,0,1,0.694361072154852,0,0.0,0.0,1.0,0
0.781308601258617,1,-0.1321549617644103,-0.6589039156014528,0.8602743019272351,-1.0457411022578735,0,0,1.2665968254317075,0,0.0,1.0,0.0,1
-0.646297822341049,1,0.7458121995935818,0.03478346734488051,1.2706989452351372,0.7168853643458143,1,0,-0.8898949596304403,0,0.0,1.0,0.0,1
-0.55182386783813,0,1.7213312677691288,-1.6994349900209527,-0.011921374574656909,-1.0457411022578735,0,1,0.437918239525669,0,1.0,0.0,0.0,0
-1.6750142158172792,0,-0.9125702163048478,-0.31206022412828616,0.35717213901576605,-1.0457411022578735,0,0,-0.6329205378649649,0,1.0,0.0,0.0,1
-0.6253036102292893,1,2.79440224276223,-1.0057476070746194,-1.0223976130812507,0.7168853643458143,0,1,0.1549700325104455,1,1.0,0.0,0.0,0
-0.037465671100014995,1,1.623779360951574,-1.0057476070746194,0.10938831723520748,-1.0457411022578735,0,1,-0.6482802368940511,0,0.0,0.0,1.0,0
-0.17392804982645366,1,0.6482602927760271,-1.3525912985477861,-1.0223976130812507,-1.0457411022578735,1,1,-1.540728526242182,1,1.0,0.0,0.0,0
-0.35237885277641195,0,1.1360198268638007,-1.0057476070746194,0.38084878941999495,-1.0457411022578735,1,1,0.0809962118845903,0,0.0,0.0,1.0,0
-1.4545749886438013,0,0.6482602927760271,1.0753145417643806,-1.0223976130812507,0.7168853643458143,1,1,-1.1020505530704163,1,1.0,0.0,0.0,0
0.5083838438057396,1,5.233199913201098,-1.3525912985477861,1.0083956781355967,0.7168853643458143,1,1,-1.1325204651044407,0,1.0,0.0,0.0,0
-0.21591647404997324,0,-0.5223625890346291,-1.6994349900209527,-1.0223976130812507,-1.0457411022578735,1,0,-0.1290134200583872,1,0.0,0.0,1.0,1
-0.8037544131792476,0,2.599298429127121,-1.3525912985477861,-1.0223976130812507,0.7168853643458143,0,1,0.06018286634433534,1,0.0,0.0,1.0,0
0.17247645001758297,1,2.599298429127121,-1.6994349900209527,-1.0223976130812507,-1.0457411022578735,1,1,-0.24255107444408694,1,1.0,0.0,0.0,0
0.4454012074704603,0,1.2335717336813552,-1.0057476070746194,0.46347190723954934,0.7168853643458143,0,1,-0.14517345220944394,0,0.0,1.0,0.0,0
1.7575394644554476,1,3.769921310937777,-0.6589039156014528,-0.5791606985491574,0.7168853643458143,0,1,-1.682333878829952,0,0.0,1.0,0.0,0
0.7078288588674577,1,0.6482602927760271,0.03478346734488051,0.3288505225069944,-1.0457411022578735,0,1,-1.1379859092857363,0,0.0,0.0,1.0,0
0.057008283402904085,1,2.501746522309566,-1.6994349900209527,0.569815488300328,-1.0457411022578735,0,1,-0.9886359067453011,0,1.0,0.0,0.0,0
-1.381095246252642,0,2.1115388950393474,0.7284708502912138,-1.0223976130812507,0.7168853643458143,0,1,1.1853412399105074,1,0.0,0.0,1.0,0
1.0332391465997346,1,2.306642708674457,-1.3525912985477861,1.0346526147009611,0.7168853643458143,0,1,0.7402010929268978,0,1.0,0.0,0.0,0
-0.24740779221761294,0,2.1115388950393474,1.0753145417643806,0.0949142955192867,-1.0457411022578735,1,1,-1.551486786931597,0,1.0,0.0,0.0,0
0.26695040452050206,1,2.209090801856902,1.7690019247107138,0.16454690716971238,-1.0457411022578735,1,1,1.2565858083486932,0,1.0,0.0,0.0,0
0.26695040452050206,0,0.7458121995935818,-1.0057476070746194,-1.0223976130812507,-1.0457411022578735,1,1,0.25554187393186495,1,1.0,0.0,0.0,0
1.2746725858849723,0,2.599298429127121,0.7284708502912138,-1.0223976130812507,-1.0457411022578735,1,1,-0.37902409353648925,1,1.0,0.0,0.0,0
1.2326841616614526,0,0.8433641064111366,0.38162715881804715,0.5033663947027576,-1.0457411022578735,0,1,-0.6638384143735023,0,1.0,0.0,0.0,0
0.9597594042085753,1,1.9164350814042381,1.422158233237547,0.9480637908268986,0.7168853643458143,0,1,0.4288033248868296,0,0.0,0.0,1.0,0
-0.29989332249701245,0,-0.7174664026697384,0.03478346734488051,-1.0223976130812507,-1.0457411022578735,0,0,0.83710472641469,1,1.0,0.0,0.0,1
-0.25790489827349283,1,-0.7174664026697384,-0.6589039156014528,1.1772071833852042,-1.0457411022578735,1,0,-0.30467101251509365,0,0.0,0.0,1.0,1
0.7183259649233377,1,2.6968503359446756,-0.31206022412828616,0.37026750605579195,-1.0457411022578735,1,1,0.7245669245722193,0,1.0,0.0,0.0,0
-0.7302746707880883,1,0.9409160132286912,-1.3525912985477861,-1.0223976130812507,0.7168853643458143,1,1,-1.5754332813662084,1,0.0,0.0,1.0,0
1.5371002372819698,0,2.599298429127121,-1.0057476070746194,1.4204824709470105,0.7168853643458143,0,1,-1.6097476724051636,0,1.0,0.0,0.0,0
-1.4965634128673209,1,2.6968503359446756,1.422158233237547,-1.0223976130812507,0.7168853643458143,1,1,-1.4830243867015014,1,0.0,0.0,1.0,0
-1.3076155038614827,1,2.1115388950393474,0.03478346734488051,0.21315451151376913,0.7168853643458143,0,1,-1.489002682543006,0,1.0,0.0,0.0,0
-0.0059743529323753,0,0.7458121995935818,0.03478346734488051,0.8042455761638734,0.7168853643458143,1,1,0.678981074193342,0,1.0,0.0,0.0,0
-0.8562399434586471,1,0.7458121995935818,-1.3525912985477861,-1.0223976130812507,0.7168853643458143,1,1,-0.584944965304856,1,1.0,0.0,0.0,0
-0.7092804586763285,0,1.1360198268638007,-0.31206022412828616,-1.0223976130812507,0.7168853643458143,0,1,1.4289643424908012,1,1.0,0.0,0.0,0
0.5398751619733794,1,0.7458121995935818,0.7284708502912138,0.08580493018620046,-1.0457411022578735,1,1,-1.041135191818365,0,0.0,0.0,1.0,0
-0.25790489827349283,1,-0.1321549617644103,-1.3525912985477861,1.2037951323771328,-1.0457411022578735,1,0,-0.6755120354686223,0,0.0,0.0,1.0,1
-0.04796277715589489,1,3.1846098700324488,-0.31206022412828616,-1.0223976130812507,-1.0457411022578735,1,1,0.3538171600670231,1,0.0,0.0,1.0,0
-1.0766791706321248,1,0.7458121995935818,-0.31206022412828616,-1.0223976130812507,0.7168853643458143,0,1,-0.7354926048582896,1,0.0,0.0,1.0,0
-0.43635570122345113,1,1.2335717336813552,0.38162715881804715,0.2955068595576281,-1.0457411022578735,1,1,1.2046769272674063,0,0.0,0.0,1.0,0
-2.1788753064995143,1,1.33112364049891,0.38162715881804715,-1.0223976130812507,0.7168853643458143,0,1,0.4147989699611108,1,1.0,0.0,0.0,0
-1.989927397493676,1,1.8188831745866834,-1.3525912985477861,-1.0223976130812507,0.7168853643458143,1,1,0.25564787946785544,1,1.0,0.0,0.0,0
0.5503722680292593,1,1.0384679200462459,-0.31206022412828616,1.463731056589464,0.7168853643458143,1,1,-1.0569157900787325,0,1.0,0.0,0.0,0
-0.5938122920616495,0,-0.1321549617644103,-0.31206022412828616,-1.0223976130812507,2.479511830949502,1,0,-1.603118769755207,1,1.0,0.0,0.0,1
0.4873896316939799,1,1.1360198268638007,1.0753145417643806,1.5570765608806036,0.7168853643458143,1,1,-0.35392160092461994,0,1.0,0.0,0.0,0
-1.150158913023284,0,1.2335717336813552,-1.3525912985477861,-1.0223976130812507,0.7168853643458143,1,1,-0.7426494532464115,1,1.0,0.0,0.0,0
0.13048802579406338,1,0.8433641064111366,-1.6994349900209527,0.004043411135352753,0.7168853643458143,1,1,1.4263841226360545,0,0.0,1.0,0.0,0
-0.5623209738940099,1,0.7458121995935818,-0.31206022412828616,0.5706461603605675,0.7168853643458143,1,1,-0.23462217264326848,0,0.0,1.0,0.0,0
-0.646297822341049,0,0.5507083859584725,-0.31206022412828616,0.532853722613498,0.7168853643458143,1,0,0.7675187716001844,0,0.0,1.0,0.0,1
2.030464221908325,0,0.8433641064111366,-0.31206022412828616,0.5757959405501968,0.7168853643458143,1,1,0.38910659384291185,0,0.0,1.0,0.0,0
0.5713664801410191,1,1.33112364049891,0.03478346734488051,-1.0223976130812507,-1.0457411022578735,1,1,1.042624997884199,1,1.0,0.0,0.0,0
-0.29989332249701245,0,1.2335717336813552,-0.6589039156014528,0.9746512565890076,0.7168853643458143,1,1,-1.0265267267841047,0,1.0,0.0,0.0,0
0.25645329846462217,0,1.9164350814042381,1.0753145417643806,0.47841562834031764,-1.0457411022578735,1,1,0.6948071281827266,0,1.0,0.0,0.0,0
-0.8457428374027671,0,1.1360198268638007,1.0753145417643806,-1.0223976130812507,0.7168853643458143,1,1,-0.7271353435347861,1,1.0,0.0,0.0,0
-1.276124185693843,0,0.6482602927760271,-1.0057476070746194,-1.0223976130812507,0.7168853643458143,0,1,1.2302183626060441,1,1.0,0.0,0.0,0
-0.9402167919056862,0,0.6482602927760271,-0.31206022412828616,-1.0223976130812507,0.7168853643458143,0,1,0.37023136261124834,1,1.0,0.0,0.0,0
1.1697015253261733,1,1.5262274541340193,1.0753145417643806,0.1005115465220526,-1.0457411022578735,1,1,-0.5262551998231575,0,1.0,0.0,0.0,0
-3.218088806031624,1,0.06294885187069905,-1.6994349900209527,0.7451475356617364,0.7168853643458143,0,0,0.4144538881099078,0,0.0,1.0,0.0,1
-1.1396618069674043,0,-0.6199144958521837,-1.0057476070746194,1.7553486553242559,-1.0457411022578735,1,0,1.5331794085444033,0,1.0,0.0,0.0,1
0.15148223790582316,1,1.1360198268638007,1.0753145417643806,-1.0223976130812507,-1.0457411022578735,0,1,-1.6855660934543422,1,0.0,0.0,1.0,0
0.6343491164762984,1,1.1360198268638007,1.422158233237547,0.43221692464797334,-1.0457411022578735,1,1,0.4322277721362237,0,1.0,0.0,0.0,0
-0.4258585951675712,0,-0.7174664026697384,-0.6589039156014528,1.1809554360208014,-1.0457411022578735,1,0,-0.7003515094347278,0,1.0,0.0,0.0,1
0.27744751057638195,0,3.3797136836675583,1.0753145417643806,1.1961464097127015,0.7168853643458143,1,1,0.5811537525326969,0,1.0,0.0,0.0,0
1.810024994734847,1,-1.0101221231224025,-0.6589039156014528,1.1103455725981293,2.479511830949502,1,0,0.08979397739120294,0,0.0,1.0,0.0,1
0.6028577983086588,1,0.6482602927760271,1.0753145417643806,1.4082530517440701,0.7168853643458143,0,1,0.6970261311374205,0,0.0,0.0,1.0,0
-0.10044830743529438,1,0.8433641064111366,1.7690019247107138,0.5857134272185984,-1.0457411022578735,0,1,-0.18408806712202777,0,0.0,0.0,1.0,0
1.4426262827790506,1,1.7213312677691288,1.422158233237547,0.539259578181399,-1.0457411022578735,1,1,-0.48469079350110994,0,1.0,0.0,0.0,0
-0.12144251954705418,0,0.9409160132286912,0.7284708502912138,0.43715521125313594,-1.0457411022578735,1,1,0.8575087968986415,0,1.0,0.0,0.0,0
-1.0766791706321248,0,0.6482602927760271,-0.31206022412828616,-1.0223976130812507,0.7168853643458143,1,1,1.625622481753448,1,0.0,0.0,1.0,0
0.10949381368230357,1,3.769921310937777,-1.0057476070746194,-1.0223976130812507,-1.0457411022578735,1,1,-1.1279039326868137,1,0.0,0.0,1.0,0
0.21446487424110255,1,0.7458121995935818,-1.0057476070746194,-0.10365305234426475,-1.0457411022578735,1,1,1.0204533588230449,0,1.0,0.0,0.0,0
-0.18442515588233357,0,1.1360198268638007,0.38162715881804715,0.8353845835986969,0.7168853643458143,1,1,-0.8081959205085993,0,1.0,0.0,0.0,0
-1.7379968521525584,0,2.209090801856902,1.0753145417643806,-1.0223976130812507,0.7168853643458143,0,1,0.696546937536102,1,0.0,0.0,1.0,0
-1.2551299735820831,1,0.8433641064111366,1.7690019247107138,-1.0223976130812507,0.7168853643458143,0,1,-1.2878716648460382,1,1.0,0.0,0.0,0
0.8757825557615361,0,-0.22970686858196498,-0.31206022412828616,0.7340558005312161,-1.0457411022578735,0,0,-0.08950389028015461,0,0.0,1.0,0.0,1
-1.370598140196762,0,-0.3272587753995197,1.422158233237547,0.8869464939844159,-1.0457411022578735,1,0,-1.0189845456702302,0,0.0,1.0,0.0,1
-2.2208637307230337,1,0.6482602927760271,1.7690019247107138,-1.0223976130812507,0.7168853643458143,0,1,-0.15156761592291124,1,0.0,0.0,1.0,0
1.4636204948908105,0,1.1360198268638007,-1.3525912985477861,0.4943641453130606,-1.0457411022578735,1,1,1.5562710923802832,0,1.0,0.0,0.0,0
0.07800249551466389,1,1.9164350814042381,0.03478346734488051,0.5669159483049097,-1.0457411022578735,1,1,-0.6736127840733889,0,1.0,0.0,0.0,0
-2.388817427617112,1,2.1115388950393474,0.7284708502912138,-1.0223976130812507,0.7168853643458143,1,1,1.1099850099380535,1,1.0,0.0,0.0,0
-1.5175576249790805,0,0.7458121995935818,-0.6589039156014528,-1.0223976130812507,0.7168853643458143,1,1,-0.7513288950614605,1,0.0,0.0,1.0,0
2.019967115852445,1,2.9895060563973397,0.7284708502912138,0.1372909734902107,-1.0457411022578735,1,1,0.6827438369831311,0,1.0,0.0,0.0,0
0.6448462225321784,0,1.0384679200462459,1.7690019247107138,0.303615294857298,-1.0457411022578735,0,1,-1.5366328262616142,0,0.0,0.0,1.0,0
0.4768925256381,0,0.7458121995935818,1.422158233237547,0.563307993393662,-1.0457411022578735,0,1,0.17088699795786438,0,1.0,0.0,0.0,0
0.5293780559174995,0,0.7458121995935818,0.7284708502912138,1.0309542958134101,0.7168853643458143,1,1,0.8032468011125444,0,1.0,0.0,0.0,0
-1.3601010341408821,0,-0.9125702163048478,-1.0057476070746194,-0.5753138670303208,-1.0457411022578735,1,0,-0.03895260873917091,0,0.0,0.0,1.0,1
0.25645329846462217,1,2.599298429127121,0.7284708502912138,1.1475410604411371,0.7168853643458143,0,1,1.573708569312842,0,0.0,0.0,1.0,0
-0.5308296557263702,0,-1.3027778435750665,-0.6589039156014528,1.3516576584786872,2.479511830949502,1,0,-0.9408914297235542,0,0.0,0.0,1.0,1
1.295666797996732,1,0.8433641064111366,0.7284708502912138,0.36296123225699334,-1.0457411022578735,1,1,-1.071167375591663,0,0.0,0.0,1.0,0
-0.20541936799409335,0,1.5262274541340193,0.03478346734488051,-1.0223976130812507,-1.0457411022578735,0,1,0.8869656707581189,1,0.0,0.0,1.0,0
-1.4020894583644017,1,0.6482602927760271,0.03478346734488051,-1.0223976130812507,0.7168853643458143,1,1,0.3767376041909182,1,1.0,0.0,0.0,0
1.3691465403878913,1,0.7458121995935818,0.7284708502912138,0.8732374250732418,0.7168853643458143,1,1,-0.11022597737207744,0,1.0,0.0,0.0,0
-0.23691068616173305,0,0.6482602927760271,-1.0057476070746194,-1.0223976130812507,-1.0457411022578735,1,1,0.7589493257095513,1,1.0,0.0,0.0,0
-0.6987833526204486,0,1.2335717336813552,1.7690019247107138,0.338290900266645,0.7168853643458143,1,1,1.582683126376205,0,0.0,0.0,1.0,0
-0.3313846406646521,0,1.33112364049891,-1.0057476070746194,0.25766142760698685,-1.0457411022578735,1,1,-0.2621091825819018,0,1.0,0.0,0.0,0
1.316661010108492,0,3.0870579632148942,0.7284708502912138,0.5412119877300053,-1.0457411022578735,0,1,0.5458783718638707,0,1.0,0.0,0.0,0
1.4111349646114109,0,1.33112364049891,0.7284708502912138,-1.0223976130812507,-1.0457411022578735,1,1,0.40023405220922975,1,1.0,0.0,0.0,0
-0.5308296557263702,1,2.209090801856902,0.03478346734488051,0.7199050595647427,0.7168853643458143,0,1,-1.580027259414476,0,1.0,0.0,0.0,0
0.17247645001758297,0,2.9895060563973397,-0.6589039156014528,0.24742001588271106,0.7168853643458143,1,1,-1.0846476016724926,0,0.0,1.0,0.0,0
0.18297355607346286,1,-0.42481068221707435,-1.0057476070746194,1.438819109689215,-1.0457411022578735,1,0,1.3184900919495917,0,0.0,1.0,0.0,1
-0.49933833755873047,1,1.4286755473164647,1.7690019247107138,-1.0223976130812507,-1.0457411022578735,1,1,0.9529967099712418,1,0.0,0.0,1.0,0
-1.276124185693843,0,-0.8150183094872931,0.03478346734488051,0.9576325466420099,-1.0457411022578735,0,0,-0.6475362896954798,0,0.0,0.0,1.0,1
1.2221870556055727,1,0.6482602927760271,1.0753145417643806,0.5380676112925542,-1.0457411022578735,1,1,0.24700331017773944,0,1.0,0.0,0.0,0
-1.2131415493585636,1,0.7458121995935818,0.38162715881804715,-1.0223976130812507,0.7168853643458143,1,1,-0.28205002101823534,1,1.0,0.0,0.0,0
0.6028577983086588,0,3.2821617768500038,-0.6589039156014528,-1.0223976130812507,-1.0457411022578735,1,1,-0.22519670168786113,1,1.0,0.0,0.0,0
-0.5098354436146104,0,-0.5223625890346291,-0.31206022412828616,-1.0223976130812507,-1.0457411022578735,1,0,-0.35409023820937074,1,1.0,0.0,0.0,1
-0.3313846406646521,0,1.0384679200462459,-1.0057476070746194,0.27936633926981697,-1.0457411022578735,1,1,-1.3826664647987006,0,0.0,0.0,1.0,0
0.09899670762642368,1,3.1846098700324488,-1.3525912985477861,-0.1684775272876612,0.7168853643458143,1,1,0.2170256038812026,0,0.0,1.0,0.0,0
-0.5938122920616495,0,1.1360198268638007,0.38162715881804715,0.5027444779246725,-1.0457411022578735,1,1,-0.8540246640959654,0,0.0,0.0,1.0,0
-1.171153125135044,0,3.477265590485113,-0.6589039156014528,-1.0223976130812507,0.7168853643458143,1,1,1.068957744597064,1,0.0,0.0,1.0,0
-2.4622971700082714,0,1.5262274541340193,-0.31206022412828616,-1.0223976130812507,0.7168853643458143,1,1,-1.6056438181525965,1,0.0,0.0,1.0,0
-0.8667370495145269,1,-0.22970686858196498,-0.31206022412828616,0.23347641943232633,-1.0457411022578735,1,0,1.168547776970742,0,0.0,0.0,1.0,1
0.9702565102644553,1,0.7458121995935818,1.7690019247107138,0.23619635901138483,0.7168853643458143,1,1,-0.4552968983806907,0,0.0,1.0,0.0,0
0.26695040452050206,1,0.7458121995935818,-0.31206022412828616,-1.0223976130812507,-1.0457411022578735,1,1,-1.6492332598528452,1,0.0,0.0,1.0,0
-0.16343094377057377,1,1.1360198268638007,0.38162715881804715,1.451589746290334,0.7168853643458143,1,1,0.5412557671160312,0,1.0,0.0,0.0,0
0.19347066212934275,1,2.6968503359446756,0.03478346734488051,0.8405253434983564,0.7168853643458143,1,1,0.5596476408628017,0,0.0,0.0,1.0,0
-0.06895698926765469,1,3.1846098700324488,-1.6994349900209527,-1.0223976130812507,-1.0457411022578735,1,1,1.3127885208706151,1,0.0,0.0,1.0,0
-0.9192225797939264,1,-0.42481068221707435,-1.6994349900209527,1.4233776618740508,-1.0457411022578735,1,0,0.04486931702486191,0,0.0,0.0,1.0,1
-0.11094541349117427,0,0.6482602927760271,-0.6589039156014528,-0.2631670547842766,-1.0457411022578735,1,1,-0.7369582918763704,0,1.0,0.0,0.0,0
0.5923606922527789,1,0.7458121995935818,0.03478346734488051,-1.0223976130812507,-1.0457411022578735,1,1,-0.7635866743229959,1,1.0,0.0,0.0,0
1.4216320706672907,0,-0.9125702163048478,-0.31206022412828616,0.7108155066542683,-1.0457411022578735,1,0,-1.4016921163244784,0,0.0,1.0,0.0,1
-0.22641358010585316,0,3.2821617768500038,-0.31206022412828616,0.18266222665444729,-1.0457411022578735,0,1,-1.2537675499275747,0,1.0,0.0,0.0,0
-0.961211004017446,1,1.0384679200462459,0.7284708502912138,-1.0223976130812507,0.7168853643458143,1,1,-0.17530556918852022,1,1.0,0.0,0.0,0
-1.1081704887997645,0,0.6482602927760271,0.38162715881804715,-1.0223976130812507,0.7168853643458143,1,1,-0.842669059608817,1,1.0,0.0,0.0,0
-0.6777891405086888,1,1.623779360951574,1.0753145417643806,0.36037144257606796,0.7168853643458143,1,1,0.5066892876256943,0,0.0,0.0,1.0,0
-0.17392804982645366,0,0.7458121995935818,-0.6589039156014528,-1.0223976130812507,-1.0457411022578735,1,1,0.9810538249692278,1,0.0,0.0,1.0,0
-1.1186675948556444,1,0.6482602927760271,-1.6994349900209527,-1.0223976130812507,0.7168853643458143,0,1,-0.5085819429832156,1,0.0,0.0,1.0,0
-0.22641358010585316,0,0.9409160132286912,1.0753145417643806,1.0844252861405603,0.7168853643458143,1,1,-0.9796110360887514,0,1.0,0.0,0.0,0
-1.8639621248231173,0,-0.5223625890346291,-1.0057476070746194,2.3306621052812204,-1.0457411022578735,0,0,-0.8490644377883267,0,1.0,0.0,0.0,1
-0.446852807279331,0,-0.3272587753995197,0.38162715881804715,1.0409982276179934,-1.0457411022578735,0,0,-0.5249853888282078,0,0.0,1.0,0.0,1
-0.4678470193910908,0,2.306642708674457,-1.6994349900209527,1.6680103419996808,0.7168853643458143,1,1,1.6166007340095787,0,0.0,0.0,1.0,0
-0.7932573071233676,1,1.1360198268638007,-1.0057476070746194,1.294354333527295,0.7168853643458143,1,0,1.414169890656898,0,0.0,1.0,0.0,1
0.21446487424110255,1,1.9164350814042381,1.422158233237547,-1.0223976130812507,-1.0457411022578735,0,1,1.196019866326568,1,1.0,0.0,0.0,0
-0.8247486252910073,0,-0.03460305494685562,-0.31206022412828616,0.8001912779757352,0.7168853643458143,1,0,1.3358949517941534,0,0.0,1.0,0.0,1
-0.17392804982645366,1,2.306642708674457,-0.6589039156014528,-1.0223976130812507,-1.0457411022578735,1,1,0.033829126718451015,1,0.0,0.0,1.0,0
0.7603143891468572,1,2.79440224276223,-1.0057476070746194,0.4950052302073312,-1.0457411022578735,0,1,0.04645246025876202,0,1.0,0.0,0.0,0
0.791805707314497,1,3.9650251245728865,1.7690019247107138,-0.02676329526005349,-1.0457411022578735,1,1,0.07823226066713689,0,1.0,0.0,0.0,0
0.886279661817416,0,2.501746522309566,-1.0057476070746194,0.09404303215418387,-1.0457411022578735,1,1,-0.7022370547131965,0,1.0,0.0,0.0,0
-0.7932573071233676,0,1.1360198268638007,-0.31206022412828616,-1.0223976130812507,0.7168853643458143,1,1,-0.32984706707010514,1,0.0,0.0,1.0,0
-0.6358007162851692,1,1.8188831745866834,0.38162715881804715,-1.0223976130812507,0.7168853643458143,1,1,-0.4738431828100007,1,0.0,0.0,1.0,0
2.030464221908325,1,-1.0101221231224025,-0.31206022412828616,1.3610882105653352,-1.0457411022578735,1,0,-0.6767159183069821,0,0.0,1.0,0.0,1
-1.5385518370908404,1,2.4041946154920115,1.0753145417643806,-1.0223976130812507,0.7168853643458143,1,1,0.27027508197819894,1,1.0,0.0,0.0,0
-1.1816502311909238,0,0.6482602927760271,0.38162715881804715,-1.0223976130812507,0.7168853643458143,0,1,0.8967568694874504,1,1.0,0.0,0.0,0
-1.0766791706321248,0,0.6482602927760271,0.38162715881804715,-1.0223976130812507,0.7168853643458143,1,1,1.413827411232929,1,1.0,0.0,0.0,0
0.4768925256381,1,0.6482602927760271,1.422158233237547,0.18550909459950718,-1.0457411022578735,1,1,1.2370391508907073,0,1.0,0.0,0.0,0
1.4321291767231707,1,2.4041946154920115,-0.31206022412828616,0.6484466445784987,0.7168853643458143,1,1,-0.337301459638626,0,1.0,0.0,0.0,0
-0.25790489827349283,1,3.1846098700324488,-0.6589039156014528,0.316417663549917,-1.0457411022578735,1,1,-1.2511750119172547,0,1.0,0.0,0.0,0
0.4978867377498598,0,0.6482602927760271,0.38162715881804715,-1.0223976130812507,-1.0457411022578735,1,1,0.6597298789739678,1,1.0,0.0,0.0,0
-1.4230836704761616,0,3.769921310937777,0.38162715881804715,-1.0223976130812507,0.7168853643458143,1,1,-0.8789179215582364,1,1.0,0.0,0.0,0
-1.171153125135044,0,0.8433641064111366,0.03478346734488051,-1.0223976130812507,0.7168853643458143,1,1,-1.0538697357491342,1,0.0,0.0,1.0,0
2.030464221908325,0,-0.3272587753995197,-1.0057476070746194,0.28122355254392245,-1.0457411022578735,0,0,-1.5106906171289696,0,0.0,1.0,0.0,1
-1.5700431552584801,1,-0.22970686858196498,1.422158233237547,0.8817585386390225,2.479511830949502,1,0,0.3365184792536006,0,0.0,1.0,0.0,1
-0.016471458988255198,0,-0.1321549617644103,-0.31206022412828616,0.7311267835167898,-1.0457411022578735,1,0,-0.34974071482593233,0,0.0,1.0,0.0,1
-1.1186675948556444,0,0.9409160132286912,0.38162715881804715,-1.0223976130812507,0.7168853643458143,1,1,1.5988735201783228,1,1.0,0.0,0.0,0
-0.24740779221761294,1,1.9164350814042381,0.38162715881804715,0.5611225059953043,-1.0457411022578735,1,1,0.5607453446700225,0,0.0,0.0,1.0,0
0.8337941315380165,1,1.5262274541340193,0.7284708502912138,0.7773027754076034,0.7168853643458143,0,1,-0.25665345412894575,0,1.0,0.0,0.0,0
0.11999091973818347,0,2.9895060563973397,1.422158233237547,-1.0223976130812507,-1.0457411022578735,0,1,0.6032332656697743,1,0.0,0.0,1.0,0
-2.4518000639523914,0,-0.22970686858196498,0.03478346734488051,0.550766890956949,-1.0457411022578735,1,0,0.32372355901100713,0,1.0,0.0,0.0,1
0.20396776818522266,0,-1.2052259367575118,-1.3525912985477861,0.7228458351714508,-1.0457411022578735,0,0,-0.684991289920195,0,0.0,1.0,0.0,1
-0.7197775647322083,1,2.013986988221793,-0.31206022412828616,-1.0223976130812507,0.7168853643458143,1,1,-1.2539917056599799,1,0.0,0.0,1.0,0
0.26695040452050206,1,1.1360198268638007,0.38162715881804715,0.939818923641438,0.7168853643458143,0,1,0.42398328265951846,0,1.0,0.0,0.0,0
-0.7617659889557279,0,-0.8150183094872931,1.0753145417643806,0.7818828276396861,-1.0457411022578735,1,0,1.3542757218513934,0,0.0,1.0,0.0,1
1.400637858555531,1,0.7458121995935818,-1.0057476070746194,1.0935911893625632,0.7168853643458143,1,1,1.3979730775342702,0,0.0,0.0,1.0,0
-1.6330257915937594,1,1.8188831745866834,1.7690019247107138,-1.0223976130812507,0.7168853643458143,1,1,-0.8998572245766078,1,1.0,0.0,0.0,0
-0.22641358010585316,0,3.867473217755332,0.38162715881804715,-0.2566974128801617,-1.0457411022578735,1,1,0.3415507060480415,0,1.0,0.0,0.0,0
-0.8457428374027671,1,1.623779360951574,1.422158233237547,-1.0223976130812507,0.7168853643458143,1,1,-0.09130424944050335,1,1.0,0.0,0.0,0
-0.4678470193910908,1,-0.5223625890346291,0.03478346734488051,0.09673961562528532,-1.0457411022578735,1,0,-1.574293938723247,0,0.0,0.0,1.0,1
-0.49933833755873047,1,3.769921310937777,-1.3525912985477861,-1.0223976130812507,-1.0457411022578735,0,1,-1.405394849792741,1,1.0,0.0,0.0,0
0.4768925256381,1,0.6482602927760271,-1.6994349900209527,0.2789979570705214,-1.0457411022578735,1,1,-1.2533081347732329,0,1.0,0.0,0.0,0
-0.10044830743529438,0,2.501746522309566,-1.3525912985477861,0.44687876168719054,-1.0457411022578735,1,1,-1.0047699146240199,0,0.0,0.0,1.0,0
-0.446852807279331,1,1.2335717336813552,-0.31206022412828616,-0.36704262007872024,-1.0457411022578735,1,1,-0.9184543430845516,0,1.0,0.0,0.0,0
0.28794461663226184,1,1.7213312677691288,1.0753145417643806,0.24539061171614968,-1.0457411022578735,1,1,-0.0054694329586941065,0,0.0,0.0,1.0,0
-0.08995120137941448,1,1.623779360951574,-1.3525912985477861,0.28828386236444203,-1.0457411022578735,0,1,1.4195447703704573,0,0.0,0.0,1.0,0
0.14098513184994327,0,1.5262274541340193,-1.0057476070746194,0.5159986664988063,-1.0457411022578735,1,1,-0.6332624968034873,0,1.0,0.0,0.0,0
0.8023028133703768,1,-0.42481068221707435,-0.6589039156014528,0.5938121979218723,2.479511830949502,1,0,-0.8875043699734639,0,0.0,1.0,0.0,1
-0.31039042855289234,1,3.0870579632148942,-1.3525912985477861,0.4984358397747117,-1.0457411022578735,0,1,0.7908930790336561,0,1.0,0.0,0.0,0
1.1382102071585336,1,0.6482602927760271,-1.0057476070746194,0.45225517666230686,-1.0457411022578735,1,1,-0.9121363437414605,0,0.0,0.0,1.0,0
1.8730076310701265,1,-1.79053737766284,-0.31206022412828616,0.9808383701251451,-1.0457411022578735,0,0,1.3963606136202025,0,0.0,1.0,0.0,1
-0.5098354436146104,0,0.8433641064111366,0.38162715881804715,-1.0223976130812507,-1.0457411022578735,1,1,0.4562741997766134,1,1.0,0.0,0.0,0
-0.11094541349117427,0,3.3797136836675583,0.38162715881804715,0.5442213819711251,-1.0457411022578735,0,1,0.08685254063640387,0,1.0,0.0,0.0,0
-1.989927397493676,1,-1.0101221231224025,1.7690019247107138,1.0122457311865651,-1.0457411022578735,1,0,-1.1687382714222034,0,0.0,1.0,0.0,1
-0.36287595883229185,0,-0.8150183094872931,-1.0057476070746194,1.5320328533161554,2.479511830949502,1,0,0.7395914309735907,0,1.0,0.0,0.0,1
-0.4153614891116913,0,1.9164350814042381,-0.6589039156014528,0.8948126700677586,0.7168853643458143,1,0,-1.1192930214555883,0,0.0,1.0,0.0,1
-0.31039042855289234,1,1.33112364049891,-1.3525912985477861,0.2034245180154506,0.7168853643458143,0,1,1.345016632743801,0,0.0,1.0,0.0,0
-1.3391068220291222,1,2.209090801856902,-1.3525912985477861,-1.0223976130812507,0.7168853643458143,1,1,1.5902107338975702,1,1.0,0.0,0.0,0
0.41390988930282063,1,2.1115388950393474,1.0753145417643806,0.4077501934883685,-1.0457411022578735,1,1,1.6854149824016853,0,0.0,0.0,1.0,0
-0.6253036102292893,1,2.209090801856902,0.03478346734488051,-1.0223976130812507,0.7168853643458143,1,1,-0.3194815993978463,1,1.0,0.0,0.0,0
0.4873896316939799,1,1.9164350814042381,-0.31206022412828616,0.47450211110634827,-1.0457411022578735,0,1,-0.25269273337423837,0,0.0,0.0,1.0,0
-1.045187852464485,1,0.9409160132286912,1.7690019247107138,-1.0223976130812507,0.7168853643458143,1,1,1.4813166771727295,1,0.0,0.0,1.0,0
-0.22641358010585316,1,-0.5223625890346291,-1.3525912985477861,-1.0223976130812507,2.479511830949502,0,0,1.3593990335990174,1,1.0,0.0,0.0,1
0.5083838438057396,0,0.7458121995935818,0.03478346734488051,0.41706203211595183,-1.0457411022578735,0,1,0.6844130338108957,0,0.0,0.0,1.0,0
0.8127999194262567,0,0.8433641064111366,1.7690019247107138,0.45180835015559656,0.7168853643458143,1,1,0.6787529280725115,0,0.0,1.0,0.0,0
-1.4860663068114408,0,2.6968503359446756,0.38162715881804715,-1.0223976130812507,0.7168853643458143,1,1,1.0574442595243974,1,1.0,0.0,0.0,0
-1.4335807765320414,1,1.9164350814042381,-0.6589039156014528,-1.0223976130812507,0.7168853643458143,0,1,-1.1610918197238278,1,1.0,0.0,0.0,0
-0.07945409532353459,1,3.867473217755332,-0.31206022412828616,0.07849430731902358,0.7168853643458143,1,1,0.74348119221239,0,0.0,1.0,0.0,0
2.030464221908325,0,1.8188831745866834,1.0753145417643806,1.0196720070572813,0.7168853643458143,1,1,0.5653318624268862,0,0.0,0.0,1.0,0
0.8232970254821367,1,3.3797136836675583,1.422158233237547,-1.0223976130812507,-1.0457411022578735,1,1,0.25277757572411363,1,1.0,0.0,0.0,0
-1.5385518370908404,1,2.599298429127121,-1.0057476070746194,-1.0223976130812507,0.7168853643458143,1,1,-0.8959636464445326,1,1.0,0.0,0.0,0
-0.4573499133352109,0,0.6482602927760271,-1.3525912985477861,2.0032974195499738,0.7168853643458143,1,1,0.8242869048124387,0,1.0,0.0,0.0,0
-1.0766791706321248,1,2.6968503359446756,1.0753145417643806,-1.0223976130812507,0.7168853643458143,1,1,0.29553181177745835,1,0.0,0.0,1.0,0
-1.3915923523085219,1,-0.9125702163048478,-0.6589039156014528,1.5392914484394002,-1.0457411022578735,1,0,-1.6830469438920157,0,0.0,0.0,1.0,1
-1.8219737005995975,0,1.1360198268638007,1.422158233237547,-1.0223976130812507,0.7168853643458143,1,1,0.19616454717499449,1,1.0,0.0,0.0,0
1.3586494343320115,0,2.306642708674457,1.0753145417643806,-1.0223976130812507,-1.0457411022578735,1,1,1.144877660308361,1,1.0,0.0,0.0,0
0.6448462225321784,1,0.6482602927760271,-0.6589039156014528,0.6731965484125078,0.7168853643458143,1,1,1.63104351117662,0,0.0,0.0,1.0,0
1.5790886615054893,0,2.1115388950393474,-1.3525912985477861,0.15263335919231558,0.7168853643458143,1,1,-1.4288756832476497,0,0.0,1.0,0.0,0
0.886279661817416,0,2.1115388950393474,0.03478346734488051,-1.0223976130812507,-1.0457411022578735,1,1,-1.0548348892625792,1,1.0,0.0,0.0,0
0.10949381368230357,1,3.0870579632148942,-0.6589039156014528,0.22364140398650414,0.7168853643458143,1,1,-1.367690884029325,0,0.0,1.0,0.0,0
-0.7092804586763285,0,0.7458121995935818,1.7690019247107138,-1.0223976130812507,0.7168853643458143,0,1,1.1911441321564535,1,0.0,0.0,1.0,0
0.8023028133703768,1,0.9409160132286912,0.03478346734488051,-1.0223976130812507,-1.0457411022578735,0,1,0.3143204689298107,1,1.0,0.0,0.0,0
1.1067188889908939,0,1.2335717336813552,-0.6589039156014528,0.5768833687213577,-1.0457411022578735,0,1,-0.24523504439788796,0,1.0,0.0,0.0,0
-0.4888412315028506,1,1.1360198268638007,-1.3525912985477861,0.8131832338343233,0.7168853643458143,1,0,1.6796575458847565,0,0.0,1.0,0.0,1
-1.171153125135044,0,-0.1321549617644103,1.0753145417643806,0.826022166916641,-1.0457411022578735,1,0,0.6304263748261361,0,0.0,1.0,0.0,1
-0.4153614891116913,0,3.9650251245728865,0.7284708502912138,-1.0223976130812507,-1.0457411022578735,1,1,1.0561616098884277,1,1.0,0.0,0.0,0
-1.8639621248231173,1,-0.3272587753995197,1.422158233237547,0.47293918479250224,-1.0457411022578735,1,0,-0.004575932941753219,0,0.0,1.0,0.0,1
0.6763375406998181,1,1.8188831745866834,-1.3525912985477861,-1.0223976130812507,-1.0457411022578735,1,1,1.6694978434591174,1,0.0,0.0,1.0,0
0.6343491164762984,0,2.501746522309566,1.7690019247107138,0.5619897424452424,0.7168853643458143,1,1,-1.354709109511344,0,0.0,1.0,0.0,0
0.21446487424110255,0,1.9164350814042381,-1.3525912985477861,0.4276599063706347,-1.0457411022578735,0,1,-1.6781375516630106,0,1.0,0.0,0.0,0
0.06750538945878398,1,0.6482602927760271,0.03478346734488051,0.3176811484520925,-1.0457411022578735,1,1,-0.8853719410980814,0,1.0,0.0,0.0,0
0.18297355607346286,0,0.6482602927760271,0.38162715881804715,0.1453222530953189,-1.0457411022578735,0,1,0.6996741875953951,0,1.0,0.0,0.0,0
0.9282680860409356,0,2.013986988221793,1.0753145417643806,-1.0223976130812507,-1.0457411022578735,1,1,-1.1032318815394162,1,0.0,0.0,1.0,0
1.3691465403878913,1,1.2335717336813552,-1.6994349900209527,-0.0859452566742294,-1.0457411022578735,0,1,0.7429877720088598,0,1.0,0.0,0.0,0
0.8127999194262567,0,1.33112364049891,0.38162715881804715,0.1258062114395847,0.7168853643458143,0,1,-1.0536228521522202,0,0.0,1.0,0.0,0
-0.6148065041734093,1,0.8433641064111366,-1.0057476070746194,-1.0223976130812507,0.7168853643458143,1,1,1.4990489223633043,1,1.0,0.0,0.0,0
-1.1291647009115244,1,1.1360198268638007,1.422158233237547,0.5037832609606399,0.7168853643458143,0,1,-1.4938874384608645,0,1.0,0.0,0.0,0
-2.5462740184553105,1,2.1115388950393474,-0.6589039156014528,-1.0223976130812507,0.7168853643458143,1,1,-0.10182065789232302,1,0.0,0.0,1.0,0
1.1487073132144134,1,-1.1076740299399572,0.03478346734488051,1.0117700719672733,-1.0457411022578735,1,0,1.3515369274305336,0,0.0,1.0,0.0,1
-1.1186675948556444,1,0.8433641064111366,-1.0057476070746194,-1.0223976130812507,0.7168853643458143,1,1,-0.04608603528218874,1,1.0,0.0,0.0,0
-0.07945409532353459,1,1.2335717336813552,-0.31206022412828616,-1.0223976130812507,-1.0457411022578735,1,1,0.8792206738151561,1,0.0,0.0,1.0,0
-0.341881746720532,1,4.0625770313904415,-0.6589039156014528,-1.0223976130812507,-1.0457411022578735,1,1,-0.5883596968259103,1,1.0,0.0,0.0,0
-1.3915923523085219,0,-0.7174664026697384,1.0753145417643806,0.7143082917917969,-1.0457411022578735,1,0,1.7351558681020616,0,0.0,1.0,0.0,1
0.6343491164762984,0,-1.5954335640277306,0.38162715881804715,0.6054466001400303,-1.0457411022578735,0,1,-0.2604864824540478,0,0.0,0.0,1.0,0
1.0437362526556144,0,-0.6199144958521837,-0.31206022412828616,-1.0223976130812507,0.7168853643458143,1,0,0.8210942470820027,1,1.0,0.0,0.0,0
-0.5308296557263702,1,0.3556045723233631,1.7690019247107138,-1.0223976130812507,0.7168853643458143,1,0,1.3571642425857715,1,0.0,0.0,1.0,0
-0.6358007162851692,1,-0.1321549617644103,-1.0057476070746194,-1.0223976130812507,-1.0457411022578735,0,1,0.3723596276030568,1,1.0,0.0,0.0,0
0.06750538945878398,1,-0.1321549617644103,0.7284708502912138,1.2910785185788571,0.7168853643458143,0,1,1.331981942205399,0,0.0,1.0,0.0,0
1.1277131011026538,0,-1.4003297503926213,0.7284708502912138,-1.0223976130812507,0.7168853643458143,1,0,1.4988658849811927,1,1.0,0.0,0.0,0
0.781308601258617,0,0.8433641064111366,-1.3525912985477861,0.8366549947949562,2.479511830949502,0,0,1.5965207524638112,0,1.0,0.0,0.0,1
0.4978867377498598,1,-1.4978816572101759,0.38162715881804715,1.6610545708968454,-1.0457411022578735,1,1,0.9734741689031867,0,1.0,0.0,0.0,0
0.3614243590234211,0,0.16050075868825375,-1.6994349900209527,0.8374892105405408,-1.0457411022578735,1,1,-0.678209885034337,0,1.0,0.0,0.0,0
-0.8772341555704068,0,-0.22970686858196498,-1.3525912985477861,-1.0223976130812507,-1.0457411022578735,1,1,-0.7427020222765346,1,1.0,0.0,0.0,0
1.0647304647673743,1,-0.3272587753995197,0.03478346734488051,-1.0223976130812507,0.7168853643458143,1,0,-0.08161228993635398,1,0.0,0.0,1.0,0
-0.7827602010674878,0,0.16050075868825375,-0.6589039156014528,0.751868134918935,-1.0457411022578735,1,1,1.5969194443160304,0,0.0,1.0,0.0,1
1.400637858555531,0,-0.7174664026697384,-1.0057476070746194,1.4145329454056095,-1.0457411022578735,1,1,1.2617176213586145,0,1.0,0.0,0.0,0
-0.36287595883229185,1,-0.9125702163048478,0.7284708502912138,0.6123199000202865,-1.0457411022578735,1,1,-1.5775091508230428,0,1.0,0.0,0.0,0
0.4558983135263402,0,0.4531564791409178,-1.6994349900209527,-1.0223976130812507,0.7168853643458143,1,0,-0.6981142894893972,1,0.0,0.0,1.0,0
1.4321291767231707,1,0.2580526655058084,1.422158233237547,-1.0223976130812507,0.7168853643458143,1,0,0.9098108179873823,1,0.0,0.0,1.0,0
1.705053934176048,0,-0.03460305494685562,1.7690019247107138,-1.0223976130812507,0.7168853643458143,1,0,-1.2008451101862936,1,1.0,0.0,0.0,0
0.6238520104204186,1,0.3556045723233631,1.0753145417643806,-1.0223976130812507,0.7168853643458143,1,0,1.4068168192553472,1,0.0,0.0,1.0,0
-0.7512688828998481,0,-0.42481068221707435,-1.3525912985477861,-1.0223976130812507,-1.0457411022578735,1,1,-0.42003192742079953,1,1.0,0.0,0.0,0
-1.276124185693843,0,0.9409160132286912,1.422158233237547,-1.0223976130812507,-1.0457411022578735,1,0,0.8705844322921884,1,1.0,0.0,0.0,1
-0.22641358010585316,1,-0.9125702163048478,-1.0057476070746194,-1.0223976130812507,0.7168853643458143,0,0,0.30292582803415496,1,0.0,0.0,1.0,0
0.9282680860409356,1,-0.42481068221707435,0.7284708502912138,1.1190277627705107,-1.0457411022578735,1,1,-1.1782175258737762,0,0.0,0.0,1.0,0
-0.037465671100014995,1,-0.8150183094872931,-0.31206022412828616,-1.0223976130812507,0.7168853643458143,1,0,0.36472896396323257,1,0.0,0.0,1.0,0
-0.016471458988255198,1,-0.03460305494685562,-0.31206022412828616,-1.0223976130812507,0.7168853643458143,0,0,0.18761939060521013,1,1.0,0.0,0.0,0
1.2851696919408522,0,1.623779360951574,-1.6994349900209527,1.1246888001094906,-1.0457411022578735,1,0,-1.3338463178536466,0,0.0,0.0,1.0,1
-2.3573261094494726,1,0.3556045723233631,1.422158233237547,1.4356869750738657,-1.0457411022578735,1,0,0.18306566343149216,0,1.0,0.0,0.0,1
-0.08995120137941448,0,0.16050075868825375,0.03478346734488051,1.232250442469383,-1.0457411022578735,1,1,-1.7183991829118135,0,0.0,1.0,0.0,1
0.4768925256381,0,-0.22970686858196498,-1.0057476070746194,0.6731733533811572,0.7168853643458143,1,1,-0.8120221825228934,0,0.0,1.0,0.0,0
-1.4545749886438013,0,-0.03460305494685562,1.7690019247107138,0.3429648601603759,-1.0457411022578735,1,1,1.0850436943195314,0,1.0,0.0,0.0,0
-1.4230836704761616,1,-0.1321549617644103,0.03478346734488051,0.6824897021537252,0.7168853643458143,1,1,-0.25686667966696924,0,1.0,0.0,0.0,0
0.23545908635286236,0,-0.8150183094872931,-0.31206022412828616,0.23318954199597064,-1.0457411022578735,1,1,0.37193629943969075,0,0.0,1.0,0.0,0
-0.0059743529323753,0,0.06294885187069905,0.38162715881804715,-1.0223976130812507,0.7168853643458143,1,0,0.717511223855918,1,1.0,0.0,0.0,0
1.6315741917848887,1,-0.9125702163048478,0.38162715881804715,-1.0223976130812507,0.7168853643458143,0,0,1.1851451903922274,1,1.0,0.0,0.0,0
1.8625105250142464,1,-0.5223625890346291,0.03478346734488051,-1.0223976130812507,0.7168853643458143,1,0,-0.5799670424920272,1,0.0,0.0,1.0,0
0.6028577983086588,1,-0.42481068221707435,0.03478346734488051,-1.0223976130812507,0.7168853643458143,1,0,1.6191731465826242,1,0.0,0.0,1.0,0
1.5790886615054893,0,0.3556045723233631,1.422158233237547,0.6746425331099616,0.7168853643458143,1,1,0.5339445080453697,0,0.0,1.0,0.0,0
0.6133549043645387,1,-0.3272587753995197,-1.0057476070746194,1.2488706488916508,-1.0457411022578735,1,1,-0.6819344788913636,0,1.0,0.0,0.0,0
-0.18442515588233357,1,-1.5954335640277306,-0.31206022412828616,-1.0223976130812507,0.7168853643458143,1,0,-1.2409179787130713,1,1.0,0.0,0.0,0
1.0647304647673743,0,-0.5223625890346291,0.7284708502912138,-1.0223976130812507,0.7168853643458143,0,0,-0.2900342677715595,1,1.0,0.0,0.0,0
0.6763375406998181,1,0.16050075868825375,1.422158233237547,0.88039824669628,-1.0457411022578735,1,1,1.0507567155141055,0,1.0,0.0,0.0,0
-1.8534650187672372,0,0.16050075868825375,0.7284708502912138,-1.0223976130812507,-1.0457411022578735,1,0,1.2252064347440275,1,1.0,0.0,0.0,1
1.600082873617249,0,-1.4003297503926213,-0.31206022412828616,-1.0223976130812507,0.7168853643458143,1,0,1.6274738484875795,1,1.0,0.0,0.0,0
-2.1368868822759945,0,0.16050075868825375,-1.3525912985477861,0.7740010271255034,-1.0457411022578735,1,1,0.3584449696693299,0,0.0,1.0,0.0,1
-0.36287595883229185,0,-0.8150183094872931,-0.31206022412828616,0.7152813555722712,-1.0457411022578735,0,1,1.6860433818310756,0,1.0,0.0,0.0,0
0.28794461663226184,1,-0.8150183094872931,-1.0057476070746194,-1.0223976130812507,0.7168853643458143,1,0,-0.28175247683783644,1,1.0,0.0,0.0,0
-0.55182386783813,0,0.16050075868825375,-1.3525912985477861,-1.0223976130812507,0.7168853643458143,1,0,0.4076018706984392,1,1.0,0.0,0.0,0
-0.15293383771469388,1,-0.8150183094872931,1.0753145417643806,0.2817522059667859,0.7168853643458143,1,0,1.3016402430864271,0,1.0,0.0,0.0,0
1.8625105250142464,1,-0.42481068221707435,0.03478346734488051,-1.0223976130812507,0.7168853643458143,0,0,-0.8028749977863547,1,0.0,0.0,1.0,0
0.6763375406998181,0,0.6482602927760271,0.7284708502912138,1.2088870860649927,-1.0457411022578735,0,0,-0.6958744671168329,0,0.0,1.0,0.0,1
0.21446487424110255,1,-0.22970686858196498,-0.31206022412828616,-1.0223976130812507,0.7168853643458143,1,0,-1.5942347771595806,1,1.0,0.0,0.0,0
-2.4413029578965117,1,-0.42481068221707435,0.7284708502912138,-1.0223976130812507,-1.0457411022578735,1,1,-1.4480425598246487,1,0.0,0.0,1.0,0
1.7785336765672073,0,-0.9125702163048478,-0.31206022412828616,1.0706007253024534,-1.0457411022578735,0,1,1.5699041676873122,0,0.0,0.0,1.0,0
-0.07945409532353459,0,-0.7174664026697384,-1.0057476070746194,-1.0223976130812507,0.7168853643458143,1,0,-1.4662595504613074,1,1.0,0.0,0.0,0
0.28794461663226184,0,0.4531564791409178,0.7284708502912138,-1.0223976130812507,0.7168853643458143,1,0,0.5444343717394047,1,1.0,0.0,0.0,0
0.10949381368230357,0,-0.42481068221707435,0.03478346734488051,-1.0223976130812507,0.7168853643458143,1,0,1.112399368430432,1,0.0,0.0,1.0,0
1.8835047371260063,0,-0.9125702163048478,1.422158233237547,1.1309031355921433,-1.0457411022578735,1,1,0.937465771230171,0,1.0,0.0,0.0,0
0.41390988930282063,1,-0.6199144958521837,-0.31206022412828616,0.3374371942516616,-1.0457411022578735,0,1,-0.8223479198060496,0,0.0,1.0,0.0,0
-0.43635570122345113,0,0.5507083859584725,1.422158233237547,1.0088586123029668,0.7168853643458143,0,1,0.19092117678431728,0,0.0,1.0,0.0,0
0.03601407129114429,1,-0.03460305494685562,-0.31206022412828616,-1.0223976130812507,0.7168853643458143,0,0,-0.2018300280409423,1,1.0,0.0,0.0,0
1.4741176009466903,1,-0.6199144958521837,1.7690019247107138,0.8152384102579411,-1.0457411022578735,0,1,0.4522789534872705,0,1.0,0.0,0.0,0
0.19347066212934275,0,0.06294885187069905,0.38162715881804715,-1.0223976130812507,0.7168853643458143,0,0,-0.28270097481698536,1,1.0,0.0,0.0,0
-1.4440778825879212,0,-1.5954335640277306,1.0753145417643806,-1.0223976130812507,-1.0457411022578735,0,1,1.1769815496549192,1,1.0,0.0,0.0,0
0.13048802579406338,0,0.3556045723233631,1.422158233237547,-1.0223976130812507,0.7168853643458143,0,0,0.6231374966296855,1,1.0,0.0,0.0,0
0.7288230709792175,0,-0.03460305494685562,-0.31206022412828616,-1.0223976130812507,0.7168853643458143,0,0,-1.612223274685111,1,1.0,0.0,0.0,0
-0.3313846406646521,0,0.06294885187069905,0.03478346734488051,-1.0223976130812507,0.7168853643458143,1,0,-1.1641246884221081,1,1.0,0.0,0.0,0
-0.15293383771469388,0,0.2580526655058084,0.7284708502912138,0.8327492092381038,-1.0457411022578735,1,1,-1.0763489817093244,0,1.0,0.0,0.0,0
-0.08995120137941448,0,0.06294885187069905,-0.6589039156014528,1.0222440783114803,0.7168853643458143,0,1,-0.7237848052188324,0,0.0,1.0,0.0,0
-0.10044830743529438,0,0.4531564791409178,-0.6589039156014528,0.9542947172000313,0.7168853643458143,1,1,-0.22056819810495842,0,0.0,1.0,0.0,0
-0.08995120137941448,1,0.3556045723233631,-1.0057476070746194,0.5689685475028219,0.7168853643458143,1,0,-0.18372476828018808,0,0.0,0.0,1.0,0
-0.037465671100014995,1,0.4531564791409178,-1.6994349900209527,-1.0223976130812507,0.7168853643458143,1,0,-1.2465805133835404,1,1.0,0.0,0.0,0
0.6763375406998181,0,-0.1321549617644103,-1.3525912985477861,-1.0223976130812507,0.7168853643458143,1,0,-0.5014497309062402,1,1.0,0.0,0.0,0
0.3194359347999015,1,-1.0101221231224025,0.7284708502912138,0.7191088578983159,-1.0457411022578735,1,1,-1.2544119109106655,0,1.0,0.0,0.0,0
-0.037465671100014995,0,-0.03460305494685562,1.0753145417643806,0.6227322140241653,-1.0457411022578735,1,1,1.159075115334828,0,1.0,0.0,0.0,0
-0.5203325496704903,0,-1.1076740299399572,-1.0057476070746194,-1.0223976130812507,0.7168853643458143,1,0,-0.6283603913707368,1,1.0,0.0,0.0,0
-1.1396618069674043,0,-0.3272587753995197,1.7690019247107138,-1.0223976130812507,-1.0457411022578735,1,1,-1.1869479752626078,1,1.0,0.0,0.0,0
2.030464221908325,0,-0.22970686858196498,-1.6994349900209527,1.6329589448671347,-1.0457411022578735,1,1,-0.6417788531785509,0,1.0,0.0,0.0,0
-0.3313846406646521,1,-1.5954335640277306,1.422158233237547,-1.0223976130812507,0.7168853643458143,1,0,0.9951560311589379,1,1.0,0.0,0.0,0
-1.8009794884878378,1,0.2580526655058084,-1.0057476070746194,0.5924720405549548,0.7168853643458143,1,1,-1.5095281996312018,0,1.0,0.0,0.0,0
0.26695040452050206,0,0.4531564791409178,0.7284708502912138,0.7670676456709852,0.7168853643458143,1,1,-0.6078282814668821,0,0.0,1.0,0.0,0
-0.20541936799409335,1,0.16050075868825375,-1.0057476070746194,1.1273807123590005,-1.0457411022578735,0,1,-0.11360930627117746,0,1.0,0.0,0.0,0
1.4531233888349304,0,1.7213312677691288,0.03478346734488051,-1.0223976130812507,-1.0457411022578735,1,0,-1.1154856704125267,1,0.0,0.0,1.0,1
1.3901407524996512,1,0.06294885187069905,0.7284708502912138,0.9882968613171814,0.7168853643458143,1,1,0.42848912517213444,0,0.0,1.0,0.0,0
0.5083838438057396,0,0.16050075868825375,0.03478346734488051,2.258976894432883,-1.0457411022578735,1,0,1.3925600288879487,0,0.0,0.0,1.0,1
0.24595619240874225,0,-0.42481068221707435,0.7284708502912138,-1.0223976130812507,0.7168853643458143,1,0,-0.01325086388293008,1,0.0,0.0,1.0,0
2.030464221908325,0,-1.4978816572101759,1.422158233237547,1.2818813664951738,-1.0457411022578735,0,1,-0.6372936565886566,0,0.0,0.0,1.0,0
0.10949381368230357,1,-0.3272587753995197,-0.31206022412828616,0.5494736068825525,0.7168853643458143,0,0,-0.7373569837285899,0,0.0,0.0,1.0,0
-0.13193962560293407,1,-0.6199144958521837,-0.6589039156014528,1.1788711047313887,-1.0457411022578735,1,1,-1.4838316596294285,0,0.0,0.0,1.0,0
-0.32088753460877223,1,-1.6929854708452852,-1.3525912985477861,-1.0223976130812507,0.7168853643458143,1,0,-0.5808856993055616,1,1.0,0.0,0.0,0
1.7995278886789672,0,0.2580526655058084,0.7284708502912138,-1.0223976130812507,0.7168853643458143,1,0,1.2433557622726068,1,1.0,0.0,0.0,0
1.0542333587114945,1,-0.8150183094872931,-0.6589039156014528,1.319599709003207,-1.0457411022578735,0,1,1.7111399756078816,0,0.0,0.0,1.0,0
0.03601407129114429,1,-0.03460305494685562,0.38162715881804715,0.7473401104307845,-1.0457411022578735,1,1,0.9529793604563497,0,0.0,0.0,1.0,0
-1.0136965342968456,0,-0.03460305494685562,0.03478346734488051,0.3260456955562575,-1.0457411022578735,1,1,-1.1531813084087947,0,1.0,0.0,0.0,0
0.9177709799850557,1,-0.42481068221707435,-0.6589039156014528,-1.0223976130812507,0.7168853643458143,1,0,-1.257306503975256,1,0.0,0.0,1.0,0
0.7288230709792175,1,-0.42481068221707435,1.422158233237547,-1.0223976130812507,0.7168853643458143,0,0,-1.484979677029836,1,1.0,0.0,0.0,0
0.6553433285880582,1,0.06294885187069905,0.03478346734488051,-1.0223976130812507,0.7168853643458143,1,0,0.7988773257869806,1,0.0,0.0,1.0,0
-0.2684020043293727,1,-0.1321549617644103,1.422158233237547,1.0960737020234923,0.7168853643458143,1,1,-0.8321075424182779,0,0.0,1.0,0.0,0
0.3194359347999015,1,-0.03460305494685562,1.422158233237547,0.9519323676876262,-1.0457411022578735,1,1,-1.1121859661752065,0,1.0,0.0,0.0,0
-0.05845988321177479,0,-1.4003297503926213,0.7284708502912138,-0.3744717953283552,-1.0457411022578735,1,1,1.3641528006794406,0,0.0,1.0,0.0,0
1.0437362526556144,1,-0.1321549617644103,-0.6589039156014528,1.1138583312348762,-1.0457411022578735,1,1,-0.7068124687805295,0,1.0,0.0,0.0,0
0.991250722376215,1,-0.7174664026697384,1.0753145417643806,-1.0223976130812507,0.7168853643458143,0,0,-1.4254902724067626,1,1.0,0.0,0.0,0
-0.026968565044135095,1,-0.42481068221707435,0.03478346734488051,-1.0223976130812507,0.7168853643458143,1,0,1.0339937877205498,1,0.0,0.0,1.0,0
0.8547883436497763,0,-0.03460305494685562,0.7284708502912138,-1.0223976130812507,0.7168853643458143,0,0,-0.5289206057960241,1,1.0,0.0,0.0,0
-0.026968565044135095,0,-1.0101221231224025,0.7284708502912138,-1.0223976130812507,0.7168853643458143,1,0,0.8952828547022214,1,1.0,0.0,0.0,0
0.3929156771910608,1,-0.1321549617644103,1.7690019247107138,1.2944553285596332,-1.0457411022578735,0,1,-1.1517805085764101,0,1.0,0.0,0.0,0
1.2221870556055727,0,0.2580526655058084,0.7284708502912138,2.0419065156925087,-1.0457411022578735,1,1,-0.7315242503170296,0,1.0,0.0,0.0,0
-0.3313846406646521,1,-0.6199144958521837,0.7284708502912138,0.7004339582822502,-1.0457411022578735,1,1,0.6086280973254588,0,0.0,0.0,1.0,0
0.34043014691166135,1,0.06294885187069905,-0.31206022412828616,-1.0223976130812507,0.7168853643458143,1,0,1.6724731117679563,1,1.0,0.0,0.0,0
0.24595619240874225,1,-0.22970686858196498,-0.6589039156014528,0.8505225630870253,-1.0457411022578735,1,1,-0.6231565778740136,0,1.0,0.0,0.0,0
-1.2446328675262033,1,0.06294885187069905,-1.0057476070746194,0.9551962629671752,0.7168853643458143,1,1,-0.7156072848696106,0,0.0,0.0,1.0,0
1.1067188889908939,1,-1.0101221231224025,-1.0057476070746194,-1.0223976130812507,0.7168853643458143,1,0,1.1831659577333413,1,1.0,0.0,0.0,0
1.0227420405438548,0,-0.6199144958521837,0.7284708502912138,-1.0223976130812507,0.7168853643458143,1,0,-0.176841174751616,1,0.0,0.0,1.0,0
1.0332391465997346,0,0.6482602927760271,0.7284708502912138,1.162493801831875,-1.0457411022578735,0,0,0.7617462410052995,0,0.0,1.0,0.0,1
-1.3496039280850023,1,-1.5954335640277306,0.03478346734488051,0.4844294234477526,0.7168853643458143,0,1,-1.7132999869898893,0,0.0,1.0,0.0,0
0.8337941315380165,0,-1.2052259367575118,-0.31206022412828616,1.1664583803501367,-1.0457411022578735,1,1,1.144693581955356,0,0.0,0.0,1.0,0
2.030464221908325,1,2.209090801856902,-1.3525912985477861,-1.0223976130812507,-1.0457411022578735,1,0,-0.8092816531505442,1,1.0,0.0,0.0,1
-0.12144251954705418,0,0.16050075868825375,-0.6589039156014528,1.0651031807191735,-1.0457411022578735,1,1,0.06105277102102302,0,1.0,0.0,0.0,0
1.726048146287808,0,-0.7174664026697384,-1.0057476070746194,0.0878642946015898,-1.0457411022578735,1,1,-1.2885243535962774,0,0.0,1.0,0.0,0
1.4321291767231707,1,1.33112364049891,-1.0057476070746194,-1.0223976130812507,-1.0457411022578735,1,0,1.0307383247462047,1,0.0,0.0,1.0,1
0.26695040452050206,0,0.4531564791409178,0.03478346734488051,1.0047825687729375,-1.0457411022578735,1,1,1.6239964852177644,0,1.0,0.0,0.0,0
-0.29989332249701245,1,-0.9125702163048478,-0.6589039156014528,0.8001355454698513,0.7168853643458143,0,1,0.4343532612056494,0,0.0,1.0,0.0,0
1.096221782935014,0,-0.42481068221707435,-1.0057476070746194,-1.0223976130812507,0.7168853643458143,1,0,-0.6673032859925949,1,0.0,0.0,1.0,0
-0.25790489827349283,0,-0.6199144958521837,-1.3525912985477861,-1.0223976130812507,0.7168853643458143,1,0,-1.3912222045725695,1,0.0,0.0,1.0,0
2.030464221908325,0,-0.7174664026697384,-1.3525912985477861,1.0730408748158464,0.7168853643458143,1,1,-1.652496183118594,0,0.0,1.0,0.0,0
-0.7617659889557279,1,-0.22970686858196498,1.422158233237547,-1.0223976130812507,-1.0457411022578735,1,1,0.10591705507553953,1,1.0,0.0,0.0,0
1.2221870556055727,1,0.4531564791409178,0.7284708502912138,1.2028848884732328,-1.0457411022578735,1,1,1.347077928608126,0,0.0,0.0,1.0,0
0.896776767873296,1,-1.4003297503926213,1.0753145417643806,-1.0223976130812507,0.7168853643458143,1,0,-1.6593653765498058,1,0.0,0.0,1.0,0
-0.5203325496704903,0,0.06294885187069905,1.7690019247107138,-1.0223976130812507,2.479511830949502,1,0,0.573011451698706,1,1.0,0.0,0.0,1
-2.3363318973377125,1,-0.5223625890346291,-0.6589039156014528,-1.0223976130812507,-1.0457411022578735,1,1,-1.6824501205797289,1,0.0,0.0,1.0,0
-0.43635570122345113,1,0.06294885187069905,-0.31206022412828616,1.1313108204834494,-1.0457411022578735,1,1,0.14641498671717257,0,1.0,0.0,0.0,0
-0.9822052161292057,0,-0.22970686858196498,-0.31206022412828616,1.2919586411573234,0.7168853643458143,1,1,-0.6277474330096006,0,0.0,0.0,1.0,0
1.1172159950467737,0,-1.4978816572101759,-1.0057476070746194,-1.0223976130812507,0.7168853643458143,1,0,0.9415647676185679,1,1.0,0.0,0.0,0
-1.1186675948556444,1,-0.6199144958521837,1.0753145417643806,0.5483259360605229,-1.0457411022578735,1,1,1.7249795101421257,0,1.0,0.0,0.0,0
-0.341881746720532,1,-0.1321549617644103,-1.6994349900209527,-1.0223976130812507,0.7168853643458143,0,0,0.21497679966759975,1,1.0,0.0,0.0,0
0.7603143891468572,1,-0.1321549617644103,1.7690019247107138,-1.0223976130812507,0.7168853643458143,1,0,0.01993337975595642,1,0.0,0.0,1.0,0
-0.16343094377057377,0,0.16050075868825375,-0.31206022412828616,0.6059301521130455,-1.0457411022578735,1,1,-0.8329592301043289,0,0.0,0.0,1.0,0
1.3901407524996512,1,-1.1076740299399572,0.38162715881804715,-1.0223976130812507,0.7168853643458143,1,0,0.06749030852172022,1,1.0,0.0,0.0,0
-0.8352457313468872,1,-0.7174664026697384,0.38162715881804715,-1.0223976130812507,-1.0457411022578735,1,1,1.6773795545794297,1,0.0,0.0,1.0,0
0.6343491164762984,0,-0.22970686858196498,-1.0057476070746194,1.6282460044346063,-1.0457411022578735,0,1,-0.30148043672644464,0,0.0,0.0,1.0,0
-1.6120315794819997,1,-0.6199144958521837,1.422158233237547,0.5926028347595147,0.7168853643458143,1,1,1.0098743186224648,0,0.0,0.0,1.0,0
0.5608693740851391,0,-0.8150183094872931,1.7690019247107138,-1.0223976130812507,0.7168853643458143,1,0,-1.3916654846780612,1,0.0,0.0,1.0,0
-0.4888412315028506,0,-1.1076740299399572,-0.31206022412828616,0.38319551450155953,0.7168853643458143,1,0,1.4401218155178825,0,1.0,0.0,0.0,0
0.04651117734702419,1,0.06294885187069905,0.03478346734488051,-1.0223976130812507,0.7168853643458143,0,0,1.4182855425795917,1,1.0,0.0,0.0,0
-0.27889911038525267,0,0.06294885187069905,0.7284708502912138,1.1599193144285769,-1.0457411022578735,1,0,0.714237717386085,0,0.0,0.0,1.0,1
-0.3313846406646521,0,0.06294885187069905,-0.6589039156014528,1.0842737130537492,-1.0457411022578735,0,1,0.3747922030860721,0,1.0,0.0,0.0,0
0.5083838438057396,1,0.3556045723233631,1.0753145417643806,1.6625226230894037,0.7168853643458143,1,1,-0.7703201945477518,0,0.0,1.0,0.0,0
-1.3496039280850023,0,-1.1076740299399572,0.7284708502912138,1.816208229596178,0.7168853643458143,0,1,0.6899541218771207,0,1.0,0.0,0.0,0
0.6868346467556979,1,-0.8150183094872931,0.03478346734488051,-1.0223976130812507,0.7168853643458143,1,0,1.1565694983941175,1,1.0,0.0,0.0,0
-1.6330257915937594,1,-0.03460305494685562,1.422158233237547,0.4108199914569636,0.7168853643458143,0,1,0.5844957895863537,0,0.0,1.0,0.0,0
-1.4020894583644017,1,-0.8150183094872931,-1.3525912985477861,0.3174583795051638,-1.0457411022578735,1,1,0.6673173423217106,0,1.0,0.0,0.0,0
1.1487073132144134,1,-0.6199144958521837,0.38162715881804715,1.969024988886948,-1.0457411022578735,1,1,0.04838589019833279,0,1.0,0.0,0.0,0
2.030464221908325,1,-0.8150183094872931,-1.0057476070746194,1.2494270074908496,-1.0457411022578735,1,1,-1.6262638900969544,0,0.0,0.0,1.0,0
1.6210770857290089,1,0.16050075868825375,-1.3525912985477861,0.6127697869825219,-1.0457411022578735,1,1,0.3825809208065627,0,1.0,0.0,0.0,0
0.5083838438057396,0,0.06294885187069905,1.0753145417643806,1.2987536578067715,-1.0457411022578735,1,1,-1.5272994812302838,0,0.0,0.0,1.0,0
1.0752275708232542,1,0.3556045723233631,-0.31206022412828616,0.6756748730816651,-1.0457411022578735,0,1,0.3764055344758842,0,1.0,0.0,0.0,0
0.40341278324694074,0,0.06294885187069905,0.03478346734488051,-1.0223976130812507,0.7168853643458143,0,0,0.052917409992988954,1,0.0,0.0,1.0,0
-0.4888412315028506,0,-0.7174664026697384,0.03478346734488051,-1.0223976130812507,0.7168853643458143,0,0,-0.6241878330391974,1,0.0,0.0,1.0,0
0.6133549043645387,0,-0.7174664026697384,-0.6589039156014528,0.7588082815909304,-1.0457411022578735,1,1,-0.08671929313997961,0,1.0,0.0,0.0,0
-1.2026444433026837,0,0.06294885187069905,-0.31206022412828616,0.7486298508198358,0.7168853643458143,1,1,-1.0139917022745943,0,1.0,0.0,0.0,0
0.9702565102644553,1,-0.1321549617644103,0.7284708502912138,-1.0223976130812507,0.7168853643458143,1,0,-1.3776698045097886,1,1.0,0.0,0.0,0
0.22496198029698244,1,-1.0101221231224025,0.03478346734488051,1.2112223747074886,-1.0457411022578735,1,1,-0.7906104522140114,0,0.0,0.0,1.0,0
0.991250722376215,1,-0.03460305494685562,0.7284708502912138,-1.0223976130812507,0.7168853643458143,0,0,-0.15395959354107894,1,0.0,0.0,1.0,0
-0.04796277715589489,1,-0.3272587753995197,0.7284708502912138,0.6530494086121121,0.7168853643458143,1,1,-0.7721528238057997,0,0.0,1.0,0.0,0
0.10949381368230357,1,-1.4978816572101759,-1.3525912985477861,-1.0223976130812507,0.7168853643458143,1,0,-0.1412323364065644,1,1.0,0.0,0.0,0
-0.43635570122345113,1,0.4531564791409178,-0.6589039156014528,0.3776941040797212,-1.0457411022578735,1,1,0.8732836698190943,0,0.0,1.0,0.0,0
0.5398751619733794,1,0.3556045723233631,1.422158233237547,1.8238640396312995,0.7168853643458143,1,1,0.08832863736342003,0,0.0,1.0,0.0,0
0.26695040452050206,1,-1.2052259367575118,1.0753145417643806,-1.0223976130812507,0.7168853643458143,1,0,1.3647097201074758,1,1.0,0.0,0.0,0
0.3929156771910608,0,0.06294885187069905,1.422158233237547,-1.0223976130812507,0.7168853643458143,0,0,0.003650860029761804,1,0.0,0.0,1.0,0
0.19347066212934275,1,-0.5223625890346291,-0.6589039156014528,-1.0223976130812507,0.7168853643458143,1,0,-0.943215570738494,1,0.0,0.0,1.0,0
1.4426262827790506,0,-0.8150183094872931,-1.3525912985477861,1.4738152575456975,-1.0457411022578735,0,1,0.9898737978549027,0,0.0,0.0,1.0,0
-0.016471458988255198,0,-1.2052259367575118,0.7284708502912138,0.6882117875266065,-1.0457411022578735,0,1,-1.174444006384754,0,1.0,0.0,0.0,0
0.8337941315380165,1,-0.9125702163048478,-0.31206022412828616,-1.0223976130812507,0.7168853643458143,0,0,-0.8329259190357361,1,1.0,0.0,0.0,0
1.1067188889908939,1,-0.22970686858196498,0.03478346734488051,0.9032323053713809,-1.0457411022578735,1,1,-0.9892686435534145,0,1.0,0.0,0.0,0
-2.3783203215612323,0,2.1115388950393474,0.7284708502912138,0.16855481529514973,-1.0457411022578735,1,0,1.0795563897494718,0,1.0,0.0,0.0,1
-1.2551299735820831,0,0.6482602927760271,0.7284708502912138,1.532616272785263,-1.0457411022578735,1,0,0.36745144984009426,0,1.0,0.0,0.0,1
1.5790886615054893,1,-0.3272587753995197,-0.6589039156014528,1.7930628098405177,-1.0457411022578735,1,1,-1.719566805264049,0,1.0,0.0,0.0,0
0.27744751057638195,1,-0.8150183094872931,-1.3525912985477861,0.8019109318278036,-1.0457411022578735,1,1,-0.60165671202948,0,0.0,0.0,1.0,0
-0.2684020043293727,1,-0.3272587753995197,1.0753145417643806,1.0588005752561036,-1.0457411022578735,1,1,-0.3568318085526135,0,1.0,0.0,0.0,0
0.7288230709792175,0,0.9409160132286912,-0.31206022412828616,-1.0223976130812507,-1.0457411022578735,1,0,0.248209968938482,1,1.0,0.0,0.0,1
1.9044989492377662,0,0.2580526655058084,0.03478346734488051,-1.0223976130812507,0.7168853643458143,1,0,-0.31923280735429427,1,0.0,0.0,1.0,0
1.5790886615054893,0,0.3556045723233631,-1.3525912985477861,-1.0223976130812507,-1.0457411022578735,1,0,-1.44370431362589,1,0.0,0.0,1.0,1
-1.1186675948556444,1,-0.1321549617644103,-0.6589039156014528,-1.0223976130812507,-1.0457411022578735,1,1,1.3872099589806854,1,1.0,0.0,0.0,0
-0.11094541349117427,1,-0.03460305494685562,0.7284708502912138,-1.0223976130812507,0.7168853643458143,1,0,-1.7034657614636255,1,1.0,0.0,0.0,0
0.9597594042085753,1,-0.03460305494685562,-0.31206022412828616,0.8335489545898759,-1.0457411022578735,0,1,-0.49891756920774477,0,1.0,0.0,0.0,0
1.6210770857290089,0,-1.0101221231224025,-0.31206022412828616,1.6794823789983855,0.7168853643458143,1,1,-1.558163227252358,0,0.0,1.0,0.0,0
1.3586494343320115,0,-0.42481068221707435,1.422158233237547,-1.0223976130812507,0.7168853643458143,1,0,0.30050591769701107,1,0.0,0.0,1.0,0
-0.9717081100733259,1,0.3556045723233631,0.7284708502912138,0.5855407530963225,-1.0457411022578735,1,1,-1.0928842838674964,0,1.0,0.0,0.0,0
-1.790482382431958,0,0.06294885187069905,1.0753145417643806,0.5532434437834339,-1.0457411022578735,0,1,0.361176997779382,0,1.0,0.0,0.0,0
-1.58054026131436,0,0.16050075868825375,-0.6589039156014528,-1.0223976130812507,-1.0457411022578735,1,1,0.7743430297878258,1,1.0,0.0,0.0,0
0.8023028133703768,1,0.3556045723233631,1.422158233237547,1.4019214524918118,-1.0457411022578735,0,1,1.2188122710305598,0,1.0,0.0,0.0,0
1.3271581161643717,1,0.16050075868825375,0.38162715881804715,-1.0223976130812507,0.7168853643458143,1,0,0.17399724549256335,1,1.0,0.0,0.0,0
2.030464221908325,1,0.2580526655058084,1.0753145417643806,1.1173129412166403,-1.0457411022578735,1,1,1.3122074856168804,0,0.0,0.0,1.0,0
0.28794461663226184,1,-1.9856411912979492,1.422158233237547,0.4360544137236272,-1.0457411022578735,0,1,-1.647100136996867,0,0.0,1.0,0.0,0
-0.25790489827349283,0,-1.0101221231224025,0.03478346734488051,0.8926552099989494,-1.0457411022578735,0,1,0.7884376021909835,0,1.0,0.0,0.0,0
2.030464221908325,1,-0.7174664026697384,1.0753145417643806,-1.0223976130812507,0.7168853643458143,1,0,1.3698151618547614,1,1.0,0.0,0.0,0
0.5923606922527789,1,0.2580526655058084,-0.6589039156014528,-1.0223976130812507,0.7168853643458143,1,0,-0.7623649214842974,1,1.0,0.0,0.0,0
-0.05845988321177479,0,0.6482602927760271,0.38162715881804715,0.37436303985521985,-1.0457411022578735,1,0,-0.24018182469042781,0,0.0,1.0,0.0,1
-0.07945409532353459,0,0.2580526655058084,-0.6589039156014528,1.0866078741599992,-1.0457411022578735,1,1,0.7823722117847205,0,1.0,0.0,0.0,0
0.10949381368230357,1,0.2580526655058084,0.38162715881804715,-1.0223976130812507,0.7168853643458143,0,0,1.1705398482706475,1,1.0,0.0,0.0,0
0.4454012074704603,0,0.4531564791409178,-0.6589039156014528,0.27852197569801646,-1.0457411022578735,1,0,1.729138882842347,0,1.0,0.0,0.0,1
0.8652854497056562,0,-0.22970686858196498,-1.6994349900209527,-1.0223976130812507,0.7168853643458143,0,0,0.5855801342671072,1,1.0,0.0,0.0,0
1.3481523282761316,0,-0.03460305494685562,-1.3525912985477861,-1.0223976130812507,-1.0457411022578735,1,0,0.6115919149544691,1,1.0,0.0,0.0,1
0.9807536163203351,0,0.06294885187069905,0.38162715881804715,-1.0223976130812507,0.7168853643458143,0,0,-1.3957559798041614,1,0.0,0.0,1.0,0
-2.2313608367789137,1,0.6482602927760271,0.38162715881804715,-1.0223976130812507,-1.0457411022578735,1,0,0.5256250686643312,1,1.0,0.0,0.0,1
1.2641754798290923,1,-0.9125702163048478,-1.0057476070746194,-1.0223976130812507,0.7168853643458143,1,0,0.4298562669456285,1,1.0,0.0,0.0,0
1.1801986313820532,0,0.16050075868825375,1.422158233237547,1.1339518325252735,-1.0457411022578735,1,1,-0.852652143972855,0,1.0,0.0,0.0,0
-0.29989332249701245,1,-0.5223625890346291,0.38162715881804715,-1.0223976130812507,0.7168853643458143,0,0,1.46632235892727,1,1.0,0.0,0.0,0
0.5188809498616196,0,1.4286755473164647,-0.6589039156014528,-1.0223976130812507,2.479511830949502,0,0,-0.19491468490011749,1,0.0,0.0,1.0,1
0.24595619240874225,1,-0.7174664026697384,1.7690019247107138,0.8024742167210861,-1.0457411022578735,1,1,0.39775706196809085,0,1.0,0.0,0.0,0
-0.4678470193910908,1,0.5507083859584725,-1.0057476070746194,0.8326150324248054,-1.0457411022578735,1,1,-0.0353251721655398,0,0.0,1.0,0.0,1
-0.2684020043293727,0,-1.5954335640277306,-0.6589039156014528,-1.0223976130812507,0.7168853643458143,0,0,-1.1959339830057991,1,1.0,0.0,0.0,0
-0.4048643830558114,1,-0.42481068221707435,0.03478346734488051,1.1514041606972403,-1.0457411022578735,1,1,0.9063521921936514,0,1.0,0.0,0.0,0
-0.2684020043293727,1,-0.03460305494685562,0.7284708502912138,-1.0223976130812507,0.7168853643458143,1,0,1.420790639034856,1,0.0,0.0,1.0,0
0.20396776818522266,0,0.16050075868825375,-1.0057476070746194,1.3583706871353758,-1.0457411022578735,1,0,-0.07863754211296219,0,1.0,0.0,0.0,1
-2.6407479729582297,1,0.06294885187069905,1.7690019247107138,-1.0223976130812507,-1.0457411022578735,1,0,1.06000747685455,1,1.0,0.0,0.0,1
-1.8009794884878378,1,-0.6199144958521837,0.38162715881804715,0.6244175585590277,0.7168853643458143,1,1,1.63599870612494,0,0.0,0.0,1.0,0
-0.07945409532353459,0,0.2580526655058084,-1.0057476070746194,1.0037081878069112,-1.0457411022578735,1,1,-0.5064269597384734,0,1.0,0.0,0.0,0
-0.43635570122345113,1,0.2580526655058084,-1.3525912985477861,1.0196257780711868,-1.0457411022578735,1,1,-0.7661953473821654,0,0.0,0.0,1.0,0
0.5083838438057396,0,0.16050075868825375,-0.6589039156014528,0.47384153594267914,-1.0457411022578735,1,1,0.16973169376120242,0,0.0,1.0,0.0,0
-0.3313846406646521,1,1.0384679200462459,0.38162715881804715,1.7712329027309655,-1.0457411022578735,1,0,1.1427660508508486,0,1.0,0.0,0.0,1
0.015019859179384495,0,-0.6199144958521837,1.422158233237547,-1.0223976130812507,0.7168853643458143,1,0,0.9899830997987225,1,1.0,0.0,0.0,0
0.6553433285880582,1,-0.3272587753995197,-0.6589039156014528,0.9582789470642984,-1.0457411022578735,1,1,0.6682701776795825,0,0.0,0.0,1.0,0
0.9807536163203351,1,0.4531564791409178,0.38162715881804715,0.8119799915830165,-1.0457411022578735,1,1,-0.4363264183122697,0,1.0,0.0,0.0,0
-0.10044830743529438,0,-0.3272587753995197,0.38162715881804715,0.7924315735293557,-1.0457411022578735,0,1,0.3967952048624752,0,1.0,0.0,0.0,0
-0.5833151860057697,0,0.2580526655058084,-0.6589039156014528,-1.0223976130812507,0.7168853643458143,1,0,-0.7871610216631728,1,0.0,0.0,1.0,0
1.6315741917848887,1,-0.42481068221707435,0.03478346734488051,0.6498744276194067,-1.0457411022578735,1,1,1.1507006779915814,0,1.0,0.0,0.0,0
0.21446487424110255,1,0.16050075868825375,0.03478346734488051,-1.0223976130812507,0.7168853643458143,1,0,-0.18678574319259367,1,0.0,0.0,1.0,0
-0.0059743529323753,1,-1.0101221231224025,1.0753145417643806,0.9112911290762178,-1.0457411022578735,1,1,0.6499090125741707,0,0.0,0.0,1.0,0
-0.05845988321177479,0,1.7213312677691288,-0.31206022412828616,-1.0223976130812507,-1.0457411022578735,0,0,-0.2659748279950008,1,1.0,0.0,0.0,1
0.4978867377498598,1,1.1360198268638007,-0.31206022412828616,1.6424257391902677,-1.0457411022578735,1,0,0.36533116562513596,0,1.0,0.0,0.0,1
0.4768925256381,0,-0.9125702163048478,0.38162715881804715,1.3811615772799077,-1.0457411022578735,1,1,-1.5628547095743188,0,1.0,0.0,0.0,0
0.28794461663226184,1,-0.3272587753995197,-0.6589039156014528,0.5878491419455163,-1.0457411022578735,1,1,1.338835521073208,0,0.0,1.0,0.0,0
0.21446487424110255,0,1.7213312677691288,-1.6994349900209527,0.909932931129361,-1.0457411022578735,0,0,1.0168942793380884,0,1.0,0.0,0.0,1
-0.7932573071233676,0,-1.4003297503926213,-0.6589039156014528,0.5160160627723193,-1.0457411022578735,1,1,-0.9361557061386186,0,1.0,0.0,0.0,0
-2.199869518611274,0,-0.6199144958521837,1.7690019247107138,-1.0223976130812507,-1.0457411022578735,1,1,0.9039470289441656,1,1.0,0.0,0.0,0
1.4636204948908105,1,0.16050075868825375,-1.0057476070746194,0.8014467090475806,0.7168853643458143,1,1,-0.9247034648535214,0,0.0,1.0,0.0,0
0.371921465079301,0,0.2580526655058084,1.0753145417643806,1.0828944140714278,-1.0457411022578735,1,0,-0.7002154892379742,0,0.0,1.0,0.0,1
1.6420712978407686,1,-0.42481068221707435,-1.6994349900209527,-1.0223976130812507,0.7168853643458143,1,0,-0.9810189492222418,1,1.0,0.0,0.0,0
0.07800249551466389,1,-0.3272587753995197,-1.3525912985477861,0.8303780005123356,-1.0457411022578735,0,1,1.213636390252813,0,0.0,0.0,1.0,0
-0.36287595883229185,1,0.16050075868825375,-0.31206022412828616,0.5851430549546255,0.7168853643458143,1,0,1.6943279486871814,0,1.0,0.0,0.0,0
0.791805707314497,1,-0.22970686858196498,0.7284708502912138,1.0103216711207204,-1.0457411022578735,1,1,0.5804951649473946,0,1.0,0.0,0.0,0
1.4531233888349304,0,-0.22970686858196498,-1.3525912985477861,1.4234643210884022,-1.0457411022578735,1,1,0.6189488032492966,0,1.0,0.0,0.0,0
0.7708114952027372,1,-0.9125702163048478,-1.0057476070746194,-1.0223976130812507,0.7168853643458143,1,0,-1.484069174488301,1,0.0,0.0,1.0,0
0.4349041014145804,1,-1.1076740299399572,0.7284708502912138,-1.0223976130812507,0.7168853643458143,1,0,0.20399455674092828,1,1.0,0.0,0.0,0
1.2536783737732125,1,-0.22970686858196498,-1.3525912985477861,-1.0223976130812507,0.7168853643458143,1,0,-0.8021695665108437,1,1.0,0.0,0.0,0
0.886279661817416,0,-0.3272587753995197,-1.3525912985477861,-1.0223976130812507,0.7168853643458143,1,0,-1.0957270018825596,1,1.0,0.0,0.0,0
0.4558983135263402,1,0.5507083859584725,1.422158233237547,-1.0223976130812507,0.7168853643458143,1,0,0.7386389426060169,1,0.0,0.0,1.0,0
2.030464221908325,0,0.06294885187069905,-1.0057476070746194,1.370985562657912,-1.0457411022578735,1,1,1.3372600116258604,0,1.0,0.0,0.0,0
0.4873896316939799,1,-0.9125702163048478,1.422158233237547,-1.0223976130812507,0.7168853643458143,1,0,-0.8507183670429863,1,0.0,0.0,1.0,0
0.025516965235264394,1,-1.1076740299399572,-0.31206022412828616,-1.0223976130812507,0.7168853643458143,1,0,-0.006449507054946444,1,0.0,0.0,1.0,0
0.35092725296754124,0,0.3556045723233631,-0.6589039156014528,0.46881965057869074,0.7168853643458143,0,0,-0.5014532008092186,0,1.0,0.0,0.0,0
-0.5098354436146104,0,2.306642708674457,1.0753145417643806,1.3128346526025867,-1.0457411022578735,0,0,1.320687061020373,0,1.0,0.0,0.0,1
-0.016471458988255198,1,-1.1076740299399572,1.7690019247107138,-1.0223976130812507,0.7168853643458143,1,0,-0.8343844927527112,1,1.0,0.0,0.0,0
0.22496198029698244,1,-0.03460305494685562,-0.6589039156014528,-1.0223976130812507,0.7168853643458143,1,0,-0.5751712895855648,1,1.0,0.0,0.0,0
0.7078288588674577,1,-0.7174664026697384,-1.0057476070746194,1.5708961283439062,0.7168853643458143,0,1,-0.605190114232396,0,0.0,1.0,0.0,0
0.03601407129114429,1,-0.7174664026697384,1.422158233237547,0.994116398037056,0.7168853643458143,1,1,0.6967707462782095,0,0.0,1.0,0.0,0
-0.19492226193821346,1,-0.3272587753995197,-1.3525912985477861,-1.0223976130812507,0.7168853643458143,1,0,1.139117968354496,1,0.0,0.0,1.0,0
-2.409811639728872,1,-0.5223625890346291,1.0753145417643806,-1.0223976130812507,-1.0457411022578735,1,1,-1.4895367006113835,1,1.0,0.0,0.0,0
-0.6358007162851692,0,0.06294885187069905,1.7690019247107138,0.37166065762628075,-1.0457411022578735,0,1,0.5561451207963939,0,1.0,0.0,0.0,0
-0.446852807279331,1,-0.22970686858196498,0.03478346734488051,-1.0223976130812507,0.7168853643458143,1,0,0.5360509126484143,1,0.0,0.0,1.0,0
-0.05845988321177479,0,-0.1321549617644103,1.7690019247107138,0.8749408101880435,0.7168853643458143,1,1,-0.4142375364371507,0,0.0,1.0,0.0,0
-0.21591647404997324,1,-0.8150183094872931,1.0753145417643806,1.2614642623021155,0.7168853643458143,1,1,0.17300936411460963,0,0.0,1.0,0.0,0
0.09899670762642368,1,0.8433641064111366,-1.0057476070746194,-1.0223976130812507,-1.0457411022578735,1,0,-1.1219348320882017,1,1.0,0.0,0.0,1
0.025516965235264394,1,-1.79053737766284,1.0753145417643806,-1.0223976130812507,0.7168853643458143,0,0,0.22308717739418923,1,1.0,0.0,0.0,0
0.6448462225321784,1,-1.1076740299399572,-1.0057476070746194,-1.0223976130812507,0.7168853643458143,0,0,-1.274918170037331,1,1.0,0.0,0.0,0
1.400637858555531,1,-1.79053737766284,1.0753145417643806,-1.0223976130812507,0.7168853643458143,1,0,1.1873860537356855,1,0.0,0.0,1.0,0
0.22496198029698244,0,-0.03460305494685562,-1.0057476070746194,-1.0223976130812507,0.7168853643458143,0,0,0.2664083955942065,1,1.0,0.0,0.0,0
1.6420712978407686,1,-1.1076740299399572,-1.3525912985477861,1.1887873027869376,-1.0457411022578735,0,1,0.27793142290006334,0,0.0,0.0,1.0,0
0.41390988930282063,1,-1.5954335640277306,1.422158233237547,1.3901594776012263,-1.0457411022578735,1,1,1.705792508127852,0,1.0,0.0,0.0,0
-0.07945409532353459,1,-0.03460305494685562,-1.3525912985477861,0.9461840268278692,-1.0457411022578735,0,1,-0.1864751868760257,0,1.0,0.0,0.0,0
0.3089388287440216,0,-0.7174664026697384,-1.3525912985477861,-1.0223976130812507,0.7168853643458143,1,0,-1.6466660521342675,1,1.0,0.0,0.0,0
-1.066182064576245,1,2.306642708674457,-0.31206022412828616,0.9075792797537124,-1.0457411022578735,0,1,-0.9751556806644714,0,0.0,1.0,0.0,1
-0.12144251954705418,1,-0.8150183094872931,-1.3525912985477861,1.002967718646368,-1.0457411022578735,1,1,1.6261287405979985,0,1.0,0.0,0.0,0
1.2641754798290923,1,0.4531564791409178,-1.3525912985477861,-1.0223976130812507,0.7168853643458143,1,0,-1.3520077900426506,1,1.0,0.0,0.0,0
0.9072738739291758,0,-0.6199144958521837,0.38162715881804715,1.2382893655274478,0.7168853643458143,1,1,1.1024017104738848,0,0.0,1.0,0.0,0
0.791805707314497,1,-1.2052259367575118,0.7284708502912138,-1.0223976130812507,0.7168853643458143,1,0,0.9481692074525271,1,1.0,0.0,0.0,0
0.4244069953587005,0,0.3556045723233631,1.7690019247107138,-1.0223976130812507,0.7168853643458143,1,0,-0.6662467005356686,1,1.0,0.0,0.0,0
-0.446852807279331,0,0.2580526655058084,1.0753145417643806,0.9356248109587706,-1.0457411022578735,1,1,-1.7195938705072806,0,1.0,0.0,0.0,0
-1.276124185693843,0,-0.7174664026697384,0.7284708502912138,0.7793254143566876,0.7168853643458143,1,1,-1.10056161770238,0,1.0,0.0,0.0,0
0.5083838438057396,0,0.5507083859584725,1.7690019247107138,0.6967984592712737,-1.0457411022578735,1,0,0.6541853210047643,0,0.0,1.0,0.0,1
0.32993304085578146,0,-0.03460305494685562,0.7284708502912138,0.9676105981144936,-1.0457411022578735,1,1,1.005411502906781,0,1.0,0.0,0.0,0
0.781308601258617,1,0.2580526655058084,-0.6589039156014528,-1.0223976130812507,0.7168853643458143,1,0,0.028767405748693655,1,0.0,0.0,1.0,0
0.21446487424110255,0,0.2580526655058084,1.0753145417643806,1.340934144470856,0.7168853643458143,1,1,-1.6571869714599594,0,0.0,1.0,0.0,0
-1.381095246252642,0,-0.1321549617644103,-1.6994349900209527,-1.0223976130812507,-1.0457411022578735,0,1,0.5518552797441839,1,0.0,0.0,1.0,0
-0.04796277715589489,0,0.3556045723233631,-0.6589039156014528,0.32246431828509886,0.7168853643458143,1,0,-1.0721911704654432,0,0.0,0.0,1.0,0
0.4663954195822201,0,-0.8150183094872931,-1.0057476070746194,-1.0223976130812507,0.7168853643458143,1,0,0.27649956743602194,1,0.0,0.0,1.0,0
-0.656794928396929,1,1.8188831745866834,0.38162715881804715,-1.0223976130812507,-1.0457411022578735,1,0,-1.393808843747826,1,1.0,0.0,0.0,1
-1.1606560190791642,0,-1.79053737766284,0.38162715881804715,-1.0223976130812507,-1.0457411022578735,0,1,-1.3741641615306996,1,1.0,0.0,0.0,0
-0.6148065041734093,1,-0.03460305494685562,-1.3525912985477861,0.6123234437056315,-1.0457411022578735,1,1,-0.412129223387468,0,0.0,1.0,0.0,1
-0.55182386783813,0,-0.42481068221707435,0.7284708502912138,-1.0223976130812507,0.7168853643458143,1,0,1.6188464552172064,1,1.0,0.0,0.0,0
-0.9822052161292057,1,0.2580526655058084,-1.0057476070746194,0.5967592555162377,-1.0457411022578735,1,1,-1.3931800973281379,0,0.0,1.0,0.0,1
0.4768925256381,1,0.06294885187069905,1.0753145417643806,-1.0223976130812507,0.7168853643458143,1,0,-0.0010319475347528564,1,0.0,0.0,1.0,0
-0.5833151860057697,1,-1.0101221231224025,0.38162715881804715,-1.0223976130812507,0.7168853643458143,1,0,-1.4755472662684719,1,0.0,0.0,1.0,0
-1.171153125135044,1,-0.1321549617644103,1.422158233237547,0.5211854943079538,0.7168853643458143,0,1,0.0906212022612563,0,0.0,1.0,0.0,0
1.5371002372819698,1,0.3556045723233631,0.03478346734488051,-1.0223976130812507,-1.0457411022578735,1,0,1.6786214328554028,1,1.0,0.0,0.0,1
0.9492622981526954,0,0.6482602927760271,-1.3525912985477861,0.8293248816583805,-1.0457411022578735,1,0,1.5553628452756845,0,1.0,0.0,0.0,1
0.8337941315380165,0,-0.9125702163048478,1.422158233237547,-1.0223976130812507,0.7168853643458143,0,0,1.3261811319012404,1,1.0,0.0,0.0,0
0.781308601258617,0,0.2580526655058084,1.422158233237547,1.4298901501555215,-1.0457411022578735,1,1,-0.1896305431494441,0,1.0,0.0,0.0,0
-0.35237885277641195,0,-0.3272587753995197,-1.6994349900209527,1.0805741055533458,-1.0457411022578735,1,1,-0.8992756688374262,0,1.0,0.0,0.0,0
2.030464221908325,0,2.306642708674457,-1.3525912985477861,0.9858789403754992,-1.0457411022578735,1,0,-0.49962456193959603,0,1.0,0.0,0.0,1
-0.7407717768439681,1,1.9164350814042381,0.7284708502912138,1.424897741810541,-1.0457411022578735,1,0,1.0972950542605566,0,1.0,0.0,0.0,1
1.3796436464437711,0,0.06294885187069905,-0.6589039156014528,1.15438085638722,-1.0457411022578735,0,1,0.23200586901959952,0,1.0,0.0,0.0,0
0.9702565102644553,0,-0.6199144958521837,0.7284708502912138,0.2585339795849425,-1.0457411022578735,0,1,1.0051356456199974,0,0.0,1.0,0.0,0
-0.4888412315028506,1,0.2580526655058084,0.38162715881804715,-1.0223976130812507,2.479511830949502,0,0,-0.7563486302051792,1,1.0,0.0,0.0,1
0.4244069953587005,0,0.3556045723233631,-1.3525912985477861,-1.0223976130812507,-1.0457411022578735,1,0,-1.7080732721335086,1,1.0,0.0,0.0,1
0.03601407129114429,0,0.16050075868825375,1.0753145417643806,1.670497364805595,-1.0457411022578735,1,1,1.4824003278728872,0,1.0,0.0,0.0,0
1.4636204948908105,1,-1.4003297503926213,1.0753145417643806,-1.0223976130812507,0.7168853643458143,1,0,-0.6656009515913863,1,1.0,0.0,0.0,0
0.20396776818522266,1,-0.3272587753995197,-1.6994349900209527,-1.0223976130812507,0.7168853643458143,0,0,0.6974152807564492,1,0.0,0.0,1.0,0
0.22496198029698244,0,-0.6199144958521837,0.03478346734488051,-1.0223976130812507,0.7168853643458143,1,0,-0.16359100323825493,1,1.0,0.0,0.0,0
0.27744751057638195,1,0.06294885187069905,-0.31206022412828616,-1.0223976130812507,0.7168853643458143,1,0,1.2492205922867177,1,1.0,0.0,0.0,0
-0.9717081100733259,0,0.5507083859584725,-0.6589039156014528,0.7778009853518191,2.479511830949502,1,1,0.08690129277325051,0,0.0,1.0,0.0,1
0.08849960157054378,0,-0.03460305494685562,0.03478346734488051,-1.0223976130812507,0.7168853643458143,1,0,0.9841677159020541,1,1.0,0.0,0.0,0
0.07800249551466389,1,-0.6199144958521837,1.7690019247107138,0.7045003372158835,-1.0457411022578735,1,1,0.21906521285191266,0,1.0,0.0,0.0,0
-0.13193962560293407,0,0.16050075868825375,1.422158233237547,1.1889467686274724,4.242138297553191,1,0,-0.3929661637037453,0,1.0,0.0,0.0,1
1.3481523282761316,0,-0.22970686858196498,-1.0057476070746194,0.5852572582687056,-1.0457411022578735,0,1,-1.088458075628235,0,0.0,1.0,0.0,0
0.21446487424110255,0,-1.3027778435750665,-0.6589039156014528,-1.0223976130812507,0.7168853643458143,1,0,1.3861455662420579,1,1.0,0.0,0.0,0
-0.9087254737380465,1,-0.1321549617644103,0.38162715881804715,-1.0223976130812507,-1.0457411022578735,1,1,1.5275361318354646,1,1.0,0.0,0.0,0
-0.016471458988255198,1,0.2580526655058084,1.0753145417643806,1.0001119914879453,-1.0457411022578735,0,0,1.1160479714122313,0,0.0,1.0,0.0,1
0.015019859179384495,1,0.5507083859584725,-1.0057476070746194,1.690073488035591,-1.0457411022578735,1,1,-1.4839886727392018,0,1.0,0.0,0.0,0
-0.5308296557263702,1,-0.42481068221707435,-0.6589039156014528,1.5801532009252448,-1.0457411022578735,0,1,1.5850969643831367,0,0.0,0.0,1.0,0
-0.7827602010674878,0,0.7458121995935818,1.0753145417643806,0.06588925746949009,-1.0457411022578735,1,0,-0.9578236887824564,0,0.0,0.0,1.0,1
0.04651117734702419,0,0.3556045723233631,-0.6589039156014528,-1.0223976130812507,0.7168853643458143,1,0,-1.1055839552733324,1,0.0,0.0,1.0,0
-0.8457428374027671,1,0.2580526655058084,-1.3525912985477861,-1.0223976130812507,-1.0457411022578735,1,1,1.5364902164712546,1,1.0,0.0,0.0,0
-0.20541936799409335,1,0.4531564791409178,1.0753145417643806,-1.0223976130812507,-1.0457411022578735,1,0,-1.5190659219479608,1,0.0,0.0,1.0,1
0.057008283402904085,1,-0.6199144958521837,1.422158233237547,-1.0223976130812507,0.7168853643458143,0,0,-0.6007135923999478,1,1.0,0.0,0.0,0
1.9884757976848053,0,0.2580526655058084,0.03478346734488051,-1.0223976130812507,2.479511830949502,1,0,-1.6702922745239717,1,1.0,0.0,0.0,1
0.28794461663226184,1,-1.4003297503926213,1.0753145417643806,1.2903868556301143,-1.0457411022578735,1,1,-1.3391455536822758,0,0.0,0.0,1.0,0
0.11999091973818347,0,-0.6199144958521837,1.7690019247107138,0.46018159539651793,-1.0457411022578735,1,1,-0.9736150437420569,0,0.0,1.0,0.0,0
0.19347066212934275,1,-0.7174664026697384,-1.0057476070746194,0.4406011230981437,0.7168853643458143,1,0,-0.6843124034024688,0,0.0,0.0,1.0,0
0.14098513184994327,1,-0.5223625890346291,1.0753145417643806,1.0181158459609125,-1.0457411022578735,1,1,-1.0455254865617998,0,1.0,0.0,0.0,0
0.5503722680292593,1,-0.8150183094872931,1.422158233237547,0.8377066639594517,0.7168853643458143,1,1,0.6075692564315966,0,0.0,1.0,0.0,0
1.2851696919408522,0,0.3556045723233631,0.03478346734488051,-1.0223976130812507,0.7168853643458143,0,0,-1.2797297110023451,1,1.0,0.0,0.0,0
-0.3943672769999315,1,0.4531564791409178,-1.3525912985477861,0.9944735048738896,-1.0457411022578735,1,1,0.2376342251457315,0,1.0,0.0,0.0,0
-2.388817427617112,0,-1.1076740299399572,0.38162715881804715,0.8671508233396232,0.7168853643458143,1,1,-1.3132389110551599,0,1.0,0.0,0.0,0
-0.17392804982645366,1,-0.03460305494685562,1.422158233237547,-1.0223976130812507,0.7168853643458143,1,0,-0.18886577653300224,1,1.0,0.0,0.0,0
0.3194359347999015,0,0.16050075868825375,-1.3525912985477861,-1.0223976130812507,0.7168853643458143,1,0,-1.5875890454801784,1,0.0,0.0,1.0,0
1.3796436464437711,0,-0.5223625890346291,0.03478346734488051,-1.0223976130812507,0.7168853643458143,0,0,0.29953208942611986,1,1.0,0.0,0.0,0
0.6238520104204186,0,-0.3272587753995197,1.0753145417643806,0.7946782700382213,-1.0457411022578735,0,1,-1.4203234133767595,0,1.0,0.0,0.0,0
-0.55182386783813,1,0.16050075868825375,0.03478346734488051,1.481625701123156,-1.0457411022578735,0,1,0.24060723801763423,0,0.0,0.0,1.0,0
-0.28939621644113256,1,-0.3272587753995197,-1.3525912985477861,1.7508641215198875,-1.0457411022578735,1,1,1.0420771002039078,0,1.0,0.0,0.0,0
1.1277131011026538,1,0.2580526655058084,0.7284708502912138,-1.0223976130812507,0.7168853643458143,0,0,0.610091008421157,1,1.0,0.0,0.0,0
1.8625105250142464,0,1.0384679200462459,-1.0057476070746194,1.0940613719772305,-1.0457411022578735,0,0,1.642168887601151,0,1.0,0.0,0.0,1
0.7708114952027372,0,-1.1076740299399572,0.7284708502912138,-1.0223976130812507,0.7168853643458143,1,0,0.7700733141728912,1,1.0,0.0,0.0,0
-0.23691068616173305,1,0.9409160132286912,-1.0057476070746194,0.7051117840145397,-1.0457411022578735,1,1,0.06937099593601925,0,0.0,1.0,0.0,1
-0.037465671100014995,0,-1.1076740299399572,1.422158233237547,-1.0223976130812507,0.7168853643458143,1,0,-0.05698135713925112,1,1.0,0.0,0.0,0
1.1172159950467737,0,0.06294885187069905,0.7284708502912138,-1.0223976130812507,0.7168853643458143,1,0,-1.392382887118848,1,0.0,0.0,1.0,0
2.030464221908325,1,-0.9125702163048478,-1.3525912985477861,-1.0223976130812507,0.7168853643458143,0,0,0.9244390614686198,1,1.0,0.0,0.0,0
1.1697015253261733,0,0.3556045723233631,-0.6589039156014528,-1.0223976130812507,-1.0457411022578735,0,0,1.0675048962200029,1,0.0,0.0,1.0,1
1.0227420405438548,0,-1.1076740299399572,0.7284708502912138,-1.0223976130812507,0.7168853643458143,1,0,0.7706833231164959,1,1.0,0.0,0.0,0
0.6238520104204186,1,-0.03460305494685562,-0.31206022412828616,-1.0223976130812507,0.7168853643458143,1,0,1.5608506703311906,1,1.0,0.0,0.0,0
1.2536783737732125,0,-0.6199144958521837,-0.31206022412828616,0.7401208179995502,0.7168853643458143,1,1,0.46503379635046355,0,0.0,1.0,0.0,0
0.7498172830909774,0,-0.6199144958521837,1.422158233237547,1.0357120155425736,0.7168853643458143,1,1,0.9183075694106182,0,0.0,1.0,0.0,0
-0.11094541349117427,1,0.06294885187069905,0.38162715881804715,0.9376133016672555,0.7168853643458143,0,1,-0.6578960320278242,0,0.0,1.0,0.0,0
0.03601407129114429,0,-1.0101221231224025,-0.6589039156014528,1.0543611429015831,-1.0457411022578735,1,1,1.7064306232855817,0,0.0,0.0,1.0,0
-0.37337306488817174,1,0.2580526655058084,0.03478346734488051,0.6629738215745977,-1.0457411022578735,1,1,-0.07221544568051866,0,0.0,0.0,1.0,0
1.4531233888349304,0,0.16050075868825375,-1.0057476070746194,0.6188296499994449,-1.0457411022578735,1,1,1.4457567644596732,0,1.0,0.0,0.0,0
1.8520134189583666,1,-0.8150183094872931,-1.3525912985477861,-1.0223976130812507,0.7168853643458143,1,0,0.7312301792616622,1,1.0,0.0,0.0,0
-1.6225286855378795,1,-0.1321549617644103,1.7690019247107138,-1.0223976130812507,-1.0457411022578735,1,1,-0.40026944199755654,1,1.0,0.0,0.0,0
1.1801986313820532,0,-1.2052259367575118,0.7284708502912138,-1.0223976130812507,0.7168853643458143,1,0,1.3381666972741193,1,1.0,0.0,0.0,0
0.8232970254821367,1,0.4531564791409178,1.422158233237547,1.0362727232101505,-1.0457411022578735,1,1,-0.46226082016321307,0,1.0,0.0,0.0,0
0.7498172830909774,0,0.4531564791409178,1.0753145417643806,1.0460291332719514,-1.0457411022578735,0,1,0.6820215766781748,0,0.0,0.0,1.0,0
0.5188809498616196,1,-1.4003297503926213,-1.0057476070746194,1.2500481188859016,-1.0457411022578735,1,1,-1.3066048035507358,0,0.0,0.0,1.0,0
0.17247645001758297,0,-1.3027778435750665,-0.6589039156014528,0.7211732156885098,0.7168853643458143,1,1,0.06697520142457529,0,0.0,1.0,0.0,0
-0.08995120137941448,0,1.5262274541340193,1.422158233237547,0.9207245805417844,-1.0457411022578735,0,0,-1.6271976409884445,0,1.0,0.0,0.0,1
0.991250722376215,0,-0.22970686858196498,0.38162715881804715,1.7131899140020626,0.7168853643458143,1,1,-1.2483886798255905,0,0.0,1.0,0.0,0
0.8232970254821367,1,0.4531564791409178,1.7690019247107138,0.9617441881020979,0.7168853643458143,1,1,1.682203240204868,0,0.0,1.0,0.0,0
0.6343491164762984,0,0.2580526655058084,-0.6589039156014528,1.1643294308406957,-1.0457411022578735,1,1,0.06927314467202807,0,1.0,0.0,0.0,0
-1.1816502311909238,1,-0.03460305494685562,1.0753145417643806,-1.0223976130812507,-1.0457411022578735,1,1,-0.026110844806368976,1,1.0,0.0,0.0,0
0.04651117734702419,0,-0.3272587753995197,0.03478346734488051,1.405438076967117,0.7168853643458143,0,1,0.24190845163453845,0,0.0,1.0,0.0,0
-0.3313846406646521,0,-0.7174664026697384,1.0753145417643806,-1.0223976130812507,0.7168853643458143,1,0,0.9044289984678668,1,0.0,0.0,1.0,0
-0.18442515588233357,1,-0.3272587753995197,1.0753145417643806,-1.0223976130812507,0.7168853643458143,1,0,1.2278302018811527,1,1.0,0.0,0.0,0
0.10949381368230357,1,-1.4003297503926213,-0.31206022412828616,-1.0223976130812507,0.7168853643458143,0,0,1.3986523110422941,1,1.0,0.0,0.0,0
0.25645329846462217,0,-0.1321549617644103,0.38162715881804715,0.9303564783866832,-1.0457411022578735,1,1,0.809397724627225,0,0.0,0.0,1.0,0
-0.4048643830558114,0,-0.7174664026697384,-0.31206022412828616,-1.0223976130812507,0.7168853643458143,1,0,-1.2237926195534203,1,1.0,0.0,0.0,0
1.0227420405438548,0,0.9409160132286912,0.7284708502912138,1.2619750362216462,-1.0457411022578735,1,0,-0.10692644662990634,0,0.0,1.0,0.0,1
-0.07945409532353459,0,1.7213312677691288,1.0753145417643806,1.506090499363482,-1.0457411022578735,1,0,-0.17884487022649964,0,1.0,0.0,0.0,1
0.35092725296754124,1,-1.2052259367575118,1.0753145417643806,0.8512169643380807,-1.0457411022578735,1,1,-0.2855827292405557,0,0.0,0.0,1.0,0
-1.6330257915937594,1,0.4531564791409178,0.38162715881804715,0.6613883445358276,-1.0457411022578735,0,0,-0.32252782722259354,0,0.0,0.0,1.0,1
0.18297355607346286,0,0.2580526655058084,-0.31206022412828616,1.0169150198587047,-1.0457411022578735,1,1,1.162093410440599,0,0.0,0.0,1.0,0
-0.25790489827349283,1,-1.1076740299399572,-0.31206022412828616,2.0884080434052623,-1.0457411022578735,1,1,0.9186956780587534,0,1.0,0.0,0.0,0
-1.276124185693843,1,0.9409160132286912,0.03478346734488051,1.144771026037426,-1.0457411022578735,1,1,-0.7201773205873271,0,0.0,1.0,0.0,1
1.4846147070025701,1,-1.0101221231224025,-0.6589039156014528,-1.0223976130812507,0.7168853643458143,1,0,-1.6899874438294336,1,1.0,0.0,0.0,0
1.190695737437933,0,-0.8150183094872931,1.0753145417643806,-1.0223976130812507,0.7168853643458143,1,0,0.014632929461284461,1,1.0,0.0,0.0,0
0.6658404346439382,1,0.5507083859584725,-0.31206022412828616,-1.0223976130812507,0.7168853643458143,1,0,1.106159962389802,1,1.0,0.0,0.0,0
0.07800249551466389,1,0.16050075868825375,1.422158233237547,-1.0223976130812507,0.7168853643458143,1,0,1.6491354118109067,1,1.0,0.0,0.0,0
-0.12144251954705418,0,-0.1321549617644103,0.7284708502912138,-1.0223976130812507,0.7168853643458143,1,0,-1.4942040671076444,1,0.0,0.0,1.0,0
-0.3313846406646521,1,0.4531564791409178,1.0753145417643806,2.22645423894736,-1.0457411022578735,1,0,0.5778653254800564,0,1.0,0.0,0.0,1
0.8757825557615361,1,-0.5223625890346291,-1.3525912985477861,1.0647521947933907,-1.0457411022578735,1,1,0.4092190189815278,0,1.0,0.0,0.0,0
2.030464221908325,1,0.06294885187069905,-0.6589039156014528,0.9837952533925132,0.7168853643458143,1,1,0.358553924622852,0,0.0,1.0,0.0,0
0.34043014691166135,0,0.16050075868825375,0.03478346734488051,1.4622359435269972,-1.0457411022578735,0,1,0.3228031672459835,0,0.0,0.0,1.0,0
-1.1081704887997645,1,0.3556045723233631,-1.3525912985477861,-0.213880190390185,-1.0457411022578735,1,1,-1.3240113983467865,0,1.0,0.0,0.0,0
-0.10044830743529438,0,-0.9125702163048478,-1.6994349900209527,0.5603968558825686,0.7168853643458143,1,0,1.1277937664893023,0,1.0,0.0,0.0,0
0.29844172268814173,0,0.4531564791409178,-1.3525912985477861,1.1145601420098354,-1.0457411022578735,1,1,-1.0034374718803099,0,1.0,0.0,0.0,0
2.030464221908325,0,-0.22970686858196498,-1.6994349900209527,1.184033448896333,0.7168853643458143,1,1,-0.012039867743464768,0,0.0,1.0,0.0,0
-1.1606560190791642,0,1.33112364049891,-1.3525912985477861,0.6862207195924159,-1.0457411022578735,1,1,-1.3214285760648063,0,0.0,1.0,0.0,1
0.8127999194262567,0,1.5262274541340193,-0.6589039156014528,-1.0223976130812507,-1.0457411022578735,1,0,0.5394299041687911,1,1.0,0.0,0.0,1
0.8337941315380165,0,-1.2052259367575118,-1.6994349900209527,0.3401155760662171,-1.0457411022578735,0,1,1.5323811573642203,0,0.0,1.0,0.0,0
0.19347066212934275,1,-0.6199144958521837,1.0753145417643806,2.1578476852809803,-1.0457411022578735,1,1,-0.8154776854039443,0,0.0,0.0,1.0,0
-0.0059743529323753,0,-0.6199144958521837,-1.3525912985477861,0.6568947904414895,-1.0457411022578735,1,1,-1.4344447040328507,0,0.0,0.0,1.0,0
-0.5203325496704903,1,0.16050075868825375,-1.3525912985477861,0.7904301966923426,-1.0457411022578735,1,1,-1.3857298686431911,0,0.0,0.0,1.0,0
-2.283846367058313,1,-0.22970686858196498,-1.0057476070746194,1.644004612088167,0.7168853643458143,1,1,0.420608108032418,0,1.0,0.0,0.0,0
-0.32088753460877223,1,-0.9125702163048478,0.7284708502912138,-1.0223976130812507,0.7168853643458143,1,0,-0.8735787818453552,1,0.0,0.0,1.0,0
-2.0109216096054356,0,1.2335717336813552,1.0753145417643806,0.9511503407625803,-1.0457411022578735,0,0,1.415443518545124,0,1.0,0.0,0.0,1
-0.037465671100014995,0,0.16050075868825375,-1.6994349900209527,-1.0223976130812507,0.7168853643458143,1,0,-1.1089421273758389,1,1.0,0.0,0.0,0
-0.3313846406646521,1,0.2580526655058084,0.38162715881804715,0.5507274271883319,0.7168853643458143,1,0,-0.7388261406496492,0,1.0,0.0,0.0,0
-0.7827602010674878,1,0.2580526655058084,0.38162715881804715,0.1107679383707419,0.7168853643458143,0,1,1.3595154488439434,0,0.0,1.0,0.0,0
-0.2684020043293727,0,-0.5223625890346291,1.0753145417643806,-1.0223976130812507,0.7168853643458143,0,0,0.3064030178088208,1,1.0,0.0,0.0,0
-0.016471458988255198,0,0.7458121995935818,0.7284708502912138,1.1866894410625708,-1.0457411022578735,1,0,0.2677514215420003,0,0.0,1.0,0.0,1
-1.664517109761399,1,0.3556045723233631,-0.6589039156014528,1.4266062813767542,-1.0457411022578735,1,1,-0.8027349872011759,0,0.0,1.0,0.0,1
-0.026968565044135095,0,-0.22970686858196498,0.03478346734488051,-1.0223976130812507,0.7168853643458143,0,0,0.9980211300482118,1,0.0,0.0,1.0,0
-0.15293383771469388,1,-1.2052259367575118,1.0753145417643806,1.3009504205675912,-1.0457411022578735,1,1,1.4692636221869202,0,0.0,0.0,1.0,0
1.2326841616614526,1,0.16050075868825375,1.422158233237547,0.4758962291364769,0.7168853643458143,1,0,1.5943399184418796,0,1.0,0.0,0.0,0
-0.5728180799498898,1,-0.7174664026697384,0.7284708502912138,1.4786683346259681,-1.0457411022578735,1,1,1.383323667644865,0,1.0,0.0,0.0,0
-1.6330257915937594,1,0.5507083859584725,-0.31206022412828616,1.2657128188778144,0.7168853643458143,0,1,-0.4298014392565164,0,1.0,0.0,0.0,0
-0.21591647404997324,1,-0.42481068221707435,1.0753145417643806,-1.0223976130812507,0.7168853643458143,1,0,-1.0608097152011056,1,1.0,0.0,0.0,0
-0.4678470193910908,0,-0.7174664026697384,1.0753145417643806,0.8781414023611983,-1.0457411022578735,1,1,-0.790855947849734,0,1.0,0.0,0.0,0
1.4531233888349304,1,-0.03460305494685562,0.7284708502912138,1.0056087306881922,0.7168853643458143,1,1,0.4746013598328367,0,0.0,1.0,0.0,0
-0.27889911038525267,1,0.2580526655058084,0.7284708502912138,0.7093614681264845,-1.0457411022578735,0,1,-0.929183456588948,0,0.0,0.0,1.0,0
0.28794461663226184,1,-1.1076740299399572,-1.0057476070746194,1.1457560094867887,-1.0457411022578735,1,1,-0.48557613924605153,0,1.0,0.0,0.0,0
-0.8772341555704068,0,0.5507083859584725,-0.31206022412828616,-1.0223976130812507,-1.0457411022578735,1,1,-0.08415694328557206,1,0.0,0.0,1.0,0
-0.7617659889557279,1,-0.5223625890346291,-0.6589039156014528,0.40009373914682,0.7168853643458143,1,1,1.3521825028796668,0,0.0,1.0,0.0,0
-0.11094541349117427,0,-0.5223625890346291,-1.0057476070746194,-1.0223976130812507,0.7168853643458143,0,0,1.7088298877000043,1,1.0,0.0,0.0,0
-0.19492226193821346,1,0.2580526655058084,-1.3525912985477861,1.099995112011185,-1.0457411022578735,1,1,-0.9028396061865522,0,1.0,0.0,0.0,0
-0.037465671100014995,0,-0.7174664026697384,0.7284708502912138,0.6298463234312892,-1.0457411022578735,1,1,-1.5383826983336268,0,1.0,0.0,0.0,0
-0.21591647404997324,0,-0.6199144958521837,1.0753145417643806,-1.0223976130812507,0.7168853643458143,1,0,0.6738872566210342,1,0.0,0.0,1.0,0
-1.4650720946996811,1,1.7213312677691288,1.422158233237547,1.2672631812163455,-1.0457411022578735,0,0,-1.0448844219865383,0,1.0,0.0,0.0,1
1.2431812677173326,1,-0.8150183094872931,-0.31206022412828616,-1.0223976130812507,0.7168853643458143,1,0,-0.8739951702027645,1,1.0,0.0,0.0,0
2.030464221908325,0,0.4531564791409178,-1.0057476070746194,0.999288084645183,-1.0457411022578735,1,1,-0.3579119893497928,0,0.0,0.0,1.0,0
0.29844172268814173,0,0.3556045723233631,-1.0057476070746194,-1.0223976130812507,0.7168853643458143,0,0,1.7397897500345807,1,0.0,0.0,1.0,0
-1.6225286855378795,0,0.3556045723233631,1.0753145417643806,1.5493643740331713,2.479511830949502,1,0,0.24667471036568409,0,1.0,0.0,0.0,1
2.030464221908325,1,-0.22970686858196498,-0.6589039156014528,-1.0223976130812507,0.7168853643458143,1,0,1.653746392383769,1,1.0,0.0,0.0,0
0.8757825557615361,1,-0.22970686858196498,-0.31206022412828616,1.7542699252898515,-1.0457411022578735,1,1,-0.2295916808003169,0,1.0,0.0,0.0,0
0.25645329846462217,1,-0.22970686858196498,0.03478346734488051,1.264118160472468,-1.0457411022578735,1,1,1.482177213111375,0,1.0,0.0,0.0,0
0.4454012074704603,0,0.06294885187069905,-1.3525912985477861,-1.0223976130812507,0.7168853643458143,0,0,-0.10213624556820956,1,1.0,0.0,0.0,0
0.6343491164762984,0,-0.42481068221707435,-1.3525912985477861,-1.0223976130812507,0.7168853643458143,1,0,0.34005274893226145,1,0.0,0.0,1.0,0
-0.20541936799409335,1,-0.5223625890346291,-1.0057476070746194,1.325001251928953,-1.0457411022578735,0,1,0.1649213672622308,0,1.0,0.0,0.0,0
-1.475569200755561,1,-0.3272587753995197,1.7690019247107138,-0.09830740300100911,-1.0457411022578735,1,1,0.0344589141090327,0,1.0,0.0,0.0,0
-0.3313846406646521,1,0.06294885187069905,-1.0057476070746194,-1.0223976130812507,0.7168853643458143,1,0,0.01196145115820574,1,1.0,0.0,0.0,0
1.50560891911433,0,-0.9125702163048478,-1.0057476070746194,-1.0223976130812507,0.7168853643458143,0,0,1.1808069441934685,1,1.0,0.0,0.0,0
-1.0556849585203651,0,0.4531564791409178,0.38162715881804715,-1.0223976130812507,2.479511830949502,0,0,0.4413883159992293,1,1.0,0.0,0.0,1
1.0647304647673743,1,0.2580526655058084,1.7690019247107138,0.2639221531523406,-1.0457411022578735,1,1,-0.3751908917162383,0,0.0,1.0,0.0,0
0.7603143891468572,0,-0.42481068221707435,1.422158233237547,1.1057740574261963,-1.0457411022578735,0,1,0.09881763358171024,0,1.0,0.0,0.0,0
1.7890307826230871,1,-0.03460305494685562,0.03478346734488051,-1.0223976130812507,0.7168853643458143,0,0,0.06230904939435661,1,1.0,0.0,0.0,0
-0.5098354436146104,1,-1.4978816572101759,1.0753145417643806,2.1623434944478106,0.7168853643458143,1,1,0.2847171651646442,0,0.0,1.0,0.0,0
-1.0766791706321248,1,0.5507083859584725,0.7284708502912138,0.35165462093326766,-1.0457411022578735,1,1,-0.7223833114058521,0,1.0,0.0,0.0,0
1.201192843493813,1,0.06294885187069905,0.03478346734488051,-1.0223976130812507,0.7168853643458143,1,0,-0.059733857676875717,1,1.0,0.0,0.0,0
1.7155510402319278,1,-0.22970686858196498,-0.31206022412828616,-1.0223976130812507,0.7168853643458143,1,0,-1.1848143319211826,1,1.0,0.0,0.0,0
-1.2551299735820831,1,-0.1321549617644103,0.38162715881804715,-1.0223976130812507,-1.0457411022578735,1,1,-1.4211194091200072,1,1.0,0.0,0.0,0
-0.37337306488817174,1,-1.1076740299399572,-1.3525912985477861,0.17437628493430346,-1.0457411022578735,1,1,-0.8177112619511476,0,0.0,1.0,0.0,0
1.3691465403878913,1,0.06294885187069905,1.7690019247107138,0.7322966829105304,-1.0457411022578735,1,1,0.025238167429351643,0,0.0,0.0,1.0,0
-0.4573499133352109,1,0.5507083859584725,1.422158233237547,0.5968199813969262,-1.0457411022578735,1,1,-0.9093689226210288,0,0.0,0.0,1.0,0
0.5293780559174995,1,-0.6199144958521837,1.422158233237547,-1.0223976130812507,0.7168853643458143,0,0,-1.1954959077547747,1,1.0,0.0,0.0,0
0.5188809498616196,0,-0.3272587753995197,1.0753145417643806,1.8452899666114977,-1.0457411022578735,0,1,-0.9981510746927004,0,1.0,0.0,0.0,0
-0.25790489827349283,0,1.1360198268638007,0.03478346734488051,0.7165756061063074,-1.0457411022578735,1,1,-1.608790499668569,0,0.0,1.0,0.0,1
-0.31039042855289234,1,-1.1076740299399572,-1.6994349900209527,1.9618276028742117,0.7168853643458143,1,1,-0.3935957775991782,0,0.0,1.0,0.0,0
-3.1236148515287048,0,0.5507083859584725,0.38162715881804715,1.0514264882059259,-1.0457411022578735,1,0,0.8196275190930281,0,1.0,0.0,0.0,1
-1.1396618069674043,1,-0.9125702163048478,0.03478346734488051,0.3216735932232961,-1.0457411022578735,0,1,1.3411830839332524,0,1.0,0.0,0.0,0
0.057008283402904085,0,0.2580526655058084,-0.31206022412828616,0.43294193045428303,-1.0457411022578735,1,0,-0.41342089477118177,0,0.0,0.0,1.0,1
0.22496198029698244,0,0.4531564791409178,-1.0057476070746194,1.448407677926938,0.7168853643458143,1,1,1.6328436968418194,0,0.0,1.0,0.0,0
0.22496198029698244,0,-1.2052259367575118,-1.3525912985477861,-1.0223976130812507,0.7168853643458143,1,0,-0.9415569571148136,1,1.0,0.0,0.0,0
-0.29989332249701245,1,1.1360198268638007,1.0753145417643806,-1.0223976130812507,-1.0457411022578735,0,0,0.7747117069792819,1,0.0,0.0,1.0,1
0.32993304085578146,1,-1.2052259367575118,-1.6994349900209527,-1.0223976130812507,0.7168853643458143,1,0,0.10533307040427312,1,1.0,0.0,0.0,0
-0.3838701709440516,0,0.4531564791409178,-1.0057476070746194,-1.0223976130812507,0.7168853643458143,1,0,-1.3713665522543557,1,0.0,0.0,1.0,0
0.6028577983086588,1,-0.9125702163048478,0.38162715881804715,0.47379675664604415,-1.0457411022578735,1,1,-0.5228297116028698,0,0.0,1.0,0.0,0
0.6448462225321784,0,0.5507083859584725,-1.3525912985477861,1.1338740325242855,-1.0457411022578735,0,1,0.6824541000844336,0,1.0,0.0,0.0,0
0.04651117734702419,1,-0.03460305494685562,0.7284708502912138,1.281105782634392,-1.0457411022578735,1,1,-1.4584474108957124,0,0.0,0.0,1.0,0
-0.31039042855289234,0,-1.0101221231224025,-0.6589039156014528,1.5161312096359327,-1.0457411022578735,0,1,-1.138412533856932,0,0.0,0.0,1.0,0
0.4663954195822201,0,-0.42481068221707435,0.38162715881804715,0.7169135448269556,-1.0457411022578735,1,1,0.34111106934067686,0,0.0,0.0,1.0,0
0.3824185711351809,1,-1.0101221231224025,-1.3525912985477861,1.3151272559443334,-1.0457411022578735,0,1,-0.3811901804707623,0,0.0,0.0,1.0,0
0.24595619240874225,1,-1.4978816572101759,0.03478346734488051,1.2327906934079216,-1.0457411022578735,0,1,-1.1797588567767865,0,1.0,0.0,0.0,0
0.17247645001758297,0,-0.9125702163048478,-0.31206022412828616,0.5738290341069963,-1.0457411022578735,1,1,-1.560014940976787,0,0.0,1.0,0.0,0
1.4216320706672907,0,2.013986988221793,1.422158233237547,0.6142980818259489,-1.0457411022578735,0,0,1.0716028516375067,0,0.0,1.0,0.0,1
0.41390988930282063,1,0.2580526655058084,1.422158233237547,1.0317116780176465,-1.0457411022578735,0,1,1.5910166188643065,0,0.0,0.0,1.0,0
-1.4335807765320414,0,0.7458121995935818,1.7690019247107138,0.35024262339980633,-1.0457411022578735,1,0,0.3063214750888282,0,1.0,0.0,0.0,1
0.25645329846462217,1,1.0384679200462459,1.0753145417643806,1.2801309470112445,-1.0457411022578735,0,0,1.5192432372122107,0,0.0,1.0,0.0,1
0.7288230709792175,0,0.3556045723233631,-1.0057476070746194,0.7409368320885888,-1.0457411022578735,0,1,1.3089764854585326,0,1.0,0.0,0.0,0
0.18297355607346286,1,-0.6199144958521837,-1.0057476070746194,-1.0223976130812507,0.7168853643458143,1,0,0.7089976434032373,1,0.0,0.0,1.0,0
-0.5623209738940099,0,0.3556045723233631,1.0753145417643806,0.4532432205671951,-1.0457411022578735,0,0,0.7800635118380345,0,0.0,0.0,1.0,1
0.004522753123504598,1,-0.8150183094872931,-1.3525912985477861,1.2288433500865663,0.7168853643458143,1,1,-1.3254288537134675,0,0.0,1.0,0.0,0
0.9177709799850557,1,0.2580526655058084,0.7284708502912138,2.0446514221455905,0.7168853643458143,1,1,0.6705217977222735,0,0.0,1.0,0.0,0
1.7680365705113275,0,-0.22970686858196498,-0.6589039156014528,1.3301851803591818,-1.0457411022578735,1,1,0.6702306728623848,0,1.0,0.0,0.0,0
0.9597594042085753,0,-1.79053737766284,0.7284708502912138,-1.0223976130812507,0.7168853643458143,0,0,-1.5427395085133202,1,1.0,0.0,0.0,0
0.3929156771910608,0,-0.03460305494685562,0.03478346734488051,2.1335181913901993,-1.0457411022578735,1,1,-0.24620297383371592,0,1.0,0.0,0.0,0
-0.5203325496704903,0,-1.4003297503926213,-1.0057476070746194,0.7411260971013447,0.7168853643458143,0,1,0.48313471873249453,0,0.0,1.0,0.0,0
-0.06895698926765469,0,0.06294885187069905,-0.31206022412828616,-1.0223976130812507,0.7168853643458143,0,0,1.501810271153524,1,1.0,0.0,0.0,0
-0.49933833755873047,1,-1.2052259367575118,0.7284708502912138,-1.0223976130812507,0.7168853643458143,1,0,-0.02168029918838445,1,1.0,0.0,0.0,0
0.8232970254821367,1,-1.0101221231224025,0.03478346734488051,1.5621433866178336,0.7168853643458143,0,1,0.2644692403147213,0,0.0,1.0,0.0,0
0.4349041014145804,1,-0.1321549617644103,0.03478346734488051,0.5626060215420964,0.7168853643458143,0,0,-1.2959450881059076,0,1.0,0.0,0.0,0
-1.2971183978056027,1,-0.22970686858196498,0.7284708502912138,0.3517743008519718,-1.0457411022578735,0,1,0.9892398465807468,0,1.0,0.0,0.0,0
1.49511181305845,1,-1.0101221231224025,0.7284708502912138,1.6781858733918567,0.7168853643458143,1,1,0.19821196342740593,0,0.0,1.0,0.0,0
-0.4783441254469707,1,-0.03460305494685562,-0.31206022412828616,0.1215458962716044,0.7168853643458143,1,0,-1.6875755142691402,0,1.0,0.0,0.0,0
-0.3943672769999315,0,-0.03460305494685562,1.7690019247107138,0.9050207389344679,-1.0457411022578735,1,1,-1.5799687915492897,0,0.0,0.0,1.0,0
-0.5623209738940099,0,-0.42481068221707435,1.422158233237547,-1.0223976130812507,0.7168853643458143,1,0,1.1832844549200543,1,1.0,0.0,0.0,0
-1.1606560190791642,1,-1.3027778435750665,0.7284708502912138,1.035005533546023,0.7168853643458143,1,1,0.09656965693714666,0,0.0,0.0,1.0,0
0.015019859179384495,0,0.16050075868825375,0.03478346734488051,1.290116730160845,-1.0457411022578735,1,1,1.5596190282690032,0,1.0,0.0,0.0,0
0.8023028133703768,0,-1.4003297503926213,-0.6589039156014528,1.58519087179668,-1.0457411022578735,1,1,-1.5631283114241665,0,1.0,0.0,0.0,0
0.17247645001758297,0,0.3556045723233631,-0.31206022412828616,-1.0223976130812507,0.7168853643458143,1,0,0.3769562080785582,1,1.0,0.0,0.0,0
-0.11094541349117427,1,-0.6199144958521837,-1.3525912985477861,-1.0223976130812507,0.7168853643458143,1,0,1.4499962919186962,1,0.0,0.0,1.0,0
-0.37337306488817174,1,-0.7174664026697384,0.7284708502912138,1.1788529030748427,-1.0457411022578735,1,1,0.8497015151972162,0,1.0,0.0,0.0,0
-0.4783441254469707,0,-0.1321549617644103,0.38162715881804715,-1.0223976130812507,0.7168853643458143,1,0,0.19204646632021605,1,1.0,0.0,0.0,0
-0.6358007162851692,1,-0.42481068221707435,-0.31206022412828616,0.5793676532249595,0.7168853643458143,0,1,-1.6466657051439697,0,0.0,1.0,0.0,0
1.2221870556055727,1,0.2580526655058084,1.422158233237547,0.6339118969818897,-1.0457411022578735,0,1,-0.6092865081935595,0,0.0,0.0,1.0,0
-0.341881746720532,1,0.5507083859584725,-0.6589039156014528,-1.0223976130812507,0.7168853643458143,1,0,-0.19615534871004858,1,1.0,0.0,0.0,0
-0.32088753460877223,0,0.5507083859584725,1.7690019247107138,0.2912454168534013,-1.0457411022578735,1,0,-1.381888512550941,0,1.0,0.0,0.0,1
-0.9927023221850857,1,-0.9125702163048478,1.422158233237547,-1.0223976130812507,-1.0457411022578735,1,1,-1.2813472062757316,1,1.0,0.0,0.0,0
-1.4440778825879212,0,-1.6929854708452852,-1.3525912985477861,1.3346294450119003,0.7168853643458143,1,1,1.6508698428146658,0,1.0,0.0,0.0,0
0.9072738739291758,0,-0.8150183094872931,-1.3525912985477861,1.0236520489297767,-1.0457411022578735,1,1,0.6777983577631508,0,1.0,0.0,0.0,0
0.7603143891468572,0,2.306642708674457,-0.31206022412828616,1.241524428094415,-1.0457411022578735,1,0,-1.1923185175974436,0,1.0,0.0,0.0,1
1.7785336765672073,0,1.0384679200462459,-1.6994349900209527,-1.0223976130812507,-1.0457411022578735,0,0,1.3705486993443976,1,1.0,0.0,0.0,1
-1.0031994282409655,1,-1.6929854708452852,-0.31206022412828616,-1.0223976130812507,-1.0457411022578735,1,1,-1.0890509085520965,1,1.0,0.0,0.0,0
1.1592044192702933,0,0.5507083859584725,-1.0057476070746194,1.4341696334396874,-1.0457411022578735,1,1,0.6454286738484457,0,1.0,0.0,0.0,0
0.5608693740851391,1,-1.5954335640277306,1.0753145417643806,-1.0223976130812507,0.7168853643458143,0,0,-0.0011896546251218378,1,0.0,0.0,1.0,0
1.0332391465997346,0,-0.03460305494685562,-1.3525912985477861,0.299775872862365,-1.0457411022578735,0,1,-1.5506966900234127,0,0.0,1.0,0.0,0
0.6343491164762984,1,0.3556045723233631,0.03478346734488051,-1.0223976130812507,0.7168853643458143,1,0,1.2656748722103435,1,1.0,0.0,0.0,0
0.14098513184994327,0,-0.3272587753995197,-1.0057476070746194,0.2595460239042144,-1.0457411022578735,0,1,1.7191511141092883,0,0.0,1.0,0.0,0
2.030464221908325,0,0.06294885187069905,0.38162715881804715,-1.0223976130812507,0.7168853643458143,1,0,0.07300363736411777,1,0.0,0.0,1.0,0
0.23545908635286236,1,0.3556045723233631,-1.3525912985477861,-1.0223976130812507,0.7168853643458143,0,0,-0.4838859495052675,1,1.0,0.0,0.0,0
-0.24740779221761294,0,-0.5223625890346291,-0.6589039156014528,-1.0223976130812507,0.7168853643458143,1,0,1.5857007275013801,1,1.0,0.0,0.0,0
2.030464221908325,1,0.16050075868825375,-0.31206022412828616,1.6527973008126764,0.7168853643458143,0,1,-0.9595572523104706,0,0.0,1.0,0.0,0
0.7603143891468572,1,-0.8150183094872931,1.422158233237547,-1.0223976130812507,0.7168853643458143,1,0,0.9048767894472307,1,1.0,0.0,0.0,0
0.9597594042085753,0,0.06294885187069905,-0.6589039156014528,1.5124897507905124,-1.0457411022578735,0,1,-0.03434006670996888,0,1.0,0.0,0.0,0
1.705053934176048,0,-1.0101221231224025,1.0753145417643806,1.6877679985653158,-1.0457411022578735,1,1,0.05353245029591229,0,0.0,0.0,1.0,0
-0.5833151860057697,0,-0.03460305494685562,-1.6994349900209527,-1.0223976130812507,0.7168853643458143,1,0,1.1360989792681293,1,1.0,0.0,0.0,0
0.5398751619733794,1,-0.6199144958521837,-0.6589039156014528,1.42099662747528,0.7168853643458143,1,1,1.2681957567241595,0,0.0,1.0,0.0,0
1.2746725858849723,0,-0.42481068221707435,0.7284708502912138,0.7424237302441197,-1.0457411022578735,0,1,0.23132455356978843,0,1.0,0.0,0.0,0
0.22496198029698244,0,-1.5954335640277306,-0.31206022412828616,1.7940734044703306,-1.0457411022578735,1,1,-1.2416102243572642,0,1.0,0.0,0.0,0
-1.0871762766880049,1,-0.6199144958521837,0.7284708502912138,0.009814947026460418,-1.0457411022578735,0,1,0.1638829987959414,0,1.0,0.0,0.0,0
-0.8352457313468872,1,0.2580526655058084,-0.31206022412828616,0.4114356262473913,-1.0457411022578735,0,1,0.6161440806718468,0,0.0,0.0,1.0,0
1.5371002372819698,1,-0.42481068221707435,-0.31206022412828616,1.2798567946268102,0.7168853643458143,1,1,0.2629483818392836,0,0.0,1.0,0.0,0
0.9387651920968155,1,-0.22970686858196498,1.422158233237547,1.0258048377769942,-1.0457411022578735,1,1,0.9713393110957189,0,1.0,0.0,0.0,0
1.5580944493937294,1,1.7213312677691288,0.38162715881804715,1.4227821616594483,-1.0457411022578735,1,0,-0.9181800472541083,0,0.0,1.0,0.0,1
-0.2684020043293727,1,-1.2052259367575118,-1.3525912985477861,1.3799731540764077,-1.0457411022578735,0,1,0.41611666561716243,0,1.0,0.0,0.0,0
0.19347066212934275,0,-0.3272587753995197,1.0753145417643806,1.4842939351114957,-1.0457411022578735,0,1,-1.1196734963171713,0,0.0,0.0,1.0,0
1.0647304647673743,1,0.16050075868825375,-0.6589039156014528,-1.0223976130812507,0.7168853643458143,0,0,-0.06273515025805258,1,0.0,0.0,1.0,0
2.030464221908325,0,0.8433641064111366,1.7690019247107138,1.1421743100624167,-1.0457411022578735,0,0,-1.2647921256705827,0,0.0,1.0,0.0,1
0.791805707314497,0,0.4531564791409178,1.422158233237547,-1.0223976130812507,0.7168853643458143,1,0,1.4475317933282799,1,1.0,0.0,0.0,0
-1.0766791706321248,0,1.623779360951574,-1.6994349900209527,0.7249174414089418,-1.0457411022578735,0,1,0.6990013734078812,0,0.0,1.0,0.0,1
-0.29989332249701245,1,1.1360198268638007,-0.31206022412828616,0.9464048628555187,-1.0457411022578735,0,1,-1.4833113476778157,0,0.0,1.0,0.0,1
0.7078288588674577,1,-0.22970686858196498,-1.3525912985477861,-1.0223976130812507,0.7168853643458143,1,0,-0.8197881723788756,1,0.0,0.0,1.0,0
1.0017478284320949,1,-0.8150183094872931,-0.31206022412828616,0.2907533278202365,-1.0457411022578735,1,1,-1.0900311561434977,0,0.0,1.0,0.0,0
1.2641754798290923,1,0.5507083859584725,-0.6589039156014528,0.985512330018876,0.7168853643458143,0,1,-0.34562506290323874,0,0.0,1.0,0.0,0
-0.446852807279331,0,-1.8880892844803947,0.03478346734488051,0.5472212726924557,0.7168853643458143,1,0,0.40094260639742124,0,1.0,0.0,0.0,0
0.19347066212934275,0,-0.5223625890346291,0.38162715881804715,-1.0223976130812507,0.7168853643458143,1,0,-1.139307942320511,1,1.0,0.0,0.0,0
-1.3915923523085219,1,-1.0101221231224025,-1.3525912985477861,0.4849137808038008,-1.0457411022578735,1,1,-0.8335190989498955,0,1.0,0.0,0.0,0
2.030464221908325,0,-0.6199144958521837,0.7284708502912138,-1.0223976130812507,0.7168853643458143,0,0,0.9631303881245427,1,1.0,0.0,0.0,0
0.29844172268814173,1,-0.8150183094872931,-0.6589039156014528,0.4359385996434813,-1.0457411022578735,0,1,-0.6355253940308583,0,0.0,1.0,0.0,0
0.004522753123504598,1,-0.5223625890346291,-1.3525912985477861,0.33563233087470157,0.7168853643458143,0,0,0.07288167027442664,0,1.0,0.0,0.0,0
0.19347066212934275,1,-0.22970686858196498,1.422158233237547,0.6880837316243591,-1.0457411022578735,0,1,-1.331042462751941,0,0.0,0.0,1.0,0
-0.29989332249701245,0,-0.8150183094872931,1.422158233237547,1.109472054160534,0.7168853643458143,1,1,-0.44318433455880163,0,0.0,1.0,0.0,0
-0.016471458988255198,1,-0.1321549617644103,0.03478346734488051,0.47798265442177507,0.7168853643458143,1,0,-0.5811997255251076,0,1.0,0.0,0.0,0
-1.150158913023284,1,-1.3027778435750665,-0.31206022412828616,0.5584334931247134,0.7168853643458143,1,1,-0.8224331059241695,0,0.0,1.0,0.0,0
-0.11094541349117427,1,-0.8150183094872931,0.7284708502912138,-1.0223976130812507,0.7168853643458143,1,0,0.9343296729182828,1,1.0,0.0,0.0,0
-0.08995120137941448,0,-1.0101221231224025,1.422158233237547,0.6251359602244667,-1.0457411022578735,1,1,1.0093514042436178,0,0.0,0.0,1.0,0
1.0017478284320949,1,-0.6199144958521837,1.422158233237547,0.8394464523873454,0.7168853643458143,0,1,0.03407184643179097,0,0.0,1.0,0.0,0
-0.3313846406646521,0,0.16050075868825375,0.7284708502912138,1.2530940775167199,-1.0457411022578735,0,1,1.3477776345437225,0,1.0,0.0,0.0,0
1.0437362526556144,0,0.3556045723233631,1.422158233237547,-1.0223976130812507,0.7168853643458143,1,0,-1.1110662284840733,1,1.0,0.0,0.0,0
1.0647304647673743,1,-0.3272587753995197,0.7284708502912138,-1.0223976130812507,0.7168853643458143,1,0,-0.3775561510814724,1,1.0,0.0,0.0,0
0.6448462225321784,1,0.16050075868825375,1.422158233237547,-1.0223976130812507,0.7168853643458143,0,0,0.3786410194697257,1,0.0,0.0,1.0,0
0.6658404346439382,1,-1.4978816572101759,-1.6994349900209527,2.00360652555804,0.7168853643458143,1,1,0.07645167995376509,0,0.0,1.0,0.0,0
0.17247645001758297,1,0.16050075868825375,-1.3525912985477861,0.9367645890270767,-1.0457411022578735,1,1,-1.6734476307973898,0,0.0,0.0,1.0,0
0.24595619240874225,1,-0.1321549617644103,-0.31206022412828616,-1.0223976130812507,0.7168853643458143,1,0,-0.6674833739571744,1,1.0,0.0,0.0,0
0.025516965235264394,0,-0.03460305494685562,-0.6589039156014528,-1.0223976130812507,0.7168853643458143,1,0,1.0208366096070105,1,1.0,0.0,0.0,0
0.4454012074704603,0,-0.6199144958521837,-0.31206022412828616,0.7584566513587214,-1.0457411022578735,1,1,0.48085828888350773,0,1.0,0.0,0.0,0
1.0122449344879747,0,0.06294885187069905,0.7284708502912138,1.4753013503181949,-1.0457411022578735,1,1,-1.444396385774934,0,1.0,0.0,0.0,0
-1.3391068220291222,1,0.7458121995935818,1.0753145417643806,-1.0223976130812507,-1.0457411022578735,0,0,0.46493802702825937,1,1.0,0.0,0.0,1
-0.5833151860057697,1,0.16050075868825375,1.7690019247107138,0.5662547288348142,0.7168853643458143,0,0,-0.37710766612151264,0,1.0,0.0,0.0,0
0.8127999194262567,0,0.06294885187069905,0.38162715881804715,0.46154092087962073,0.7168853643458143,0,0,0.23004988471066903,0,0.0,0.0,1.0,0
-0.49933833755873047,1,-0.03460305494685562,0.38162715881804715,1.2447888066037838,0.7168853643458143,0,1,1.2442473538429097,0,0.0,1.0,0.0,0
-1.381095246252642,0,2.013986988221793,0.38162715881804715,-0.1311865210169393,-1.0457411022578735,1,0,-0.28402682474503627,0,1.0,0.0,0.0,1
1.2431812677173326,1,-0.22970686858196498,-1.0057476070746194,0.7486243742152114,0.7168853643458143,0,1,-0.4863254647942395,0,0.0,1.0,0.0,0
-0.35237885277641195,0,0.5507083859584725,0.38162715881804715,-1.0223976130812507,0.7168853643458143,0,0,1.1702043086526352,1,1.0,0.0,0.0,0
-0.4573499133352109,1,0.3556045723233631,0.7284708502912138,0.8312085114959685,-1.0457411022578735,1,1,-0.35375660703799655,0,1.0,0.0,0.0,0
-0.31039042855289234,0,-1.1076740299399572,-1.0057476070746194,-1.0223976130812507,0.7168853643458143,1,0,0.4465314061938302,1,1.0,0.0,0.0,0
-0.4048643830558114,0,0.16050075868825375,1.0753145417643806,-1.0223976130812507,0.7168853643458143,1,0,-0.33847567480652024,1,0.0,0.0,1.0,0
0.22496198029698244,1,-0.22970686858196498,-1.6994349900209527,0.7072378341450614,-1.0457411022578735,1,1,-0.2646396093289083,0,1.0,0.0,0.0,0
0.7183259649233377,0,-0.5223625890346291,0.7284708502912138,0.8329284875012501,0.7168853643458143,1,1,1.3457290038252687,0,0.0,1.0,0.0,0
-1.6330257915937594,1,-0.3272587753995197,0.38162715881804715,0.5845161448017359,-1.0457411022578735,1,1,-1.494176481378966,0,1.0,0.0,0.0,0
0.9177709799850557,0,-0.8150183094872931,-1.3525912985477861,0.9755528023561515,-1.0457411022578735,1,1,0.7373080613186475,0,0.0,0.0,1.0,0
1.5685915554496093,1,-0.22970686858196498,1.0753145417643806,1.6834182858806723,0.7168853643458143,1,1,0.12145823003039666,0,0.0,1.0,0.0,0
-0.8877312616262867,1,-0.5223625890346291,0.03478346734488051,-1.0223976130812507,-1.0457411022578735,0,1,-1.0162401994046049,1,1.0,0.0,0.0,0
-0.6253036102292893,0,0.2580526655058084,-0.31206022412828616,1.32625281716224,0.7168853643458143,1,1,-0.8222689795132907,0,1.0,0.0,0.0,0
0.08849960157054378,0,0.16050075868825375,-1.3525912985477861,1.7711950497284141,-1.0457411022578735,0,1,0.29586440197793906,0,0.0,0.0,1.0,0
-0.15293383771469388,1,-1.5954335640277306,1.7690019247107138,0.7786405166254218,0.7168853643458143,1,1,1.4457671741686084,0,0.0,1.0,0.0,0
-0.646297822341049,0,2.501746522309566,-1.0057476070746194,0.680767148922738,-1.0457411022578735,1,1,-0.16964147306171065,0,0.0,1.0,0.0,1
-0.6672920344528088,0,2.306642708674457,-0.6589039156014528,0.8820724769452871,-1.0457411022578735,0,1,-1.3003128284799825,0,0.0,1.0,0.0,1
-2.5042855942317908,1,-0.22970686858196498,0.7284708502912138,0.4296281014266878,-1.0457411022578735,1,1,-0.5301262235858731,0,1.0,0.0,0.0,0
0.4873896316939799,1,-1.79053737766284,-0.6589039156014528,1.6395701731084515,-1.0457411022578735,1,1,-1.0077783205063022,0,0.0,0.0,1.0,0
1.9044989492377662,1,-0.7174664026697384,-1.0057476070746194,-1.0223976130812507,0.7168853643458143,1,0,-1.5873183930478627,1,1.0,0.0,0.0,0
0.025516965235264394,0,-0.1321549617644103,-1.3525912985477861,1.4115614041670406,-1.0457411022578735,1,1,0.7151636609958739,0,1.0,0.0,0.0,0
-0.55182386783813,0,-1.3027778435750665,0.03478346734488051,1.5190826162986766,0.7168853643458143,1,1,-0.7163059498343137,0,0.0,1.0,0.0,0
-0.961211004017446,1,-0.7174664026697384,-1.0057476070746194,0.42017854230046103,0.7168853643458143,1,1,-1.6529241956509813,0,0.0,1.0,0.0,0
0.4978867377498598,0,-0.1321549617644103,1.422158233237547,1.4842697736205055,-1.0457411022578735,1,1,0.6137385704320628,0,0.0,0.0,1.0,0
0.7078288588674577,1,0.16050075868825375,0.38162715881804715,-1.0223976130812507,0.7168853643458143,0,0,0.11165922401936335,1,1.0,0.0,0.0,0
0.6553433285880582,1,0.16050075868825375,-0.31206022412828616,1.0456507643230464,-1.0457411022578735,1,1,1.3251160451820168,0,0.0,0.0,1.0,0
0.17247645001758297,1,0.06294885187069905,0.7284708502912138,0.3025462294192893,0.7168853643458143,1,0,0.17057956455397713,0,1.0,0.0,0.0,0
1.0437362526556144,1,0.2580526655058084,-1.0057476070746194,0.9820314645502362,0.7168853643458143,0,1,-0.9129401467664094,0,0.0,1.0,0.0,0
-2.0529100338289554,1,1.2335717336813552,1.422158233237547,0.9087472462281736,-1.0457411022578735,0,0,-0.7450912239723196,0,1.0,0.0,0.0,1
-0.31039042855289234,1,0.2580526655058084,0.03478346734488051,0.6025554361281552,-1.0457411022578735,0,1,0.6063940002928089,0,0.0,0.0,1.0,0
0.19347066212934275,1,1.5262274541340193,-1.0057476070746194,-1.0223976130812507,-1.0457411022578735,1,0,0.8652213502487561,1,1.0,0.0,0.0,1
2.030464221908325,0,-0.1321549617644103,0.7284708502912138,1.4444543747711385,-1.0457411022578735,1,1,0.9112258444219784,0,1.0,0.0,0.0,0
1.3901407524996512,0,0.16050075868825375,-0.31206022412828616,-1.0223976130812507,0.7168853643458143,1,0,0.653879969542664,1,0.0,0.0,1.0,0
0.025516965235264394,1,0.06294885187069905,1.0753145417643806,0.6891964488227563,0.7168853643458143,1,1,1.707013740481104,0,0.0,1.0,0.0,0
0.9807536163203351,1,-0.03460305494685562,0.03478346734488051,1.4184348651239032,-1.0457411022578735,1,1,-0.92227349179774,0,1.0,0.0,0.0,0
-1.8114765945437177,1,0.2580526655058084,0.03478346734488051,-1.0223976130812507,-1.0457411022578735,1,1,-0.44148026520610384,1,1.0,0.0,0.0,0
1.6210770857290089,1,1.33112364049891,1.7690019247107138,0.2165295496518724,-1.0457411022578735,0,0,0.809288943168852,0,0.0,1.0,0.0,1
1.316661010108492,1,-0.5223625890346291,0.7284708502912138,2.062591329205737,-1.0457411022578735,1,1,1.168405510948627,0,1.0,0.0,0.0,0
0.5608693740851391,1,-0.42481068221707435,1.0753145417643806,1.3588510175762587,0.7168853643458143,0,1,-1.7028901045595068,0,0.0,1.0,0.0,0
0.09899670762642368,1,0.4531564791409178,0.03478346734488051,-1.0223976130812507,0.7168853643458143,1,0,-1.2208421610508773,1,0.0,0.0,1.0,0
-1.5280547310349606,0,0.16050075868825375,-1.3525912985477861,-1.0223976130812507,-1.0457411022578735,1,1,1.4643878880168057,1,0.0,0.0,1.0,0
0.4768925256381,1,0.16050075868825375,0.7284708502912138,1.3218613856364867,-1.0457411022578735,0,1,0.6180006522604453,0,1.0,0.0,0.0,0
-1.4440778825879212,1,0.06294885187069905,-1.3525912985477861,0.5513211555602618,-1.0457411022578735,1,1,-1.1971959867190474,0,1.0,0.0,0.0,0
-0.026968565044135095,0,-1.4003297503926213,1.0753145417643806,1.3145296617338453,-1.0457411022578735,1,1,0.5267566040255911,0,1.0,0.0,0.0,0
-0.9297196858498064,0,0.4531564791409178,1.422158233237547,-1.0223976130812507,-1.0457411022578735,1,0,0.45381438555521747,1,0.0,0.0,1.0,1
-0.6253036102292893,1,-1.4003297503926213,-1.6994349900209527,0.7181651100602428,0.7168853643458143,1,1,1.528709132537316,0,0.0,0.0,1.0,0
1.5685915554496093,1,-0.42481068221707435,0.03478346734488051,0.8132080396317399,-1.0457411022578735,0,1,-1.1726125915927486,0,1.0,0.0,0.0,0
0.004522753123504598,0,-0.1321549617644103,-1.6994349900209527,1.6129313239088365,-1.0457411022578735,0,1,-0.963072611017899,0,0.0,0.0,1.0,0
-1.7589910642643183,1,-1.0101221231224025,-1.3525912985477861,0.25753288847491934,0.7168853643458143,1,1,1.1842782351330714,0,0.0,1.0,0.0,0
0.025516965235264394,1,-0.9125702163048478,1.422158233237547,0.31319290988577214,-1.0457411022578735,1,1,-0.27030769584414294,0,0.0,1.0,0.0,0
0.03601407129114429,1,-0.42481068221707435,-1.3525912985477861,-1.0223976130812507,0.7168853643458143,1,0,-1.561821198972199,1,1.0,0.0,0.0,0
1.3061639040526118,0,0.9409160132286912,-1.6994349900209527,-0.10266694135865558,-1.0457411022578735,1,0,-0.24409986563850086,0,1.0,0.0,0.0,1
-0.29989332249701245,1,0.06294885187069905,-1.3525912985477861,0.8354791355667714,-1.0457411022578735,1,1,0.13811411131706838,0,0.0,1.0,0.0,1
2.019967115852445,1,-0.1321549617644103,0.7284708502912138,1.2882904435952067,0.7168853643458143,1,1,-1.4299381675396392,0,0.0,1.0,0.0,0
-0.11094541349117427,1,-1.4003297503926213,-1.6994349900209527,0.4659193052002396,-1.0457411022578735,1,1,-1.4021239457501415,0,0.0,1.0,0.0,0
-1.1186675948556444,1,0.06294885187069905,-1.0057476070746194,0.8480270032209617,0.7168853643458143,1,1,1.6642438898643563,0,0.0,0.0,1.0,0
0.9597594042085753,0,-1.1076740299399572,-1.0057476070746194,0.44294607633703587,-1.0457411022578735,1,1,0.5542972239652408,0,0.0,1.0,0.0,0
-0.13193962560293407,0,-0.42481068221707435,1.7690019247107138,0.9459100355200415,0.7168853643458143,1,1,1.4293588704594464,0,0.0,1.0,0.0,0
0.5818635861968989,0,-0.6199144958521837,-1.3525912985477861,-1.0223976130812507,0.7168853643458143,1,0,-1.7004264734448349,1,1.0,0.0,0.0,0
-0.4258585951675712,0,-0.1321549617644103,0.38162715881804715,-1.0223976130812507,0.7168853643458143,1,0,-0.23372277379126438,1,1.0,0.0,0.0,0
0.16197934396170308,1,0.16050075868825375,1.7690019247107138,0.6363763690628795,-1.0457411022578735,1,0,-1.7076745802812892,0,0.0,1.0,0.0,1
0.9282680860409356,1,-1.6929854708452852,-0.31206022412828616,1.1990171169955381,-1.0457411022578735,1,1,1.344962502257338,0,1.0,0.0,0.0,0
0.6553433285880582,1,-0.6199144958521837,1.422158233237547,1.3390703270558797,-1.0457411022578735,1,1,-0.3919977137824709,0,1.0,0.0,0.0,0
-0.20541936799409335,0,-0.22970686858196498,1.422158233237547,1.6666133245906336,-1.0457411022578735,1,1,-0.47206034665969315,0,1.0,0.0,0.0,0
-0.037465671100014995,0,-0.22970686858196498,-0.6589039156014528,-1.0223976130812507,0.7168853643458143,0,0,0.1875827831287879,1,0.0,0.0,1.0,0
-0.646297822341049,1,-0.42481068221707435,-1.0057476070746194,0.3945517374201183,0.7168853643458143,0,1,0.981911584985491,0,0.0,1.0,0.0,0
0.22496198029698244,1,-1.2052259367575118,-0.6589039156014528,-1.0223976130812507,0.7168853643458143,1,0,-1.6434203048882616,1,1.0,0.0,0.0,0
-1.0766791706321248,0,-0.03460305494685562,-0.31206022412828616,1.1948871128022973,0.7168853643458143,1,1,1.2650582704510802,0,1.0,0.0,0.0,0
0.17247645001758297,1,-0.7174664026697384,-1.3525912985477861,0.7227904248187802,-1.0457411022578735,0,1,-1.0567863626976377,0,1.0,0.0,0.0,0
-0.05845988321177479,1,-1.0101221231224025,0.7284708502912138,-1.0223976130812507,0.7168853643458143,1,0,-1.715687453734185,1,1.0,0.0,0.0,0
0.6658404346439382,0,-0.42481068221707435,0.38162715881804715,0.7610003731301588,-1.0457411022578735,1,1,-1.5669242117873996,0,1.0,0.0,0.0,0
1.0332391465997346,1,0.4531564791409178,0.38162715881804715,1.6361476173714007,2.479511830949502,1,0,-1.436265709115921,0,0.0,1.0,0.0,1
1.1801986313820532,1,-0.03460305494685562,0.38162715881804715,-1.0223976130812507,0.7168853643458143,0,0,0.08119868072338056,1,0.0,0.0,1.0,0
-0.3838701709440516,0,-0.5223625890346291,1.422158233237547,1.03355761592929,-1.0457411022578735,1,1,1.613573590651213,0,1.0,0.0,0.0,0
-1.2866212917497228,0,1.623779360951574,1.0753145417643806,0.8617679653002428,2.479511830949502,1,0,0.3878117995465176,0,1.0,0.0,0.0,1
-0.17392804982645366,0,-0.9125702163048478,-0.6589039156014528,-1.0223976130812507,0.7168853643458143,1,0,-1.6823810695104584,1,1.0,0.0,0.0,0
-0.037465671100014995,1,0.7458121995935818,-1.6994349900209527,0.9033714755594838,-1.0457411022578735,1,0,-0.3723809642843208,0,1.0,0.0,0.0,1
1.8940018431818861,1,-0.7174664026697384,1.422158233237547,0.6637300762425876,-1.0457411022578735,0,1,-0.845632877237827,0,0.0,0.0,1.0,0
0.16197934396170308,1,-1.0101221231224025,-0.31206022412828616,1.671914355713861,-1.0457411022578735,1,1,1.2102273840716726,0,1.0,0.0,0.0,0
-0.20541936799409335,1,-0.22970686858196498,-1.0057476070746194,1.43574125789029,-1.0457411022578735,1,1,-0.4861474587714468,0,1.0,0.0,0.0,0
-0.7197775647322083,1,0.5507083859584725,1.0753145417643806,1.4647820814475332,-1.0457411022578735,1,0,-0.8742347670034238,0,1.0,0.0,0.0,1
-0.4048643830558114,1,0.3556045723233631,1.0753145417643806,1.4512930431809754,0.7168853643458143,1,1,-0.3996288979077416,0,0.0,1.0,0.0,0
1.7680365705113275,1,-0.6199144958521837,1.422158233237547,-1.0223976130812507,0.7168853643458143,0,0,-1.5608071198267583,1,1.0,0.0,0.0,0
0.08849960157054378,0,-0.42481068221707435,-1.3525912985477861,0.5343359495474369,0.7168853643458143,0,0,1.2439610868471909,0,1.0,0.0,0.0,0
-0.2684020043293727,1,-0.22970686858196498,-1.3525912985477861,-1.0223976130812507,0.7168853643458143,0,0,0.5799549010536557,1,1.0,0.0,0.0,0
0.4558983135263402,0,-0.22970686858196498,-0.31206022412828616,-1.0223976130812507,0.7168853643458143,1,0,0.5391455456197103,1,1.0,0.0,0.0,0
-1.045187852464485,0,0.06294885187069905,0.7284708502912138,-0.22389690024825257,-1.0457411022578735,1,0,0.27020793935556675,0,1.0,0.0,0.0,1
-0.24740779221761294,0,-0.6199144958521837,-1.3525912985477861,0.6528213241371658,-1.0457411022578735,0,1,-1.0942505581652457,0,1.0,0.0,0.0,0
-0.6987833526204486,0,-0.9125702163048478,1.7690019247107138,0.5762889960430013,-1.0457411022578735,1,1,0.5190246192187974,0,0.0,0.0,1.0,0
0.09899670762642368,0,0.8433641064111366,0.03478346734488051,-1.0223976130812507,-1.0457411022578735,0,0,1.1613295112999018,1,0.0,0.0,1.0,1
-1.58054026131436,0,-0.42481068221707435,-0.31206022412828616,0.4322468848968011,-1.0457411022578735,1,1,1.0326722751712223,0,1.0,0.0,0.0,0
-0.13193962560293407,1,-0.5223625890346291,0.7284708502912138,1.789538614764702,-1.0457411022578735,0,1,-0.967591465666684,0,1.0,0.0,0.0,0
1.7575394644554476,1,-0.8150183094872931,-1.6994349900209527,1.1301338337190183,-1.0457411022578735,1,1,1.0815741383314184,0,1.0,0.0,0.0,0
-0.18442515588233357,0,-0.03460305494685562,0.03478346734488051,-1.0223976130812507,0.7168853643458143,0,0,-0.10404902958505874,1,1.0,0.0,0.0,0
1.7155510402319278,0,0.06294885187069905,-1.3525912985477861,0.6626938704323257,-1.0457411022578735,1,0,-0.6623208523058942,0,1.0,0.0,0.0,1
0.4244069953587005,0,-1.3027778435750665,-1.3525912985477861,-1.0223976130812507,0.7168853643458143,0,0,-0.20663775211267973,1,1.0,0.0,0.0,0
0.9597594042085753,0,-0.42481068221707435,1.0753145417643806,-1.0223976130812507,0.7168853643458143,1,0,-0.8003258335632649,1,1.0,0.0,0.0,0
-0.8877312616262867,0,-0.8150183094872931,0.38162715881804715,-1.0223976130812507,-1.0457411022578735,0,1,1.3066207683264892,1,1.0,0.0,0.0,0
1.6840597220642883,1,0.6482602927760271,1.422158233237547,0.6078224800873898,-1.0457411022578735,0,0,-0.19956261993969945,0,0.0,1.0,0.0,1
1.5580944493937294,1,1.1360198268638007,1.422158233237547,1.0719748698333633,-1.0457411022578735,1,0,-0.6371399398867129,0,0.0,1.0,0.0,1
-1.7484939582084382,0,-0.03460305494685562,-0.6589039156014528,0.5443317194466467,-1.0457411022578735,1,1,-0.11999583619809223,0,0.0,0.0,1.0,0
0.24595619240874225,0,-1.3027778435750665,-0.31206022412828616,0.9719965530356225,-1.0457411022578735,1,1,-0.16570972599687273,0,1.0,0.0,0.0,0
0.6868346467556979,0,1.0384679200462459,-0.6589039156014528,1.6868732180156496,-1.0457411022578735,1,0,0.7122315929791165,0,1.0,0.0,0.0,1
-0.27889911038525267,1,0.06294885187069905,1.7690019247107138,0.6765375993866183,-1.0457411022578735,0,0,-0.7088791429944713,0,0.0,0.0,1.0,1
0.781308601258617,0,0.4531564791409178,1.422158233237547,0.2520448474114289,-1.0457411022578735,0,0,-1.7204662041160532,0,0.0,1.0,0.0,1
-0.16343094377057377,0,-0.3272587753995197,-0.31206022412828616,-1.0223976130812507,0.7168853643458143,0,0,0.45581634607861177,1,1.0,0.0,0.0,0
0.11999091973818347,1,-0.6199144958521837,-1.3525912985477861,1.1432135763282043,-1.0457411022578735,0,1,0.20000104540307467,0,0.0,0.0,1.0,0
-0.5203325496704903,1,-1.3027778435750665,-0.6589039156014528,-1.0223976130812507,0.7168853643458143,0,0,1.5152217931553809,1,1.0,0.0,0.0,0
1.1801986313820532,1,0.4531564791409178,-0.31206022412828616,0.7523853519027297,0.7168853643458143,1,1,-0.21125272307396664,0,0.0,1.0,0.0,0
0.32993304085578146,1,0.3556045723233631,0.03478346734488051,-1.0223976130812507,0.7168853643458143,0,0,1.698321113034737,1,0.0,0.0,1.0,0
-1.7170026400407987,1,-0.6199144958521837,1.0753145417643806,-0.2788489899730956,-1.0457411022578735,1,1,-0.34935347365354175,0,0.0,0.0,1.0,0
0.23545908635286236,1,-0.3272587753995197,-1.3525912985477861,1.0790649788261042,0.7168853643458143,1,1,-1.0821315750228466,0,0.0,1.0,0.0,0
0.6553433285880582,0,0.16050075868825375,1.422158233237547,-1.0223976130812507,0.7168853643458143,1,0,1.4315176705974653,1,0.0,0.0,1.0,0
0.896776767873296,1,0.06294885187069905,1.0753145417643806,1.2327547733246496,-1.0457411022578735,1,1,-0.116724585165195,0,1.0,0.0,0.0,0
0.6868346467556979,1,-0.1321549617644103,1.422158233237547,-1.0223976130812507,0.7168853643458143,1,0,-1.176152413116175,1,0.0,0.0,1.0,0
-0.6777891405086888,1,0.3556045723233631,-1.3525912985477861,1.3494439826741746,0.7168853643458143,1,1,-0.6365639359922968,0,1.0,0.0,0.0,0
0.5503722680292593,0,-0.6199144958521837,-1.0057476070746194,-1.0223976130812507,0.7168853643458143,0,0,0.17293441421027583,1,1.0,0.0,0.0,0
1.3586494343320115,0,0.06294885187069905,0.7284708502912138,-1.0223976130812507,0.7168853643458143,0,0,0.021096664729468827,1,0.0,0.0,1.0,0
1.5161060251702099,1,0.3556045723233631,-0.31206022412828616,1.2640472867655637,-1.0457411022578735,1,1,-1.5461075698393147,0,0.0,0.0,1.0,0
1.4216320706672907,0,0.3556045723233631,-1.0057476070746194,-1.0223976130812507,0.7168853643458143,1,0,-0.12230575061082057,1,1.0,0.0,0.0,0
0.7708114952027372,1,-1.4978816572101759,1.0753145417643806,-1.0223976130812507,0.7168853643458143,1,0,1.4499149226938524,1,1.0,0.0,0.0,0
0.24595619240874225,1,-0.22970686858196498,0.7284708502912138,-1.0223976130812507,0.7168853643458143,1,0,-1.3810977216621612,1,0.0,0.0,1.0,0
0.3089388287440216,1,0.06294885187069905,-0.6589039156014528,1.0655770680957923,0.7168853643458143,1,1,0.06084388286172253,0,0.0,1.0,0.0,0
-0.06895698926765469,1,-0.42481068221707435,-0.31206022412828616,0.6851036533256404,-1.0457411022578735,0,1,0.7509166738096785,0,1.0,0.0,0.0,0
0.03601407129114429,0,-0.5223625890346291,-1.3525912985477861,-1.0223976130812507,0.7168853643458143,0,0,0.3143957658244422,1,0.0,0.0,1.0,0
-0.14243673165881396,0,0.6482602927760271,-1.0057476070746194,1.4073291163286086,-1.0457411022578735,0,1,-1.6897325794556692,0,0.0,1.0,0.0,1
-0.31039042855289234,1,-1.0101221231224025,0.03478346734488051,0.12281244162930512,-1.0457411022578735,1,1,0.5342068327105378,0,0.0,1.0,0.0,0
0.32993304085578146,0,0.16050075868825375,1.0753145417643806,1.4047000239556728,0.7168853643458143,0,1,1.6744497419996083,0,0.0,1.0,0.0,0
-2.073904245940715,1,0.9409160132286912,-0.31206022412828616,1.1359406453869716,-1.0457411022578735,1,1,-1.395361625330665,0,0.0,1.0,0.0,1
0.8442912375938965,1,0.2580526655058084,-1.3525912985477861,0.6199513874878118,-1.0457411022578735,1,1,0.41350261420837636,0,1.0,0.0,0.0,0
-1.1921473372468037,1,0.3556045723233631,0.7284708502912138,-1.0223976130812507,-1.0457411022578735,1,1,-0.7471245871176685,1,1.0,0.0,0.0,0
-1.9794302914377961,0,-1.5954335640277306,-1.3525912985477861,0.2069171420763724,-1.0457411022578735,1,1,1.6494098811364992,0,1.0,0.0,0.0,0
-0.8982283676821666,1,0.2580526655058084,1.0753145417643806,-1.0223976130812507,-1.0457411022578735,1,1,-0.6241911294470269,1,1.0,0.0,0.0,0
0.20396776818522266,0,-0.42481068221707435,-0.31206022412828616,0.41822371660275565,-1.0457411022578735,1,1,1.55846077465481,0,0.0,1.0,0.0,0
0.21446487424110255,0,0.06294885187069905,-1.6994349900209527,0.7689939608093223,0.7168853643458143,1,1,0.830428459589078,0,0.0,1.0,0.0,0
1.3796436464437711,1,-0.22970686858196498,1.7690019247107138,0.743531131914499,-1.0457411022578735,1,1,-1.4498031885958944,0,0.0,0.0,1.0,0
1.2326841616614526,1,-0.22970686858196498,0.7284708502912138,0.6477765658950402,-1.0457411022578735,0,1,0.3341192148391783,0,1.0,0.0,0.0,0
-0.25790489827349283,0,0.16050075868825375,1.422158233237547,1.226639983184876,-1.0457411022578735,1,0,-0.10428186007491011,0,1.0,0.0,0.0,1
0.23545908635286236,0,0.06294885187069905,-0.31206022412828616,-1.0223976130812507,-1.0457411022578735,0,0,1.270430200747107,1,1.0,0.0,0.0,1
1.0332391465997346,0,-1.0101221231224025,0.7284708502912138,0.983654955668164,-1.0457411022578735,0,1,1.5464885684083978,0,1.0,0.0,0.0,0
1.0017478284320949,1,0.9409160132286912,0.03478346734488051,0.8470587717386852,-1.0457411022578735,1,0,0.9872701561550518,0,0.0,0.0,1.0,1
-0.20541936799409335,0,0.5507083859584725,-1.0057476070746194,-1.0223976130812507,0.7168853643458143,1,0,0.8666436634796066,1,1.0,0.0,0.0,0
0.9177709799850557,0,0.4531564791409178,1.7690019247107138,1.3588324937664997,-1.0457411022578735,0,1,-1.309532707683919,0,1.0,0.0,0.0,0
1.9359902674054057,1,-0.7174664026697384,-1.0057476070746194,-1.0223976130812507,0.7168853643458143,1,0,1.2756562216228922,1,1.0,0.0,0.0,0
-0.24740779221761294,0,-1.2052259367575118,1.0753145417643806,0.9794920918471768,-1.0457411022578735,1,1,-0.6869894335503131,0,1.0,0.0,0.0,0
-0.4783441254469707,1,-0.7174664026697384,-1.6994349900209527,0.7153742967742799,0.7168853643458143,1,1,1.4534446814986415,0,0.0,1.0,0.0,0
-0.16343094377057377,1,-0.1321549617644103,0.38162715881804715,-1.0223976130812507,0.7168853643458143,1,0,-0.9438894258969016,1,1.0,0.0,0.0,0
-0.8247486252910073,1,0.16050075868825375,0.38162715881804715,0.0022093928925978022,-1.0457411022578735,0,0,-0.4293657929375769,0,0.0,0.0,1.0,1
1.1382102071585336,0,1.7213312677691288,-1.3525912985477861,-1.0223976130812507,-1.0457411022578735,1,0,-1.5004672419836766,1,1.0,0.0,0.0,1
0.6448462225321784,1,-1.0101221231224025,0.38162715881804715,-1.0223976130812507,0.7168853643458143,1,0,0.8182421603288974,1,0.0,0.0,1.0,0
-1.2341357614703234,1,0.06294885187069905,-1.3525912985477861,-1.0223976130812507,-1.0457411022578735,1,1,-1.2409918876465114,1,1.0,0.0,0.0,0
1.726048146287808,0,0.16050075868825375,-1.3525912985477861,-1.0223976130812507,0.7168853643458143,1,0,1.6405616285415507,1,1.0,0.0,0.0,0
0.3194359347999015,1,-0.3272587753995197,-1.3525912985477861,0.9933350154184364,0.7168853643458143,1,1,0.8470633479627302,0,0.0,1.0,0.0,0
-0.8247486252910073,1,2.013986988221793,1.7690019247107138,1.9730899181311221,-1.0457411022578735,0,0,-1.5661093050729196,0,1.0,0.0,0.0,1
-0.04796277715589489,1,-0.1321549617644103,0.7284708502912138,-1.0223976130812507,0.7168853643458143,1,0,-0.5365108450661498,1,0.0,0.0,1.0,0
0.7393201770350974,0,-1.2052259367575118,1.422158233237547,0.9348165285468484,-1.0457411022578735,1,1,0.816673417192358,0,1.0,0.0,0.0,0
0.5188809498616196,1,-0.03460305494685562,-1.3525912985477861,-1.0223976130812507,0.7168853643458143,1,0,0.3932428916883267,1,1.0,0.0,0.0,0
0.4768925256381,1,-0.1321549617644103,1.7690019247107138,1.4022208939034821,-1.0457411022578735,1,1,-0.08648941206765987,0,1.0,0.0,0.0,0
0.7708114952027372,1,-1.3027778435750665,0.03478346734488051,1.673796213708776,-1.0457411022578735,1,1,-0.7530747767450481,0,0.0,0.0,1.0,0
-1.8429679127113574,1,0.16050075868825375,-0.6589039156014528,-1.0223976130812507,-1.0457411022578735,1,1,-1.1692476531794345,1,1.0,0.0,0.0,0
0.5083838438057396,1,-0.22970686858196498,-1.3525912985477861,0.775689109962678,-1.0457411022578735,1,1,-1.3516391128511944,0,0.0,0.0,1.0,0
-0.22641358010585316,0,-0.5223625890346291,0.03478346734488051,-1.0223976130812507,0.7168853643458143,1,0,0.40313506459433057,1,1.0,0.0,0.0,0
0.9492622981526954,1,0.3556045723233631,-0.31206022412828616,0.2696680778629988,-1.0457411022578735,1,0,0.2694093411850854,0,1.0,0.0,0.0,1
1.0437362526556144,0,0.06294885187069905,0.03478346734488051,1.3834928390072385,0.7168853643458143,1,1,0.16282138197969645,0,0.0,1.0,0.0,0
0.29844172268814173,1,0.4531564791409178,1.422158233237547,-1.0223976130812507,0.7168853643458143,1,0,0.14049064786698215,1,0.0,0.0,1.0,0
0.35092725296754124,0,-1.2052259367575118,0.03478346734488051,1.5165698212357066,-1.0457411022578735,1,1,-0.8694594865245343,0,1.0,0.0,0.0,0
-1.0241936403527254,0,-1.1076740299399572,-1.3525912985477861,-1.0223976130812507,-1.0457411022578735,0,1,-1.7117600440480705,1,0.0,0.0,1.0,0
-1.7274997460966786,0,-0.8150183094872931,1.7690019247107138,0.22061235839937898,0.7168853643458143,0,1,0.8151948915332569,0,0.0,1.0,0.0,0
-0.06895698926765469,0,-1.1076740299399572,0.38162715881804715,-1.0223976130812507,0.7168853643458143,1,0,-1.7125917797919956,1,1.0,0.0,0.0,0
0.22496198029698244,1,-0.22970686858196498,-0.6589039156014528,1.3252563972738087,0.7168853643458143,0,1,-0.17604327056173025,0,0.0,1.0,0.0,0
-0.32088753460877223,1,-1.1076740299399572,-0.31206022412828616,0.8313449433817592,0.7168853643458143,0,1,-1.2631519025326878,0,0.0,1.0,0.0,0
-0.0059743529323753,0,0.16050075868825375,1.7690019247107138,1.6817322970393833,-1.0457411022578735,0,1,0.9051857843074582,0,0.0,0.0,1.0,0
-0.5413267617822501,1,0.06294885187069905,-0.6589039156014528,-1.0223976130812507,0.7168853643458143,1,0,1.7293448215841163,1,1.0,0.0,0.0,0
0.35092725296754124,1,1.5262274541340193,0.03478346734488051,-1.0223976130812507,-1.0457411022578735,1,0,-1.5070829590023154,1,1.0,0.0,0.0,1
-0.18442515588233357,0,0.3556045723233631,-0.31206022412828616,-1.0223976130812507,0.7168853643458143,0,0,1.179225015425611,1,1.0,0.0,0.0,0
1.0332391465997346,0,0.4531564791409178,1.422158233237547,-1.0223976130812507,0.7168853643458143,1,0,-1.4165344528194834,1,1.0,0.0,0.0,0
1.1592044192702933,0,-0.3272587753995197,-1.0057476070746194,-1.0223976130812507,0.7168853643458143,0,0,0.7727087054849944,1,1.0,0.0,0.0,0
0.3194359347999015,0,0.06294885187069905,-1.0057476070746194,-1.0223976130812507,2.479511830949502,0,0,1.5343388766246397,1,0.0,0.0,1.0,1
0.6343491164762984,1,-1.0101221231224025,-0.31206022412828616,1.0427138545548968,-1.0457411022578735,1,1,-0.7883878058611901,0,1.0,0.0,0.0,0
-0.55182386783813,0,0.8433641064111366,-0.31206022412828616,0.8929256576214321,-1.0457411022578735,0,1,-0.9010723845996474,0,0.0,1.0,0.0,1
2.030464221908325,0,0.3556045723233631,1.422158233237547,0.8027792958139878,-1.0457411022578735,1,1,1.7085826571127924,0,1.0,0.0,0.0,0
1.0227420405438548,1,0.16050075868825375,-1.0057476070746194,1.564898118743918,-1.0457411022578735,0,1,-1.6683116539038945,0,0.0,0.0,1.0,0
0.6238520104204186,0,-0.9125702163048478,1.0753145417643806,-1.0223976130812507,0.7168853643458143,0,0,-0.3660173357170637,1,0.0,0.0,1.0,0
1.8415163129024867,0,0.16050075868825375,1.422158233237547,0.7115749828543905,0.7168853643458143,1,1,0.6059380550414457,0,0.0,1.0,0.0,0
-1.9584360793260362,0,-1.3027778435750665,1.0753145417643806,1.0389651186894802,0.7168853643458143,1,1,1.4494780619088705,0,1.0,0.0,0.0,0
0.4349041014145804,1,-0.1321549617644103,1.0753145417643806,-1.0223976130812507,0.7168853643458143,0,0,0.7857730636938617,1,1.0,0.0,0.0,0
1.600082873617249,0,0.9409160132286912,-1.0057476070746194,-1.0223976130812507,-1.0457411022578735,1,0,1.0628874963266313,1,0.0,0.0,1.0,1
2.030464221908325,0,-0.8150183094872931,-0.6589039156014528,0.6674788121080046,0.7168853643458143,1,1,-0.9851115262901289,0,0.0,1.0,0.0,0
-0.20541936799409335,1,-1.1076740299399572,-1.3525912985477861,-1.0223976130812507,0.7168853643458143,1,0,-0.1461247261109754,1,1.0,0.0,0.0,0
-0.7617659889557279,1,-0.3272587753995197,0.38162715881804715,1.5808248903747697,0.7168853643458143,1,1,0.8418774044663456,0,1.0,0.0,0.0,0
0.9387651920968155,1,-0.22970686858196498,0.7284708502912138,1.2713456678106385,-1.0457411022578735,1,1,1.6260846728301726,0,1.0,0.0,0.0,0
1.4426262827790506,0,-0.1321549617644103,1.422158233237547,-1.0223976130812507,0.7168853643458143,1,0,-0.5500622041580367,1,0.0,0.0,1.0,0
-1.2446328675262033,0,0.3556045723233631,-1.3525912985477861,0.5649901163963924,0.7168853643458143,0,1,-0.0982999208352782,0,0.0,1.0,0.0,0
1.1592044192702933,1,0.4531564791409178,-1.3525912985477861,0.20837021414451695,0.7168853643458143,1,0,-0.37953763917729394,0,1.0,0.0,0.0,0
0.21446487424110255,0,-1.2052259367575118,0.38162715881804715,0.5678097623949367,-1.0457411022578735,0,1,0.8923386420250398,0,0.0,1.0,0.0,0
0.6553433285880582,1,0.5507083859584725,-0.31206022412828616,-1.0223976130812507,-1.0457411022578735,0,0,-0.2557441660534533,1,0.0,0.0,1.0,1
-0.3313846406646521,0,1.2335717336813552,0.7284708502912138,1.172995513352417,-1.0457411022578735,1,0,-1.0556511839382505,0,1.0,0.0,0.0,1
1.0332391465997346,1,-0.9125702163048478,1.422158233237547,0.8627767880873827,-1.0457411022578735,1,1,-1.3506843690466845,0,1.0,0.0,0.0,0
2.030464221908325,1,-1.0101221231224025,-1.0057476070746194,0.606090423336613,0.7168853643458143,1,1,-1.1168975739344422,0,0.0,1.0,0.0,0
-0.4678470193910908,0,-0.03460305494685562,0.7284708502912138,0.7593588414322916,-1.0457411022578735,1,1,1.627199205666838,0,1.0,0.0,0.0,0
0.07800249551466389,1,-1.2052259367575118,0.7284708502912138,0.8500235477597766,0.7168853643458143,1,1,-0.07926073668788482,0,0.0,1.0,0.0,0
0.7078288588674577,0,0.2580526655058084,0.03478346734488051,0.7461953389876737,-1.0457411022578735,0,1,0.8653938044267827,0,1.0,0.0,0.0,0
-0.25790489827349283,0,-1.1076740299399572,-0.6589039156014528,0.7071756585749137,-1.0457411022578735,1,1,-0.6421095349323935,0,1.0,0.0,0.0,0
0.06750538945878398,1,0.5507083859584725,-1.0057476070746194,0.8626593632411709,0.7168853643458143,0,1,0.7801481774707079,0,0.0,1.0,0.0,0
1.8625105250142464,1,0.16050075868825375,0.7284708502912138,-1.0223976130812507,0.7168853643458143,0,0,-0.9485824696752028,1,0.0,0.0,1.0,0
1.3061639040526118,1,-0.9125702163048478,1.422158233237547,-1.0223976130812507,0.7168853643458143,0,0,1.2558236441594852,1,1.0,0.0,0.0,0
-1.4965634128673209,0,0.6482602927760271,-0.6589039156014528,0.733856548768851,-1.0457411022578735,0,1,0.9662569442032399,0,0.0,1.0,0.0,1
-0.19492226193821346,1,1.8188831745866834,0.38162715881804715,-1.0223976130812507,-1.0457411022578735,1,0,-1.1457121687526155,1,1.0,0.0,0.0,1
0.04651117734702419,1,0.3556045723233631,-1.0057476070746194,1.8579889241226795,-1.0457411022578735,0,0,-1.2206258126001732,0,0.0,0.0,1.0,1
0.14098513184994327,1,-1.5954335640277306,-1.0057476070746194,0.8298456423275204,-1.0457411022578735,1,1,-1.081239983452544,0,1.0,0.0,0.0,0
-0.341881746720532,0,-1.4978816572101759,0.03478346734488051,-1.0223976130812507,0.7168853643458143,0,0,0.5674155391654222,1,1.0,0.0,0.0,0
-0.27889911038525267,0,-1.2052259367575118,0.03478346734488051,-1.0223976130812507,0.7168853643458143,1,0,1.438253446259157,1,1.0,0.0,0.0,0
0.9702565102644553,1,-0.22970686858196498,0.7284708502912138,-1.0223976130812507,0.7168853643458143,0,0,-0.3396854564799435,1,0.0,0.0,1.0,0
0.3614243590234211,0,-0.5223625890346291,0.38162715881804715,-1.0223976130812507,0.7168853643458143,1,0,1.1166369874428168,1,1.0,0.0,0.0,0
0.8127999194262567,1,-0.8150183094872931,-0.6589039156014528,-1.0223976130812507,0.7168853643458143,1,0,0.13752336033499382,1,1.0,0.0,0.0,0
-0.3838701709440516,1,0.3556045723233631,-0.31206022412828616,-1.0223976130812507,0.7168853643458143,1,0,-1.621855204867734,1,1.0,0.0,0.0,0
-0.32088753460877223,1,-0.3272587753995197,-0.31206022412828616,0.39684530722150485,-1.0457411022578735,1,1,-1.1604762589354576,0,0.0,1.0,0.0,0
-0.28939621644113256,1,-0.42481068221707435,0.38162715881804715,-1.0223976130812507,0.7168853643458143,1,0,1.572457842784274,1,0.0,0.0,1.0,0
1.1172159950467737,0,1.4286755473164647,-0.31206022412828616,-1.0223976130812507,-1.0457411022578735,1,0,-0.3905356701625173,1,1.0,0.0,0.0,1
1.3586494343320115,1,-0.9125702163048478,0.7284708502912138,0.2806386833853556,0.7168853643458143,1,0,-0.6032086261365743,0,0.0,0.0,1.0,0
0.9072738739291758,1,-1.3027778435750665,0.38162715881804715,-1.0223976130812507,0.7168853643458143,1,0,0.520945210517348,1,0.0,0.0,1.0,0
-0.3943672769999315,1,-0.03460305494685562,1.7690019247107138,0.3411446945057886,-1.0457411022578735,1,1,1.475414025216154,0,0.0,1.0,0.0,0
1.1067188889908939,1,-1.79053737766284,-1.3525912985477861,1.223534587286222,-1.0457411022578735,1,1,-0.24474578807793204,0,1.0,0.0,0.0,0
1.1801986313820532,1,2.1115388950393474,1.422158233237547,1.3751695275143638,-1.0457411022578735,1,0,1.6155531703003967,0,0.0,1.0,0.0,1
-0.656794928396929,1,0.16050075868825375,1.422158233237547,0.9494566202441744,0.7168853643458143,0,1,1.581739312766077,0,1.0,0.0,0.0,0
-0.32088753460877223,0,-0.6199144958521837,-1.6994349900209527,-1.0223976130812507,0.7168853643458143,0,0,1.5173700100893155,1,1.0,0.0,0.0,0
1.6630655099525284,1,-1.4003297503926213,0.7284708502912138,1.7468752204340292,-1.0457411022578735,0,1,1.3587333327126092,0,1.0,0.0,0.0,0
0.9807536163203351,0,-0.6199144958521837,0.03478346734488051,-1.0223976130812507,0.7168853643458143,1,0,-0.07117013740827229,1,1.0,0.0,0.0,0
-0.7827602010674878,1,-1.79053737766284,-0.31206022412828616,-1.0223976130812507,-1.0457411022578735,1,1,-0.7625103104190928,1,1.0,0.0,0.0,0
-0.7722630950116078,0,-0.6199144958521837,0.7284708502912138,0.5038604166552016,0.7168853643458143,1,1,-1.4151058937632717,0,0.0,1.0,0.0,0
-0.13193962560293407,0,0.7458121995935818,1.422158233237547,0.5149379770443412,-1.0457411022578735,1,0,0.15696869662601032,0,1.0,0.0,0.0,1
-0.2684020043293727,0,-0.6199144958521837,-1.0057476070746194,1.3423839950068681,0.7168853643458143,1,1,1.410110971647902,0,0.0,1.0,0.0,0
0.9702565102644553,1,-0.03460305494685562,1.422158233237547,1.0615844622479822,-1.0457411022578735,1,1,-1.494908283917113,0,0.0,0.0,1.0,0
0.27744751057638195,0,-1.2052259367575118,0.7284708502912138,-1.0223976130812507,0.7168853643458143,1,0,-0.22717177046317272,1,1.0,0.0,0.0,0
0.4454012074704603,1,0.06294885187069905,-1.0057476070746194,0.7450054660947147,-1.0457411022578735,1,1,1.393318376183881,0,1.0,0.0,0.0,0
0.991250722376215,0,-0.8150183094872931,0.38162715881804715,-1.0223976130812507,0.7168853643458143,1,0,-1.4564485732849985,1,1.0,0.0,0.0,0
-0.037465671100014995,0,-0.03460305494685562,0.03478346734488051,0.8181960989083421,0.7168853643458143,1,1,-0.17677038873085638,0,0.0,1.0,0.0,0
0.26695040452050206,0,1.33112364049891,0.03478346734488051,0.7924602451653305,-1.0457411022578735,1,0,-1.3641652891081102,0,1.0,0.0,0.0,1
1.0122449344879747,0,0.7458121995935818,1.422158233237547,0.8124210193318891,2.479511830949502,1,0,-0.12826912586951808,0,0.0,1.0,0.0,1
0.41390988930282063,1,0.3556045723233631,-0.31206022412828616,-1.0223976130812507,-1.0457411022578735,0,0,0.462182750568252,1,1.0,0.0,0.0,1
-0.5308296557263702,1,-0.3272587753995197,-1.0057476070746194,1.1064594383872823,-1.0457411022578735,0,1,1.1294877731233623,0,1.0,0.0,0.0,0
-0.5203325496704903,0,-1.6929854708452852,-1.6994349900209527,-1.0223976130812507,0.7168853643458143,1,0,0.28440903778016136,1,1.0,0.0,0.0,0
-0.7512688828998481,0,-0.03460305494685562,0.03478346734488051,-1.0223976130812507,-1.0457411022578735,1,1,-0.21426737478161045,1,1.0,0.0,0.0,0
0.22496198029698244,1,-0.9125702163048478,0.38162715881804715,-1.0223976130812507,0.7168853643458143,1,0,-0.6119149596997059,1,0.0,0.0,1.0,0
-0.11094541349117427,0,-0.8150183094872931,0.03478346734488051,-1.0223976130812507,0.7168853643458143,1,0,-1.488211718159077,1,1.0,0.0,0.0,0
-1.1186675948556444,0,0.16050075868825375,1.0753145417643806,1.4016493941032635,-1.0457411022578735,0,0,1.158159928424272,0,1.0,0.0,0.0,1
-0.4678470193910908,1,-1.4003297503926213,-1.3525912985477861,1.920553333198862,-1.0457411022578735,1,1,1.2513068714524873,0,1.0,0.0,0.0,0
-0.4678470193910908,1,0.06294885187069905,0.03478346734488051,1.7205498263108596,-1.0457411022578735,1,1,-0.6959317205159765,0,0.0,0.0,1.0,0
0.6448462225321784,0,-1.3027778435750665,0.7284708502912138,-1.0223976130812507,0.7168853643458143,1,0,-1.2029024156621937,1,1.0,0.0,0.0,0
0.7078288588674577,0,-0.3272587753995197,-1.6994349900209527,1.747845384835585,0.7168853643458143,0,1,1.1728178395759747,0,0.0,1.0,0.0,0
-0.13193962560293407,1,-1.9856411912979492,1.0753145417643806,-1.0223976130812507,0.7168853643458143,1,0,-0.7033699780356478,1,0.0,0.0,1.0,0
1.9254931613495259,0,0.4531564791409178,0.7284708502912138,-1.0223976130812507,0.7168853643458143,1,0,-0.15275657817846383,1,1.0,0.0,0.0,0
0.5818635861968989,0,-0.9125702163048478,1.0753145417643806,1.2354230073129893,-1.0457411022578735,1,1,-1.0677510826142682,0,1.0,0.0,0.0,0
-0.25790489827349283,0,0.2580526655058084,-0.6589039156014528,0.2964554396938993,-1.0457411022578735,1,1,-1.1463067366279664,0,0.0,1.0,0.0,0
0.8232970254821367,1,-0.03460305494685562,0.7284708502912138,0.3649827436698314,0.7168853643458143,0,0,-0.10816815141073066,0,0.0,0.0,1.0,0
-1.7065055339849187,1,-1.0101221231224025,1.422158233237547,0.8256626439307082,0.7168853643458143,0,1,-0.35104782727789974,0,1.0,0.0,0.0,0
0.9387651920968155,1,0.9409160132286912,0.03478346734488051,1.6399155213530032,-1.0457411022578735,1,0,0.9381377179419401,0,1.0,0.0,0.0,1
-0.20541936799409335,0,-0.5223625890346291,1.422158233237547,0.8124828727488238,-1.0457411022578735,0,1,-0.596773170577664,0,1.0,0.0,0.0,0
0.22496198029698244,0,-1.1076740299399572,0.03478346734488051,0.38057721426126623,0.7168853643458143,1,0,0.8646536741214881,0,0.0,0.0,1.0,0
0.10949381368230357,0,0.5507083859584725,0.03478346734488051,1.2392255427650107,0.7168853643458143,0,1,-0.7382117943273215,0,0.0,1.0,0.0,0
1.2536783737732125,0,-0.7174664026697384,0.03478346734488051,-1.0223976130812507,0.7168853643458143,1,0,-0.12258594527632716,1,1.0,0.0,0.0,0
-0.7407717768439681,1,-1.1076740299399572,0.03478346734488051,1.0753320284681342,0.7168853643458143,1,1,1.608535118031411,0,1.0,0.0,0.0,0
0.8127999194262567,0,-0.1321549617644103,-1.6994349900209527,1.4382124951887567,-1.0457411022578735,1,1,-0.8800213507053712,0,0.0,0.0,1.0,0
-0.9402167919056862,0,0.2580526655058084,1.422158233237547,1.1987094606769308,-1.0457411022578735,1,0,0.7338124810581959,0,1.0,0.0,0.0,1
0.28794461663226184,0,-0.03460305494685562,-0.6589039156014528,-1.0223976130812507,0.7168853643458143,1,0,-0.9621687012920229,1,0.0,0.0,1.0,0
1.190695737437933,0,-0.1321549617644103,1.422158233237547,-1.0223976130812507,0.7168853643458143,0,0,-1.3359627851753284,1,1.0,0.0,0.0,0
1.5161060251702099,1,-0.03460305494685562,0.03478346734488051,-1.0223976130812507,0.7168853643458143,1,0,-0.5804686169675564,1,1.0,0.0,0.0,0
0.025516965235264394,0,-0.6199144958521837,-0.6589039156014528,1.4086307763865484,0.7168853643458143,0,1,1.3001535631553267,0,0.0,1.0,0.0,0
0.6238520104204186,0,0.06294885187069905,1.7690019247107138,0.834836762059648,-1.0457411022578735,1,0,-0.9748034855121627,0,0.0,1.0,0.0,1
-1.381095246252642,1,1.2335717336813552,1.7690019247107138,-1.0223976130812507,2.479511830949502,1,0,1.2375710870172978,1,1.0,0.0,0.0,1
-0.07945409532353459,1,-0.5223625890346291,-1.0057476070746194,-1.0223976130812507,0.7168853643458143,1,0,-1.695093232567017,1,1.0,0.0,0.0,0
1.5580944493937294,0,0.06294885187069905,0.03478346734488051,1.639749773524811,-1.0457411022578735,1,0,-1.4851837073249665,0,0.0,0.0,1.0,1
0.7603143891468572,0,-0.03460305494685562,1.7690019247107138,-1.0223976130812507,0.7168853643458143,1,0,1.5616907338422639,1,0.0,0.0,1.0,0
-0.25790489827349283,0,-0.42481068221707435,-1.0057476070746194,-1.0223976130812507,0.7168853643458143,0,0,1.1393763026312387,1,1.0,0.0,0.0,0
1.5266031312260897,0,2.1115388950393474,-0.6589039156014528,0.47379562910979783,-1.0457411022578735,1,0,-1.0451344284961328,0,1.0,0.0,0.0,1
-0.17392804982645366,0,0.3556045723233631,0.03478346734488051,1.814147415491329,-1.0457411022578735,1,1,-1.5841647717259335,0,1.0,0.0,0.0,0
0.5188809498616196,1,-0.42481068221707435,-1.6994349900209527,1.243004077802649,0.7168853643458143,1,1,-0.38935260674202793,0,0.0,1.0,0.0,0
1.1067188889908939,0,0.4531564791409178,0.03478346734488051,1.1393256702746846,-1.0457411022578735,1,1,0.6984463624264845,0,0.0,0.0,1.0,0
0.09899670762642368,0,-0.42481068221707435,1.422158233237547,0.844433867357521,-1.0457411022578735,1,1,-1.29459616332305,0,1.0,0.0,0.0,0
1.4531233888349304,1,-0.9125702163048478,-0.31206022412828616,-1.0223976130812507,0.7168853643458143,0,0,0.971538657021829,1,0.0,0.0,1.0,0
1.2431812677173326,1,-0.7174664026697384,1.422158233237547,-1.0223976130812507,0.7168853643458143,1,0,1.2069172701254176,1,1.0,0.0,0.0,0
-0.5623209738940099,1,1.2335717336813552,1.0753145417643806,1.9869252711018712,-1.0457411022578735,1,0,-0.10364426540262704,0,1.0,0.0,0.0,1
-0.25790489827349283,1,-0.6199144958521837,0.38162715881804715,0.7750454478427019,-1.0457411022578735,1,1,1.2260794623333953,0,1.0,0.0,0.0,0
0.791805707314497,0,-0.3272587753995197,-0.6589039156014528,-1.0223976130812507,0.7168853643458143,1,0,-0.15331176265500962,1,1.0,0.0,0.0,0
-1.045187852464485,1,-0.22970686858196498,-0.6589039156014528,-1.0223976130812507,-1.0457411022578735,0,1,0.7697009935833072,1,1.0,0.0,0.0,0
-1.3181126099173626,0,0.8433641064111366,0.38162715881804715,-1.0223976130812507,-1.0457411022578735,0,0,1.6531438437315675,1,1.0,0.0,0.0,1
0.14098513184994327,0,-0.9125702163048478,1.422158233237547,-1.0223976130812507,0.7168853643458143,1,0,-1.2553140856850524,1,0.0,0.0,1.0,0
0.6448462225321784,1,-0.6199144958521837,1.422158233237547,1.7150575972555973,0.7168853643458143,1,1,-1.2445579069374244,0,0.0,1.0,0.0,0
-0.3943672769999315,1,1.8188831745866834,-0.6589039156014528,1.199596026319661,-1.0457411022578735,1,1,-0.47269828832227384,0,0.0,1.0,0.0,1
1.5266031312260897,1,0.2580526655058084,0.38162715881804715,-1.0223976130812507,0.7168853643458143,1,0,-0.9089681488270221,1,0.0,0.0,1.0,0
0.5608693740851391,0,0.2580526655058084,-1.0057476070746194,1.4914774685360646,-1.0457411022578735,1,1,-1.556767285284143,0,1.0,0.0,0.0,0
-0.6882862465645686,1,-0.9125702163048478,-1.3525912985477861,0.5487635812006568,-1.0457411022578735,1,1,1.6767015355374484,0,0.0,0.0,1.0,0
-0.037465671100014995,1,-0.42481068221707435,0.03478346734488051,0.8918166451849865,-1.0457411022578735,1,1,-0.8135791279893066,0,1.0,0.0,0.0,0
-0.16343094377057377,1,-0.1321549617644103,0.7284708502912138,-1.0223976130812507,0.7168853643458143,1,0,-0.42446125857274153,1,1.0,0.0,0.0,0
0.7078288588674577,1,0.2580526655058084,-1.0057476070746194,1.0376525054222916,0.7168853643458143,0,1,1.7337689478815905,0,0.0,1.0,0.0,0
0.26695040452050206,1,-0.6199144958521837,-1.0057476070746194,0.6715464796544907,0.7168853643458143,1,1,1.1182950805810503,0,0.0,1.0,0.0,0
-0.35237885277641195,0,-0.9125702163048478,-1.3525912985477861,-1.0223976130812507,0.7168853643458143,0,0,-1.0467231235747985,1,1.0,0.0,0.0,0
0.7708114952027372,0,-0.3272587753995197,-1.6994349900209527,1.481869248952336,-1.0457411022578735,1,1,-0.7979966611890065,0,1.0,0.0,0.0,0
-1.2341357614703234,0,-1.5954335640277306,-1.6994349900209527,0.6026387127337677,0.7168853643458143,1,1,-1.0572960914451663,0,1.0,0.0,0.0,0
1.3796436464437711,1,-0.42481068221707435,0.38162715881804715,1.4981068984339274,-1.0457411022578735,0,1,1.4136931259876646,0,0.0,0.0,1.0,0
1.0542333587114945,1,-1.2052259367575118,1.0753145417643806,0.935996897920018,0.7168853643458143,1,1,0.4744299466257031,0,0.0,1.0,0.0,0
-1.8009794884878378,0,0.06294885187069905,-1.0057476070746194,0.1911477422901693,-1.0457411022578735,1,1,-0.5039765142551194,0,1.0,0.0,0.0,0
-0.9402167919056862,0,-0.03460305494685562,-1.3525912985477861,1.0051968578051143,0.7168853643458143,1,1,0.14101963457604103,0,1.0,0.0,0.0,0
-1.3915923523085219,0,-0.7174664026697384,1.7690019247107138,0.06066505988761135,0.7168853643458143,1,1,1.077363584562265,0,0.0,1.0,0.0,0
0.6133549043645387,0,-0.6199144958521837,1.7690019247107138,-1.0223976130812507,0.7168853643458143,1,0,-0.6732673552318881,1,1.0,0.0,0.0,0
0.3194359347999015,1,0.2580526655058084,1.7690019247107138,1.1411545340660278,0.7168853643458143,1,1,1.706340579303292,0,0.0,1.0,0.0,0
0.8127999194262567,1,-0.42481068221707435,0.38162715881804715,1.129560078846307,-1.0457411022578735,1,1,-1.5025785044508908,0,1.0,0.0,0.0,0
0.8232970254821367,1,-0.42481068221707435,0.03478346734488051,-1.0223976130812507,0.7168853643458143,0,0,-0.4965118854728122,1,0.0,0.0,1.0,0
1.8415163129024867,0,-0.9125702163048478,0.03478346734488051,-1.0223976130812507,0.7168853643458143,1,0,1.3717551846099907,1,1.0,0.0,0.0,0
-1.3496039280850023,1,0.06294885187069905,-1.6994349900209527,1.0334492113730476,-1.0457411022578735,0,1,-1.3448616983537616,0,0.0,1.0,0.0,1
0.03601407129114429,1,-1.4003297503926213,0.03478346734488051,0.34819195712117357,-1.0457411022578735,1,1,-0.4870982121875316,0,0.0,1.0,0.0,0
-0.32088753460877223,1,-1.2052259367575118,1.0753145417643806,-1.0223976130812507,0.7168853643458143,0,0,1.591073698768301,1,0.0,0.0,1.0,0
-1.0556849585203651,0,0.06294885187069905,1.422158233237547,0.4206611278138367,-1.0457411022578735,1,1,-0.08354676084681824,0,1.0,0.0,0.0,0
-0.5413267617822501,0,-1.0101221231224025,0.38162715881804715,-1.0223976130812507,0.7168853643458143,0,0,1.0374126831251784,1,1.0,0.0,0.0,0
0.9807536163203351,0,-0.03460305494685562,-1.3525912985477861,-1.0223976130812507,0.7168853643458143,1,0,-0.901283354700735,1,1.0,0.0,0.0,0
0.057008283402904085,1,-0.8150183094872931,0.03478346734488051,0.8346011069841912,0.7168853643458143,1,1,0.8652950856870474,0,0.0,1.0,0.0,0
0.3614243590234211,0,-0.5223625890346291,-1.3525912985477861,1.0443252649273298,-1.0457411022578735,1,1,0.24058884753184845,0,1.0,0.0,0.0,0
0.9177709799850557,1,-0.6199144958521837,-0.31206022412828616,0.5256585916732537,-1.0457411022578735,1,1,-0.3452699183333984,0,0.0,1.0,0.0,0
0.781308601258617,0,0.06294885187069905,-1.0057476070746194,-1.0223976130812507,0.7168853643458143,1,0,0.6423401132073622,1,0.0,0.0,1.0,0
-0.49933833755873047,1,0.06294885187069905,-0.6589039156014528,0.9391725232191498,-1.0457411022578735,1,1,0.6711843756960012,0,1.0,0.0,0.0,0
-0.8562399434586471,1,-0.22970686858196498,-1.3525912985477861,-1.0223976130812507,-1.0457411022578735,0,1,-0.08922942095456242,1,1.0,0.0,0.0,0
1.2326841616614526,1,2.1115388950393474,0.03478346734488051,0.3611143278857103,-1.0457411022578735,1,0,-0.44376814573491946,0,1.0,0.0,0.0,1
1.9884757976848053,0,-0.1321549617644103,0.38162715881804715,1.0249500042257647,-1.0457411022578735,1,1,-1.0096926659794918,0,1.0,0.0,0.0,0
-0.9192225797939264,1,-0.03460305494685562,0.7284708502912138,-1.0223976130812507,-1.0457411022578735,1,1,0.15190524070476366,1,1.0,0.0,0.0,0
1.5371002372819698,0,1.1360198268638007,1.0753145417643806,0.5589400790524723,-1.0457411022578735,0,0,-1.3403603667150177,0,0.0,1.0,0.0,1
1.3376552222202516,1,-1.0101221231224025,-1.0057476070746194,0.7488017195590786,0.7168853643458143,1,1,1.2338326135483573,0,0.0,1.0,0.0,0
-0.06895698926765469,0,-0.3272587753995197,-0.6589039156014528,1.6511910448916547,0.7168853643458143,1,1,-1.3052291605149444,0,0.0,1.0,0.0,0
0.17247645001758297,0,-0.3272587753995197,0.38162715881804715,-1.0223976130812507,0.7168853643458143,1,0,-0.01899459428309437,1,0.0,0.0,1.0,0
-1.4965634128673209,1,0.4531564791409178,-1.3525912985477861,0.516791002326675,-1.0457411022578735,0,1,1.7273241235846384,0,0.0,1.0,0.0,1
-0.8352457313468872,1,-0.9125702163048478,-1.0057476070746194,-1.0223976130812507,-1.0457411022578735,1,1,1.2007738069021403,1,0.0,0.0,1.0,0
0.5713664801410191,1,-0.03460305494685562,-0.6589039156014528,-1.0223976130812507,0.7168853643458143,1,0,-0.5417576853598054,1,1.0,0.0,0.0,0
0.07800249551466389,1,0.2580526655058084,0.7284708502912138,0.9657498411550429,-1.0457411022578735,1,1,1.1313705424794482,0,0.0,0.0,1.0,0
1.400637858555531,0,-0.7174664026697384,1.422158233237547,-1.0223976130812507,0.7168853643458143,1,0,-0.2704244580793664,1,1.0,0.0,0.0,0
1.085724676879134,1,0.4531564791409178,0.38162715881804715,1.80829018684551,-1.0457411022578735,1,1,0.9997428959060998,0,0.0,0.0,1.0,0
-1.150158913023284,0,-0.3272587753995197,-0.31206022412828616,-1.0223976130812507,-1.0457411022578735,1,1,0.582494696538704,1,1.0,0.0,0.0,0
-0.2684020043293727,0,-0.7174664026697384,-1.0057476070746194,0.39768354988225474,0.7168853643458143,1,0,0.4843510932215766,0,0.0,0.0,1.0,0
-0.43635570122345113,1,-0.6199144958521837,0.03478346734488051,1.2088650185698882,-1.0457411022578735,1,1,-0.7428456762598408,0,0.0,0.0,1.0,0
0.5608693740851391,0,-0.5223625890346291,-1.0057476070746194,-1.0223976130812507,0.7168853643458143,1,0,-0.4644168443788487,1,1.0,0.0,0.0,0
1.0647304647673743,0,0.06294885187069905,0.38162715881804715,1.0290379674246823,-1.0457411022578735,0,1,-0.7483992559767879,0,1.0,0.0,0.0,0
0.32993304085578146,1,-0.6199144958521837,0.38162715881804715,0.9778404123230939,-1.0457411022578735,1,1,0.6774211793093972,0,0.0,0.0,1.0,0
-1.2866212917497228,0,-0.42481068221707435,0.7284708502912138,0.9355139902534293,0.7168853643458143,1,1,-0.5124111544150414,0,1.0,0.0,0.0,0
0.5398751619733794,1,-0.5223625890346291,-0.6589039156014528,-1.0223976130812507,0.7168853643458143,1,0,0.6748891911060504,1,0.0,0.0,1.0,0
-0.05845988321177479,1,1.7213312677691288,-1.0057476070746194,-1.0223976130812507,-1.0457411022578735,1,0,0.25693018211352714,1,1.0,0.0,0.0,1
0.09899670762642368,1,1.4286755473164647,0.03478346734488051,0.01890949331173943,-1.0457411022578735,1,0,0.49109311470862943,0,1.0,0.0,0.0,1
-0.55182386783813,1,-1.0101221231224025,0.7284708502912138,-1.0223976130812507,0.7168853643458143,0,0,-0.7133768312350879,1,1.0,0.0,0.0,0
0.6658404346439382,1,-0.9125702163048478,-1.0057476070746194,-1.0223976130812507,0.7168853643458143,1,0,-1.0372943562115617,1,1.0,0.0,0.0,0
-0.9402167919056862,1,1.5262274541340193,1.422158233237547,0.5304285532245187,-1.0457411022578735,0,0,-0.8271957212571879,0,1.0,0.0,0.0,1
-2.0529100338289554,0,-0.3272587753995197,0.03478346734488051,-1.0223976130812507,-1.0457411022578735,1,1,-0.7894825602508789,1,1.0,0.0,0.0,0
0.781308601258617,1,-0.7174664026697384,-1.3525912985477861,1.1120649042969848,-1.0457411022578735,1,1,1.4877771160330844,0,1.0,0.0,0.0,0
1.211689949549693,1,-0.42481068221707435,1.422158233237547,-1.0223976130812507,0.7168853643458143,1,0,1.2364522168019088,1,1.0,0.0,0.0,0
1.1697015253261733,0,-0.22970686858196498,-0.6589039156014528,1.254177800925929,-1.0457411022578735,0,1,0.45380935419589885,0,1.0,0.0,0.0,0
0.004522753123504598,1,-0.03460305494685562,0.7284708502912138,-1.0223976130812507,0.7168853643458143,1,0,1.494038382462478,1,1.0,0.0,0.0,0
1.2326841616614526,1,-0.42481068221707435,-0.31206022412828616,0.9246195739659946,0.7168853643458143,0,1,0.23757818621262997,0,0.0,1.0,0.0,0
0.35092725296754124,1,-0.22970686858196498,1.7690019247107138,-1.0223976130812507,0.7168853643458143,1,0,-0.7600940434800761,1,0.0,0.0,1.0,0
0.4663954195822201,0,0.4531564791409178,-1.0057476070746194,1.5615378996536218,-1.0457411022578735,0,1,-1.083428277765879,0,1.0,0.0,0.0,0
0.15148223790582316,1,-1.1076740299399572,0.03478346734488051,-1.0223976130812507,0.7168853643458143,0,0,0.36745335828673237,1,1.0,0.0,0.0,0
1.3481523282761316,1,-1.0101221231224025,1.0753145417643806,-1.0223976130812507,0.7168853643458143,1,0,-0.3900576910272411,1,1.0,0.0,0.0,0
0.5188809498616196,0,0.4531564791409178,-1.3525912985477861,-1.0223976130812507,0.7168853643458143,1,0,-1.175444205918281,1,0.0,0.0,1.0,0
-0.656794928396929,1,-0.03460305494685562,0.38162715881804715,-0.004772955850326881,0.7168853643458143,1,1,-1.4790032896349694,0,0.0,1.0,0.0,0
1.3061639040526118,0,-1.1076740299399572,0.03478346734488051,-1.0223976130812507,0.7168853643458143,0,0,-0.4639903933028022,1,1.0,0.0,0.0,0
-0.2684020043293727,1,-1.1076740299399572,1.7690019247107138,1.138761096768549,-1.0457411022578735,1,1,1.336197353838722,0,0.0,0.0,1.0,0
-0.026968565044135095,0,0.16050075868825375,-0.6589039156014528,-1.0223976130812507,0.7168853643458143,1,0,1.182811680639246,1,1.0,0.0,0.0,0
0.3194359347999015,1,-0.03460305494685562,-1.6994349900209527,1.3043633117082454,-1.0457411022578735,0,1,0.6517036463946044,0,1.0,0.0,0.0,0
2.030464221908325,0,0.4531564791409178,-0.6589039156014528,-1.0223976130812507,0.7168853643458143,0,0,-1.6872023262038118,1,1.0,0.0,0.0,0
-1.968933185381916,1,-0.1321549617644103,1.422158233237547,0.5364452477108725,-1.0457411022578735,1,1,0.35006550096676475,0,0.0,0.0,1.0,0
-0.20541936799409335,1,1.1360198268638007,-0.31206022412828616,1.0127336322279585,-1.0457411022578735,0,1,-1.4294371135495567,0,0.0,1.0,0.0,1
-0.341881746720532,1,-0.22970686858196498,0.38162715881804715,-1.0223976130812507,0.7168853643458143,0,0,-0.25961206690348804,1,1.0,0.0,0.0,0
1.4321291767231707,1,-0.03460305494685562,1.422158233237547,-1.0223976130812507,0.7168853643458143,1,0,-0.19932146168269974,1,0.0,0.0,1.0,0
1.4531233888349304,1,-0.3272587753995197,1.0753145417643806,-1.0223976130812507,0.7168853643458143,1,0,1.1700816475823483,1,0.0,0.0,1.0,0
0.015019859179384495,1,-0.7174664026697384,0.03478346734488051,0.5896915361718146,-1.0457411022578735,0,1,-0.8658055051931184,0,1.0,0.0,0.0,0
-0.23691068616173305,1,-0.42481068221707435,-0.6589039156014528,1.3137112314957076,-1.0457411022578735,1,1,-1.0044147700541795,0,1.0,0.0,0.0,0
0.15148223790582316,1,-0.03460305494685562,-1.6994349900209527,0.47037887213058505,0.7168853643458143,1,0,-1.6666991899898267,0,0.0,0.0,1.0,0
0.06750538945878398,0,-1.0101221231224025,1.0753145417643806,-0.035405538433997984,0.7168853643458143,1,0,0.6304959463808534,0,0.0,0.0,1.0,0
-0.016471458988255198,0,0.5507083859584725,0.38162715881804715,1.3373547001189765,-1.0457411022578735,1,0,-0.604805822477537,0,0.0,1.0,0.0,1
0.8442912375938965,1,-0.7174664026697384,0.03478346734488051,0.9297255413186285,0.7168853643458143,1,1,-0.43066752703992783,0,0.0,1.0,0.0,0
1.1487073132144134,1,0.2580526655058084,0.38162715881804715,0.5756185952063295,0.7168853643458143,1,0,-0.6473317389149024,0,0.0,0.0,1.0,0
1.4531233888349304,1,-0.6199144958521837,-1.0057476070746194,0.8664705968299488,-1.0457411022578735,1,1,1.7107249752116638,0,1.0,0.0,0.0,0
0.4349041014145804,1,1.33112364049891,1.7690019247107138,0.7060250883739653,2.479511830949502,1,0,-1.2302070821993112,0,0.0,1.0,0.0,1
0.15148223790582316,0,-0.9125702163048478,-0.6589039156014528,-1.0223976130812507,0.7168853643458143,1,0,1.0119885305072105,1,1.0,0.0,0.0,0
0.7498172830909774,1,-0.8150183094872931,1.7690019247107138,0.8273325251113371,-1.0457411022578735,0,1,-1.0765568288977312,0,1.0,0.0,0.0,0
0.21446487424110255,0,-0.42481068221707435,1.7690019247107138,1.7428350969872717,-1.0457411022578735,1,1,-0.8490130832242463,0,0.0,0.0,1.0,0
0.34043014691166135,0,-0.03460305494685562,0.38162715881804715,0.9269683930434452,-1.0457411022578735,1,1,-1.518628367182383,0,0.0,0.0,1.0,0
0.19347066212934275,1,0.06294885187069905,-1.3525912985477861,-1.0223976130812507,0.7168853643458143,1,0,0.9267349227742854,1,1.0,0.0,0.0,0
0.4349041014145804,1,0.06294885187069905,1.422158233237547,1.1230008783489223,0.7168853643458143,0,1,-0.8054359596795712,0,0.0,1.0,0.0,0
-0.55182386783813,0,-0.3272587753995197,0.7284708502912138,1.3500275632198886,-1.0457411022578735,1,1,-0.7270584851838143,0,0.0,0.0,1.0,0
-0.6253036102292893,1,-0.03460305494685562,0.38162715881804715,0.8413017327421715,0.7168853643458143,1,1,-1.2952203988688662,0,0.0,0.0,1.0,0
-0.17392804982645366,0,-0.8150183094872931,0.38162715881804715,0.7091710755774824,-1.0457411022578735,1,1,1.5253452350948957,0,1.0,0.0,0.0,0
-0.4153614891116913,1,-0.42481068221707435,1.422158233237547,-1.0223976130812507,0.7168853643458143,1,0,0.33026484661075906,1,0.0,0.0,1.0,0
-0.21591647404997324,1,0.5507083859584725,-1.0057476070746194,-1.0223976130812507,0.7168853643458143,0,0,-0.23073466684140537,1,1.0,0.0,0.0,0
0.5188809498616196,0,0.8433641064111366,1.7690019247107138,1.298561976644917,-1.0457411022578735,1,0,0.7152396518711013,0,0.0,1.0,0.0,1
1.5790886615054893,1,-0.1321549617644103,1.7690019247107138,1.0733773638470354,0.7168853643458143,0,1,1.2558331863926762,0,0.0,1.0,0.0,0
0.4663954195822201,1,-0.22970686858196498,1.0753145417643806,-1.0223976130812507,0.7168853643458143,1,0,1.204886509407302,1,0.0,0.0,1.0,0
-1.6015344734261199,1,-0.42481068221707435,-1.6994349900209527,-0.13678538278577118,-1.0457411022578735,1,1,0.6453372419049648,0,0.0,0.0,1.0,0
0.991250722376215,0,-0.1321549617644103,-0.6589039156014528,0.5847257054669234,0.7168853643458143,1,0,-0.7780856639182873,0,0.0,0.0,1.0,0
-0.37337306488817174,1,1.4286755473164647,1.422158233237547,1.723827090948756,-1.0457411022578735,1,0,-1.1125470095801102,0,0.0,0.0,1.0,1
-0.656794928396929,0,-1.4003297503926213,-1.6994349900209527,0.5461428648112642,-1.0457411022578735,1,1,-0.491137699739849,0,0.0,0.0,1.0,0
-0.12144251954705418,0,-0.1321549617644103,-1.0057476070746194,1.1831452724875369,0.7168853643458143,0,1,0.9314369883003302,0,0.0,1.0,0.0,0
-1.045187852464485,1,-0.5223625890346291,-0.6589039156014528,-0.14447292491239347,-1.0457411022578735,1,1,-1.7235452225239463,0,1.0,0.0,0.0,0
1.085724676879134,0,1.2335717336813552,-1.0057476070746194,0.6036177363486867,-1.0457411022578735,0,0,1.3862468874090272,0,1.0,0.0,0.0,1
0.4873896316939799,0,-0.6199144958521837,0.38162715881804715,-1.0223976130812507,0.7168853643458143,0,0,-1.146925940814464,1,1.0,0.0,0.0,0
1.3586494343320115,1,0.16050075868825375,0.38162715881804715,-1.0223976130812507,0.7168853643458143,0,0,-1.0143360901452017,1,0.0,0.0,1.0,0
-0.05845988321177479,1,0.6482602927760271,-1.3525912985477861,-1.0223976130812507,-1.0457411022578735,1,0,-0.5547252332755747,1,1.0,0.0,0.0,1
0.8232970254821367,0,0.4531564791409178,1.422158233237547,0.569159262205037,-1.0457411022578735,0,0,1.4722178975827396,0,0.0,1.0,0.0,1
2.009470009796565,1,0.16050075868825375,-0.6589039156014528,0.7644245396332753,-1.0457411022578735,1,1,-1.1942845646250115,0,0.0,0.0,1.0,0
0.5713664801410191,0,-1.0101221231224025,1.0753145417643806,-1.0223976130812507,0.7168853643458143,0,0,0.09449031757733364,1,1.0,0.0,0.0,0
-0.35237885277641195,1,-0.5223625890346291,1.0753145417643806,0.5361702899434051,-1.0457411022578735,1,1,1.302330406788833,0,0.0,1.0,0.0,0
0.9282680860409356,1,-0.3272587753995197,1.422158233237547,0.4686326406384274,0.7168853643458143,1,0,1.0723068949518262,0,1.0,0.0,0.0,0
0.11999091973818347,0,-0.8150183094872931,1.0753145417643806,-1.0223976130812507,0.7168853643458143,1,0,0.6723299641643236,1,0.0,0.0,1.0,0
-0.24740779221761294,1,-1.1076740299399572,-0.6589039156014528,-1.0223976130812507,0.7168853643458143,1,0,-0.9664495205964887,1,0.0,0.0,1.0,0
0.4244069953587005,1,0.4531564791409178,1.0753145417643806,0.6432820453410624,-1.0457411022578735,1,0,-0.5694168024861678,0,0.0,1.0,0.0,1
-0.5203325496704903,1,-0.22970686858196498,1.0753145417643806,1.526827823850462,-1.0457411022578735,1,1,-0.398499097497971,0,0.0,0.0,1.0,0
-0.55182386783813,0,-1.2052259367575118,-0.6589039156014528,-1.0223976130812507,0.7168853643458143,1,0,0.9635054846365089,1,0.0,0.0,1.0,0
0.9282680860409356,0,-0.7174664026697384,-0.6589039156014528,0.9802491518981998,-1.0457411022578735,1,1,0.706782977827266,0,0.0,0.0,1.0,0
-0.656794928396929,0,-0.7174664026697384,1.422158233237547,-1.0223976130812507,-1.0457411022578735,0,1,-1.6307589759103371,1,1.0,0.0,0.0,0
0.3089388287440216,1,-0.42481068221707435,1.422158233237547,-1.0223976130812507,0.7168853643458143,1,0,0.48329138485196976,1,0.0,0.0,1.0,0
-0.10044830743529438,0,-0.9125702163048478,-1.0057476070746194,-1.0223976130812507,0.7168853643458143,1,0,1.3761473878000636,1,0.0,0.0,1.0,0
0.4768925256381,0,-1.2052259367575118,-0.31206022412828616,1.155673335078584,-1.0457411022578735,0,1,-0.6933903635745883,0,0.0,0.0,1.0,0
1.4531233888349304,1,-0.1321549617644103,-1.0057476070746194,1.2208458965688442,0.7168853643458143,1,1,1.718162885741037,0,0.0,1.0,0.0,0
-0.19492226193821346,1,0.2580526655058084,0.7284708502912138,-1.0223976130812507,0.7168853643458143,1,0,-0.9685227876260895,1,0.0,0.0,1.0,0
0.8337941315380165,0,-0.8150183094872931,1.422158233237547,-1.0223976130812507,0.7168853643458143,1,0,-1.1369706156742532,1,1.0,0.0,0.0,0
1.7575394644554476,0,-0.03460305494685562,-0.6589039156014528,-1.0223976130812507,0.7168853643458143,1,0,1.615008048542488,1,0.0,0.0,1.0,0
0.27744751057638195,0,0.16050075868825375,-1.3525912985477861,-1.0223976130812507,0.7168853643458143,0,0,-0.41554881277269234,1,1.0,0.0,0.0,0
-0.4888412315028506,1,-1.2052259367575118,1.0753145417643806,-1.0223976130812507,0.7168853643458143,1,0,1.1505759349795075,1,1.0,0.0,0.0,0
1.2221870556055727,0,-1.4978816572101759,1.0753145417643806,-1.0223976130812507,0.7168853643458143,1,0,-0.745227938149669,1,0.0,0.0,1.0,0
-0.5308296557263702,1,0.16050075868825375,-1.3525912985477861,1.3093146455185427,0.7168853643458143,1,1,1.1614211167385318,0,0.0,1.0,0.0,0
-0.5833151860057697,1,0.5507083859584725,-0.6589039156014528,-1.0223976130812507,0.7168853643458143,1,0,-1.1989642492768458,1,1.0,0.0,0.0,0
-0.3838701709440516,1,0.3556045723233631,-0.31206022412828616,0.6998481226640437,-1.0457411022578735,0,1,0.347570987715585,0,0.0,0.0,1.0,0
0.40341278324694074,1,-0.3272587753995197,0.7284708502912138,-1.0223976130812507,0.7168853643458143,1,0,1.0526708874921464,1,0.0,0.0,1.0,0
-1.475569200755561,0,-1.1076740299399572,-1.3525912985477861,-1.0223976130812507,-1.0457411022578735,0,1,0.21856120944429838,1,0.0,0.0,1.0,0
-1.3181126099173626,1,-0.7174664026697384,-0.6589039156014528,-1.0223976130812507,-1.0457411022578735,1,1,-0.9910785449469537,1,1.0,0.0,0.0,0
1.9674815855730454,1,-0.03460305494685562,0.7284708502912138,0.7736332892326341,-1.0457411022578735,1,1,0.3403934934047414,0,1.0,0.0,0.0,0
0.07800249551466389,0,-0.03460305494685562,-0.31206022412828616,0.17450128038102572,0.7168853643458143,1,0,0.9487053074626915,0,1.0,0.0,0.0,0
-0.9717081100733259,0,2.306642708674457,0.03478346734488051,0.8288775719218507,2.479511830949502,0,1,-1.413163615571106,0,0.0,1.0,0.0,1
-0.7932573071233676,1,0.16050075868825375,-1.6994349900209527,0.6047423732159722,-1.0457411022578735,0,1,-1.592464432659995,0,0.0,1.0,0.0,1
0.9807536163203351,0,1.33112364049891,0.38162715881804715,0.708653375363868,-1.0457411022578735,1,0,0.46010167625694964,0,0.0,1.0,0.0,1
0.03601407129114429,1,0.3556045723233631,0.03478346734488051,-1.0223976130812507,0.7168853643458143,1,0,0.27405259185564623,1,0.0,0.0,1.0,0
0.4663954195822201,0,-0.42481068221707435,-0.6589039156014528,0.6783886917496729,-1.0457411022578735,0,1,-0.43407098137630246,0,1.0,0.0,0.0,0
1.7155510402319278,1,0.06294885187069905,1.422158233237547,0.7709792299856753,-1.0457411022578735,1,0,-1.4390260169352471,0,0.0,1.0,0.0,1
0.7498172830909774,1,0.4531564791409178,0.7284708502912138,-1.0223976130812507,0.7168853643458143,1,0,-1.0355909808394597,1,1.0,0.0,0.0,0
2.030464221908325,1,-1.1076740299399572,-1.3525912985477861,0.6089580701639243,0.7168853643458143,1,1,-1.2742946284721108,0,0.0,1.0,0.0,0
-1.2446328675262033,0,1.0384679200462459,1.422158233237547,1.2557739090207347,-1.0457411022578735,0,0,1.2850029257806899,0,0.0,0.0,1.0,1
-1.0241936403527254,0,-0.03460305494685562,1.0753145417643806,0.5100757185974941,-1.0457411022578735,1,1,-0.2279405274680397,0,1.0,0.0,0.0,0
2.030464221908325,0,-0.03460305494685562,-1.0057476070746194,0.6325219669435326,0.7168853643458143,0,1,-1.3140307429148335,0,0.0,1.0,0.0,0
-0.05845988321177479,1,-0.03460305494685562,-1.0057476070746194,-1.0223976130812507,2.479511830949502,1,0,-0.5670478997228063,1,0.0,0.0,1.0,1
-0.4783441254469707,0,-0.1321549617644103,-0.31206022412828616,-1.0223976130812507,0.7168853643458143,1,0,0.45078637472110694,1,0.0,0.0,1.0,0
-0.6253036102292893,0,0.3556045723233631,-0.31206022412828616,0.020414270970602742,-1.0457411022578735,1,1,0.12365884249930499,0,1.0,0.0,0.0,0
0.11999091973818347,1,-0.1321549617644103,1.7690019247107138,1.4414026173824828,0.7168853643458143,1,1,1.038750157228207,0,0.0,1.0,0.0,0
0.3614243590234211,1,-0.1321549617644103,1.422158233237547,1.3841703272146009,-1.0457411022578735,1,1,0.8101874745451118,0,1.0,0.0,0.0,0
0.4873896316939799,0,-0.5223625890346291,1.0753145417643806,2.047185318244025,-1.0457411022578735,1,1,-0.34207118827275007,0,1.0,0.0,0.0,0
0.6763375406998181,1,0.2580526655058084,0.38162715881804715,1.153282152853597,-1.0457411022578735,1,1,-0.611333750950822,0,1.0,0.0,0.0,0
0.25645329846462217,1,-0.03460305494685562,0.38162715881804715,1.9060450021657356,0.7168853643458143,1,1,-0.7320783938226819,0,0.0,1.0,0.0,0
0.5503722680292593,1,-1.4978816572101759,1.7690019247107138,-1.0223976130812507,0.7168853643458143,0,0,0.5183439977495818,1,0.0,0.0,1.0,0
0.6763375406998181,1,1.2335717336813552,-1.6994349900209527,1.7048247225914717,-1.0457411022578735,1,0,0.16247369770125974,0,0.0,0.0,1.0,1
0.9282680860409356,0,0.16050075868825375,0.38162715881804715,1.0906805350812898,-1.0457411022578735,1,1,-0.8657059189776379,0,1.0,0.0,0.0,0
-0.29989332249701245,0,1.623779360951574,0.7284708502912138,-1.0223976130812507,2.479511830949502,1,0,-0.23981991380977952,1,0.0,0.0,1.0,1
1.3691465403878913,0,0.06294885187069905,0.7284708502912138,1.742430150398278,-1.0457411022578735,0,1,0.01869844128593999,0,0.0,0.0,1.0,0
-0.37337306488817174,0,-0.22970686858196498,0.7284708502912138,0.851546365998579,-1.0457411022578735,1,1,0.972091065575992,0,0.0,0.0,1.0,0
-0.3943672769999315,1,-0.9125702163048478,-0.31206022412828616,0.5715499612002037,-1.0457411022578735,0,1,0.5551653936904395,0,0.0,1.0,0.0,0
-0.5098354436146104,1,1.1360198268638007,0.38162715881804715,-1.0223976130812507,-1.0457411022578735,1,0,-0.10660999147827514,1,1.0,0.0,0.0,1
0.17247645001758297,1,-0.1321549617644103,-0.31206022412828616,-1.0223976130812507,0.7168853643458143,0,0,1.1077571587307646,1,1.0,0.0,0.0,0
2.030464221908325,0,0.2580526655058084,-0.6589039156014528,0.5874975117133071,0.7168853643458143,1,0,-0.4950562611733688,0,0.0,0.0,1.0,0
-0.23691068616173305,0,1.7213312677691288,-0.6589039156014528,0.8501379121504632,-1.0457411022578735,0,1,-0.9938449250964921,0,0.0,1.0,0.0,1
-0.05845988321177479,0,-0.6199144958521837,1.0753145417643806,1.3064795361657646,-1.0457411022578735,1,1,-0.21000043508905816,0,1.0,0.0,0.0,0
-0.9717081100733259,0,-1.0101221231224025,-1.3525912985477861,-1.0223976130812507,-1.0457411022578735,1,1,1.0880651123379828,1,1.0,0.0,0.0,0
0.991250722376215,1,-0.22970686858196498,0.03478346734488051,0.15660244785556213,-1.0457411022578735,1,1,-0.18201289164578893,0,0.0,1.0,0.0,0
-0.4573499133352109,1,0.2580526655058084,0.7284708502912138,-1.0223976130812507,0.7168853643458143,1,0,-0.6838465689276171,1,1.0,0.0,0.0,0
0.34043014691166135,1,0.06294885187069905,0.7284708502912138,-1.0223976130812507,0.7168853643458143,0,0,-1.4711784849235032,1,1.0,0.0,0.0,0
-0.16343094377057377,1,0.3556045723233631,-0.6589039156014528,0.9389576470259443,0.7168853643458143,1,1,1.1590036353334727,0,0.0,1.0,0.0,0
0.6448462225321784,1,-0.3272587753995197,1.0753145417643806,-1.0223976130812507,0.7168853643458143,1,0,-0.08488701087222957,1,1.0,0.0,0.0,0
0.3824185711351809,0,0.06294885187069905,-1.6994349900209527,-1.0223976130812507,0.7168853643458143,0,0,-0.30902973114142485,1,0.0,0.0,1.0,0
-1.150158913023284,1,1.1360198268638007,-0.6589039156014528,0.2869944441286038,2.479511830949502,0,1,1.353841983979092,0,0.0,1.0,0.0,1
1.0647304647673743,0,2.209090801856902,1.0753145417643806,0.997458093317593,-1.0457411022578735,1,0,1.4308228225260382,0,0.0,1.0,0.0,1
0.7498172830909774,1,-0.6199144958521837,0.03478346734488051,-0.02653343894243442,-1.0457411022578735,1,1,0.9787090380315665,0,0.0,1.0,0.0,0
-2.325834791281833,1,-0.6199144958521837,-1.0057476070746194,-0.10398615876671488,0.7168853643458143,1,1,-1.6274972671106305,0,0.0,1.0,0.0,0
0.3089388287440216,1,-1.2052259367575118,-1.3525912985477861,-0.09745353590941906,-1.0457411022578735,1,1,-0.3560850854316595,0,0.0,1.0,0.0,0
0.8023028133703768,1,-0.03460305494685562,1.422158233237547,0.7711480382693926,0.7168853643458143,0,1,1.6509687350495506,0,0.0,1.0,0.0,0
-0.11094541349117427,1,-1.4003297503926213,1.0753145417643806,-1.0223976130812507,0.7168853643458143,0,0,-0.12319421926844261,1,1.0,0.0,0.0,0
2.030464221908325,0,-0.42481068221707435,-0.6589039156014528,1.0662574556820734,0.7168853643458143,1,1,-0.19031758393916937,0,0.0,1.0,0.0,0
0.6868346467556979,1,-1.79053737766284,0.38162715881804715,-1.0223976130812507,0.7168853643458143,1,0,1.6616093660279974,1,1.0,0.0,0.0,0
-0.19492226193821346,0,-0.42481068221707435,0.7284708502912138,-1.0223976130812507,0.7168853643458143,0,0,-1.661516542901272,1,0.0,0.0,1.0,0
0.6658404346439382,1,-1.2052259367575118,1.7690019247107138,-0.18539669189177965,0.7168853643458143,1,0,-0.9404542219482744,0,1.0,0.0,0.0,0
0.10949381368230357,1,-1.1076740299399572,0.7284708502912138,1.503472682353008,-1.0457411022578735,1,1,0.8620797000921023,0,1.0,0.0,0.0,0
-0.22641358010585316,0,-0.1321549617644103,-0.6589039156014528,-1.0223976130812507,0.7168853643458143,1,0,-0.14967218142095412,1,0.0,0.0,1.0,0
-0.22641358010585316,0,0.16050075868825375,1.7690019247107138,0.9668594978979147,-1.0457411022578735,1,0,0.5593417689152552,0,1.0,0.0,0.0,1
1.7995278886789672,1,-0.8150183094872931,-0.31206022412828616,0.15459205072857926,0.7168853643458143,0,0,1.0749332645161858,0,1.0,0.0,0.0,0
1.5685915554496093,1,-1.3027778435750665,0.7284708502912138,-1.0223976130812507,0.7168853643458143,1,0,-1.409677751038994,1,0.0,0.0,1.0,0
0.06750538945878398,1,-1.0101221231224025,1.0753145417643806,0.9697057215365481,0.7168853643458143,1,1,-0.20348222234411273,0,0.0,1.0,0.0,0
-0.28939621644113256,1,-0.7174664026697384,0.38162715881804715,1.1179327639988392,-1.0457411022578735,1,1,0.5404113662262349,0,0.0,0.0,1.0,0
0.29844172268814173,1,-0.7174664026697384,1.7690019247107138,1.1555789441871156,-1.0457411022578735,1,1,0.45219203241766137,0,0.0,0.0,1.0,0
-1.1816502311909238,1,-0.8150183094872931,-0.31206022412828616,0.15698742094533757,-1.0457411022578735,0,1,0.4698783013937723,0,1.0,0.0,0.0,0
0.29844172268814173,1,-0.03460305494685562,-0.31206022412828616,0.7784075998522771,0.7168853643458143,1,1,0.04287152038504175,0,0.0,1.0,0.0,0
0.8652854497056562,1,1.5262274541340193,1.0753145417643806,1.0139028873152727,-1.0457411022578735,1,0,0.6021520439017012,0,0.0,1.0,0.0,1
0.29844172268814173,1,-0.5223625890346291,0.38162715881804715,1.795037125807622,-1.0457411022578735,1,1,-0.9677745030487951,0,1.0,0.0,0.0,0
0.5083838438057396,1,-1.3027778435750665,-0.6589039156014528,0.8096276288202208,-1.0457411022578735,0,1,1.685522722889165,0,1.0,0.0,0.0,0
-0.6358007162851692,1,1.5262274541340193,-1.3525912985477861,0.9676072155057549,-1.0457411022578735,1,1,0.3574197868343584,0,0.0,1.0,0.0,1
2.030464221908325,0,0.16050075868825375,-1.6994349900209527,-1.0223976130812507,0.7168853643458143,1,0,-1.7108991611191269,1,1.0,0.0,0.0,0
0.9387651920968155,0,-0.5223625890346291,-1.0057476070746194,0.7151057820710766,0.7168853643458143,1,1,0.8063844608807729,0,0.0,1.0,0.0,0
-0.22641358010585316,1,-1.4003297503926213,-0.31206022412828616,1.2358509878567272,-1.0457411022578735,1,1,0.7498845511687497,0,0.0,0.0,1.0,0
0.5083838438057396,0,-0.7174664026697384,-0.6589039156014528,1.2794758484522,-1.0457411022578735,1,1,-0.7213692322604113,0,1.0,0.0,0.0,0
0.3824185711351809,0,-0.8150183094872931,0.38162715881804715,1.0392581170368866,-1.0457411022578735,1,1,-0.8545748172131926,0,1.0,0.0,0.0,0
-0.12144251954705418,1,0.06294885187069905,1.0753145417643806,-1.0223976130812507,0.7168853643458143,0,0,-0.04943310369516417,1,1.0,0.0,0.0,0
-1.1816502311909238,0,1.4286755473164647,1.422158233237547,-1.0223976130812507,-1.0457411022578735,1,0,0.45071368025370945,1,0.0,0.0,1.0,1
-1.1396618069674043,1,-0.5223625890346291,0.38162715881804715,-1.0223976130812507,-1.0457411022578735,1,1,-1.1795112791992768,1,0.0,0.0,1.0,0
0.7603143891468572,1,0.06294885187069905,-0.31206022412828616,0.9331471305960394,-1.0457411022578735,1,1,1.0393150574330927,0,1.0,0.0,0.0,0
-0.20541936799409335,1,-0.5223625890346291,0.03478346734488051,-1.0223976130812507,0.7168853643458143,1,0,0.6980327499914579,1,1.0,0.0,0.0,0
0.09899670762642368,0,-0.22970686858196498,0.38162715881804715,-1.0223976130812507,0.7168853643458143,1,0,1.335552819360482,1,0.0,0.0,1.0,0
-0.36287595883229185,1,0.3556045723233631,1.422158233237547,-1.0223976130812507,0.7168853643458143,1,0,0.3368139414922123,1,0.0,0.0,1.0,0
0.4558983135263402,0,0.16050075868825375,-1.0057476070746194,-1.0223976130812507,0.7168853643458143,1,0,1.7356517172376762,1,0.0,0.0,1.0,0
0.4349041014145804,0,1.1360198268638007,-1.3525912985477861,-1.0223976130812507,4.242138297553191,1,0,-0.19339000953140378,1,0.0,0.0,1.0,1
0.5083838438057396,1,0.5507083859584725,-1.6994349900209527,1.9503053099742473,-1.0457411022578735,1,0,-0.5352899597031956,0,0.0,0.0,1.0,1
0.7183259649233377,1,0.2580526655058084,0.7284708502912138,0.813556931561637,-1.0457411022578735,1,1,0.29477936331659,0,1.0,0.0,0.0,0
0.5293780559174995,1,-0.5223625890346291,-1.0057476070746194,-1.0223976130812507,0.7168853643458143,0,0,0.5404953378783123,1,1.0,0.0,0.0,0
-0.016471458988255198,1,-1.4003297503926213,1.422158233237547,0.702174068863357,-1.0457411022578735,1,1,-0.8285050891460913,0,1.0,0.0,0.0,0
1.0542333587114945,1,-1.4978816572101759,-1.0057476070746194,0.27707115870236454,0.7168853643458143,1,0,-0.09927322862072266,0,1.0,0.0,0.0,0
0.14098513184994327,1,0.4531564791409178,1.422158233237547,0.7764717811941507,-1.0457411022578735,1,0,1.3725841444315332,0,0.0,1.0,0.0,1
-1.2131415493585636,0,-0.6199144958521837,-0.31206022412828616,-1.0223976130812507,-1.0457411022578735,1,1,0.2643686131283473,1,1.0,0.0,0.0,0
0.004522753123504598,1,0.2580526655058084,1.0753145417643806,0.739814772447009,-1.0457411022578735,1,1,-0.5768711950546886,0,0.0,0.0,1.0,0
0.4244069953587005,1,-0.7174664026697384,-0.6589039156014528,0.7302031702545418,0.7168853643458143,0,1,0.4183353215815586,0,0.0,1.0,0.0,0
0.6028577983086588,1,-0.9125702163048478,1.422158233237547,-1.0223976130812507,0.7168853643458143,1,0,0.5114453101430537,1,0.0,0.0,1.0,0
1.0017478284320949,0,-0.1321549617644103,0.03478346734488051,0.8024561761411468,0.7168853643458143,1,1,0.5682647979193886,0,0.0,1.0,0.0,0
-1.2446328675262033,0,-0.6199144958521837,-1.0057476070746194,-1.0223976130812507,-1.0457411022578735,1,1,-0.3397567629861499,1,1.0,0.0,0.0,0
-1.5910373673702398,0,0.6482602927760271,1.422158233237547,1.0934289852197163,2.479511830949502,1,0,1.6600314276485648,0,0.0,0.0,1.0,1
0.26695040452050206,0,-1.2052259367575118,-1.6994349900209527,0.759979791750737,-1.0457411022578735,0,1,0.2110672599818239,0,1.0,0.0,0.0,0
0.29844172268814173,0,0.16050075868825375,0.7284708502912138,-1.0223976130812507,0.7168853643458143,1,0,0.07260737444398328,1,1.0,0.0,0.0,0
0.6763375406998181,1,0.2580526655058084,-1.0057476070746194,-1.0223976130812507,0.7168853643458143,1,0,1.1885482977383042,1,1.0,0.0,0.0,0
0.23545908635286236,0,0.4531564791409178,-0.31206022412828616,-1.0223976130812507,2.479511830949502,1,0,0.2675798348397179,1,1.0,0.0,0.0,1
0.6343491164762984,0,-1.5954335640277306,0.03478346734488051,0.7891514095125401,-1.0457411022578735,1,1,-0.11686390176977819,0,1.0,0.0,0.0,0
1.726048146287808,0,-0.1321549617644103,0.03478346734488051,0.6923197242247427,0.7168853643458143,0,1,0.4805709809168953,0,0.0,1.0,0.0,0
0.991250722376215,0,0.5507083859584725,1.7690019247107138,-1.0223976130812507,0.7168853643458143,1,0,1.2304428653287474,1,1.0,0.0,0.0,0
0.9492622981526954,1,-0.22970686858196498,1.0753145417643806,0.6303015259215428,0.7168853643458143,1,1,1.4049637175697263,0,0.0,1.0,0.0,0
0.5293780559174995,1,-0.6199144958521837,1.422158233237547,-1.0223976130812507,0.7168853643458143,1,0,0.46431084206491136,1,0.0,0.0,1.0,0
-0.15293383771469388,1,0.16050075868825375,-1.3525912985477861,1.472085455867413,-1.0457411022578735,1,1,0.6651613181060749,0,1.0,0.0,0.0,0
-0.17392804982645366,1,0.4531564791409178,0.7284708502912138,1.1104560711502574,-1.0457411022578735,0,0,-0.5227289109213471,0,1.0,0.0,0.0,1
0.6238520104204186,1,0.2580526655058084,1.0753145417643806,1.009511939019339,0.7168853643458143,1,1,0.6651384167464173,0,0.0,1.0,0.0,0
0.3929156771910608,1,-0.8150183094872931,1.7690019247107138,1.3081236450893376,-1.0457411022578735,1,1,-1.1781729376205035,0,1.0,0.0,0.0,0
2.030464221908325,1,-0.03460305494685562,-0.6589039156014528,-0.13807077410644425,-1.0457411022578735,1,1,0.7002600807132996,0,0.0,1.0,0.0,0
0.781308601258617,0,0.06294885187069905,-1.0057476070746194,1.0203143805644046,-1.0457411022578735,1,1,-0.431355435305398,0,0.0,0.0,1.0,0
-0.19492226193821346,0,-1.2052259367575118,-1.3525912985477861,0.6729298055519769,0.7168853643458143,1,1,-1.3224237442390145,0,0.0,1.0,0.0,0
-0.8352457313468872,1,0.4531564791409178,1.0753145417643806,0.26230446079225045,-1.0457411022578735,1,0,0.6234914267334835,0,0.0,0.0,1.0,1
-1.276124185693843,0,0.16050075868825375,1.0753145417643806,-1.0223976130812507,-1.0457411022578735,1,1,-1.2495786830520366,1,1.0,0.0,0.0,0
-2.325834791281833,1,-0.22970686858196498,-0.31206022412828616,-1.0223976130812507,-1.0457411022578735,1,1,1.68813538633676,1,1.0,0.0,0.0,0
-1.5175576249790805,0,0.2580526655058084,0.38162715881804715,-1.0223976130812507,-1.0457411022578735,1,1,0.013778986338297442,1,1.0,0.0,0.0,0
0.791805707314497,1,0.3556045723233631,1.422158233237547,0.7292795569922937,0.7168853643458143,1,1,-0.5966584902842275,0,0.0,1.0,0.0,0
0.07800249551466389,1,-1.3027778435750665,0.38162715881804715,1.7612110384214865,0.7168853643458143,1,1,0.14391492162122718,0,0.0,1.0,0.0,0
0.7708114952027372,1,-0.03460305494685562,0.03478346734488051,0.8922613776958109,-1.0457411022578735,1,1,1.1034966383587224,0,0.0,0.0,1.0,0
0.22496198029698244,1,-1.0101221231224025,-1.0057476070746194,0.7355460812954852,-1.0457411022578735,1,1,-0.7095812778621527,0,1.0,0.0,0.0,0
-1.4965634128673209,1,-0.8150183094872931,0.7284708502912138,-1.0223976130812507,-1.0457411022578735,0,1,0.4388842605148588,1,0.0,0.0,1.0,0
1.8205221007907268,0,0.16050075868825375,1.0753145417643806,0.22919403676924158,-1.0457411022578735,0,1,-1.391452432635187,0,0.0,1.0,0.0,0
0.34043014691166135,1,0.8433641064111366,-1.3525912985477861,0.48965990301728873,2.479511830949502,1,0,0.9917817240075821,0,1.0,0.0,0.0,1
0.06750538945878398,0,0.3556045723233631,0.03478346734488051,0.985036831876191,-1.0457411022578735,1,1,-0.37664252562725664,0,1.0,0.0,0.0,0
-0.19492226193821346,0,0.06294885187069905,-1.6994349900209527,0.9508114355822924,0.7168853643458143,1,1,-0.08164351906315974,0,0.0,1.0,0.0,0
-0.15293383771469388,1,-0.6199144958521837,0.7284708502912138,0.595355956119533,-1.0457411022578735,1,1,-1.040017015583572,0,0.0,0.0,1.0,0
0.32993304085578146,1,-0.9125702163048478,-1.3525912985477861,-1.0223976130812507,0.7168853643458143,1,0,0.9539103354254574,1,1.0,0.0,0.0,0
0.24595619240874225,0,0.9409160132286912,1.0753145417643806,0.8318418647131224,-1.0457411022578735,1,0,0.6912912489898516,0,0.0,1.0,0.0,1
1.2326841616614526,1,0.3556045723233631,-1.0057476070746194,1.106937513755673,0.7168853643458143,1,1,1.0956550046178106,0,0.0,1.0,0.0,0
-0.28939621644113256,0,-0.1321549617644103,0.38162715881804715,1.0571223180919314,-1.0457411022578735,1,1,-1.3140918132072534,0,1.0,0.0,0.0,0
-0.20541936799409335,0,-0.22970686858196498,1.7690019247107138,1.3253011765704437,0.7168853643458143,1,1,-0.05296546492718689,0,0.0,1.0,0.0,0
0.09899670762642368,1,0.16050075868825375,0.03478346734488051,-1.0223976130812507,0.7168853643458143,1,0,0.8356296706585671,1,1.0,0.0,0.0,0
1.2641754798290923,0,-1.0101221231224025,-1.0057476070746194,1.1452344434346158,-1.0457411022578735,0,1,0.3226969882148442,0,1.0,0.0,0.0,0
0.371921465079301,0,0.3556045723233631,-1.0057476070746194,-1.0223976130812507,0.7168853643458143,1,0,0.7895646266783712,1,1.0,0.0,0.0,0
0.5083838438057396,1,-0.6199144958521837,0.7284708502912138,-1.0223976130812507,0.7168853643458143,1,0,-1.592547363341179,1,1.0,0.0,0.0,0
0.4663954195822201,1,-0.1321549617644103,-1.3525912985477861,-1.0223976130812507,0.7168853643458143,1,0,1.1059264379193545,1,1.0,0.0,0.0,0
0.07800249551466389,0,-0.22970686858196498,-1.6994349900209527,0.6447810242420879,-1.0457411022578735,1,1,0.8063743981621357,0,1.0,0.0,0.0,0
0.17247645001758297,0,0.5507083859584725,1.0753145417643806,1.1270886804712335,-1.0457411022578735,0,1,-1.6309484326129582,0,1.0,0.0,0.0,0
0.8127999194262567,0,0.16050075868825375,1.422158233237547,1.8272859510619237,-1.0457411022578735,1,1,-1.5079223285327932,0,1.0,0.0,0.0,0
-0.20541936799409335,0,-0.42481068221707435,1.422158233237547,-1.0223976130812507,0.7168853643458143,0,0,-1.2779050625211477,1,0.0,0.0,1.0,0
-0.18442515588233357,1,-0.03460305494685562,1.422158233237547,1.0753536127334187,-1.0457411022578735,1,1,-0.30973238649455315,0,0.0,0.0,1.0,0
1.9779786916289255,0,1.33112364049891,-1.6994349900209527,-1.0223976130812507,-1.0457411022578735,1,0,-1.1795388649279552,1,0.0,0.0,1.0,1
-0.29989332249701245,1,0.16050075868825375,1.7690019247107138,-1.0223976130812507,0.7168853643458143,1,0,0.07146213296595876,1,0.0,0.0,1.0,0
-0.31039042855289234,1,-0.8150183094872931,-0.6589039156014528,1.0518000248566328,0.7168853643458143,1,1,-1.0325494373837332,0,0.0,1.0,0.0,0
2.030464221908325,0,-0.42481068221707435,-1.0057476070746194,-1.0223976130812507,0.7168853643458143,0,0,-0.8292126023633893,1,1.0,0.0,0.0,0
-1.1081704887997645,1,-0.7174664026697384,1.422158233237547,0.3031633138991766,0.7168853643458143,1,1,-0.14137009155480737,0,0.0,1.0,0.0,0
-0.14243673165881396,1,-0.3272587753995197,-1.0057476070746194,-1.0223976130812507,0.7168853643458143,0,0,-0.5505740148473524,1,0.0,0.0,1.0,0
0.4454012074704603,1,-0.9125702163048478,-0.6589039156014528,1.0021628188431846,-1.0457411022578735,1,1,0.9006150546091458,0,1.0,0.0,0.0,0
-0.3838701709440516,0,0.2580526655058084,1.422158233237547,-1.0223976130812507,0.7168853643458143,0,0,-0.18843550856367922,1,1.0,0.0,0.0,0
2.030464221908325,1,0.4531564791409178,0.03478346734488051,1.0604048982578456,0.7168853643458143,0,1,-1.3960986327232794,0,0.0,1.0,0.0,0
-0.15293383771469388,1,-1.9856411912979492,0.03478346734488051,0.7685089591468477,0.7168853643458143,0,1,-1.5553815795297146,0,0.0,1.0,0.0,0
0.9702565102644553,0,-0.5223625890346291,1.7690019247107138,0.21293464194575934,-1.0457411022578735,0,1,-1.2026194450743042,0,0.0,1.0,0.0,0
0.4873896316939799,0,0.6482602927760271,-1.3525912985477861,-1.0223976130812507,-1.0457411022578735,1,0,1.4412328784515696,1,0.0,0.0,1.0,1
-0.4048643830558114,0,0.7458121995935818,0.38162715881804715,1.3971938540880828,-1.0457411022578735,1,0,0.36355648374682764,0,1.0,0.0,0.0,1
-2.304840579170073,0,0.4531564791409178,0.38162715881804715,-1.0223976130812507,-1.0457411022578735,1,0,0.8434876129434773,1,1.0,0.0,0.0,1
0.7708114952027372,0,-0.5223625890346291,1.422158233237547,-1.0223976130812507,0.7168853643458143,0,0,1.3335359382542806,1,0.0,0.0,1.0,0
0.13048802579406338,0,0.4531564791409178,-1.3525912985477861,1.5624726272017253,-1.0457411022578735,1,1,-0.06506883350618295,0,1.0,0.0,0.0,0
-0.21591647404997324,1,0.4531564791409178,0.38162715881804715,-1.0223976130812507,0.7168853643458143,1,0,-0.9817163997209025,1,1.0,0.0,0.0,0
-0.7407717768439681,0,0.4531564791409178,1.0753145417643806,1.1128058566873478,-1.0457411022578735,1,0,-0.5667527844744925,0,1.0,0.0,0.0,1
-0.4888412315028506,0,-1.1076740299399572,-1.0057476070746194,-1.0223976130812507,0.7168853643458143,1,0,-1.4776035307734785,1,1.0,0.0,0.0,0
0.9807536163203351,0,-0.22970686858196498,1.0753145417643806,0.7968027094026775,-1.0457411022578735,0,1,-1.5589892376563688,0,0.0,0.0,1.0,0
-0.07945409532353459,0,-0.3272587753995197,-0.31206022412828616,0.7221657697383829,-1.0457411022578735,1,1,1.6095601273712334,0,1.0,0.0,0.0,0
-0.08995120137941448,1,0.3556045723233631,-0.31206022412828616,-1.0223976130812507,0.7168853643458143,1,0,-1.3954296354290419,1,1.0,0.0,0.0,0
0.23545908635286236,1,0.06294885187069905,0.38162715881804715,-1.0223976130812507,0.7168853643458143,1,0,-1.5171725693877907,1,0.0,0.0,1.0,0
0.991250722376215,0,-1.0101221231224025,1.7690019247107138,1.1188281888549327,0.7168853643458143,1,1,-0.9209667263360702,0,0.0,1.0,0.0,0
1.4216320706672907,0,0.3556045723233631,-1.6994349900209527,0.5730006171192491,0.7168853643458143,1,0,-0.9117794642201309,0,1.0,0.0,0.0,0
0.7708114952027372,1,-0.5223625890346291,-1.6994349900209527,-1.0223976130812507,0.7168853643458143,1,0,-1.7043958689569885,1,1.0,0.0,0.0,0
1.1172159950467737,1,0.3556045723233631,0.38162715881804715,0.5909577593763022,-1.0457411022578735,1,0,-1.1494169841626651,0,0.0,1.0,0.0,1
0.6028577983086588,0,-0.22970686858196498,-1.3525912985477861,0.6142858400038471,0.7168853643458143,1,1,-1.7222148617220236,0,0.0,1.0,0.0,0
0.11999091973818347,1,0.4531564791409178,1.7690019247107138,0.7983206953432819,-1.0457411022578735,1,1,0.012322841553407298,0,0.0,0.0,1.0,0
-0.22641358010585316,1,0.2580526655058084,-1.3525912985477861,-1.0223976130812507,0.7168853643458143,1,0,1.3167915744416594,1,0.0,0.0,1.0,0
-0.15293383771469388,0,0.16050075868825375,0.7284708502912138,-1.0223976130812507,0.7168853643458143,1,0,1.461691946897729,1,1.0,0.0,0.0,0
-0.4573499133352109,1,-0.1321549617644103,-0.6589039156014528,1.742533400503109,-1.0457411022578735,0,1,-1.6371087248656808,0,0.0,0.0,1.0,0
0.5923606922527789,0,-1.3027778435750665,-0.31206022412828616,0.9294154688509222,-1.0457411022578735,1,1,-0.753743253553839,0,1.0,0.0,0.0,0
0.025516965235264394,0,1.0384679200462459,-1.3525912985477861,-1.0223976130812507,-1.0457411022578735,1,0,0.2868934883127038,1,1.0,0.0,0.0,1
-0.15293383771469388,1,-0.3272587753995197,-1.0057476070746194,1.1225298903512222,-1.0457411022578735,0,1,0.3910797541715853,0,1.0,0.0,0.0,0
0.40341278324694074,1,1.7213312677691288,-1.3525912985477861,-1.0223976130812507,2.479511830949502,1,0,1.527119569982906,1,0.0,0.0,1.0,1
-2.5357769123994305,1,0.7458121995935818,1.422158233237547,1.1513342534499755,2.479511830949502,0,0,1.368421301828333,0,1.0,0.0,0.0,1
1.3376552222202516,1,-0.3272587753995197,-0.6589039156014528,-1.0223976130812507,0.7168853643458143,0,0,-0.3162811343857087,1,0.0,0.0,1.0,0
0.11999091973818347,0,0.7458121995935818,-1.0057476070746194,-1.0223976130812507,2.479511830949502,1,0,-0.18503517713998505,1,1.0,0.0,0.0,1
0.8757825557615361,1,0.06294885187069905,1.422158233237547,-1.0223976130812507,0.7168853643458143,1,0,-1.399522559487227,1,1.0,0.0,0.0,0
0.6028577983086588,1,-0.42481068221707435,0.03478346734488051,1.2515696485118513,-1.0457411022578735,0,1,-0.014184094288973917,0,1.0,0.0,0.0,0
0.057008283402904085,1,-0.03460305494685562,-0.31206022412828616,-1.0223976130812507,0.7168853643458143,1,0,0.634056066836703,1,0.0,0.0,1.0,0
0.5713664801410191,1,-0.22970686858196498,1.422158233237547,1.1954454043207752,-1.0457411022578735,1,1,-0.9165663688739981,0,1.0,0.0,0.0,0
0.9177709799850557,0,-0.03460305494685562,1.422158233237547,-1.0223976130812507,0.7168853643458143,0,0,-1.366670732553672,1,1.0,0.0,0.0,0
2.030464221908325,1,0.9409160132286912,-1.0057476070746194,-1.0223976130812507,-1.0457411022578735,1,0,1.209464005416422,1,0.0,0.0,1.0,1
1.0647304647673743,1,2.891954149579785,0.38162715881804715,0.7912581304502702,-1.0457411022578735,1,0,-1.1077347746345005,0,0.0,1.0,0.0,1
0.3929156771910608,1,0.06294885187069905,-1.6994349900209527,0.7018105189622594,-1.0457411022578735,1,1,0.0445984910973969,0,0.0,0.0,1.0,0
1.0122449344879747,1,-0.6199144958521837,0.38162715881804715,1.8404029023672344,-1.0457411022578735,1,1,1.0744289141182735,0,1.0,0.0,0.0,0
0.28794461663226184,0,0.9409160132286912,-0.6589039156014528,0.15844500315846688,-1.0457411022578735,0,0,-1.3616813590610144,0,1.0,0.0,0.0,1
-1.045187852464485,0,-1.1076740299399572,-0.6589039156014528,0.39087371418499917,-1.0457411022578735,1,1,0.40568284085622885,0,1.0,0.0,0.0,0
-0.4888412315028506,1,0.16050075868825375,-1.6994349900209527,-1.0223976130812507,0.7168853643458143,1,0,-0.6502773395532757,1,1.0,0.0,0.0,0
-0.14243673165881396,0,-1.79053737766284,-1.6994349900209527,1.124968429098549,-1.0457411022578735,1,1,-1.661179962312366,0,0.0,0.0,1.0,0
-0.341881746720532,1,-0.22970686858196498,0.38162715881804715,-1.0223976130812507,0.7168853643458143,0,0,-0.26159546344594803,1,1.0,0.0,0.0,0
1.1592044192702933,1,-1.79053737766284,-0.6589039156014528,0.905918902092873,0.7168853643458143,0,1,0.8747932511098523,0,0.0,1.0,0.0,0
0.6553433285880582,1,-1.0101221231224025,-0.6589039156014528,0.6861466243533796,0.7168853643458143,1,1,1.4604769603698382,0,0.0,1.0,0.0,0
-0.016471458988255198,0,0.2580526655058084,0.03478346734488051,-1.0223976130812507,-1.0457411022578735,0,0,-1.0958926897497787,1,1.0,0.0,0.0,1
2.030464221908325,1,-1.1076740299399572,0.38162715881804715,0.5344838178722964,0.7168853643458143,0,0,0.919984920510382,0,1.0,0.0,0.0,0
-2.9451640485787465,0,0.7458121995935818,0.38162715881804715,-1.0223976130812507,-1.0457411022578735,1,0,0.9996804376524883,1,1.0,0.0,0.0,1
0.09899670762642368,0,-0.03460305494685562,0.38162715881804715,1.0239693698447798,-1.0457411022578735,1,1,-1.5869013107098575,0,1.0,0.0,0.0,0
1.3061639040526118,1,-0.3272587753995197,-1.3525912985477861,-1.0223976130812507,0.7168853643458143,0,0,-0.9992576267525157,1,0.0,0.0,1.0,0
0.41390988930282063,0,-0.7174664026697384,1.0753145417643806,-1.0223976130812507,0.7168853643458143,0,0,1.5850603569067143,1,1.0,0.0,0.0,0
-0.17392804982645366,0,-0.5223625890346291,-1.3525912985477861,1.6723885652436932,-1.0457411022578735,0,1,0.7923183416820384,0,1.0,0.0,0.0,0
0.5608693740851391,1,-0.3272587753995197,-1.3525912985477861,0.6933665610910404,-1.0457411022578735,1,1,0.48991907303588406,0,0.0,0.0,1.0,0
-0.8352457313468872,0,-0.1321549617644103,-0.31206022412828616,-1.0223976130812507,-1.0457411022578735,1,1,-0.34407939462150555,1,1.0,0.0,0.0,0
0.18297355607346286,1,0.7458121995935818,-1.0057476070746194,1.791627617275706,-1.0457411022578735,1,0,-0.16523486977427723,0,1.0,0.0,0.0,1
-0.05845988321177479,1,-0.22970686858196498,0.7284708502912138,-1.0223976130812507,0.7168853643458143,1,0,-1.4888538237052322,1,1.0,0.0,0.0,0
0.5923606922527789,1,0.3556045723233631,-1.6994349900209527,0.7352978622447137,-1.0457411022578735,0,1,1.1825408547117806,0,0.0,0.0,1.0,0
1.2641754798290923,0,-0.42481068221707435,0.03478346734488051,0.5351110501783993,-1.0457411022578735,1,1,1.2648648233600333,0,0.0,1.0,0.0,0
0.6028577983086588,0,-0.7174664026697384,-0.31206022412828616,0.9937863520701312,-1.0457411022578735,1,1,0.12011555107290045,0,1.0,0.0,0.0,0
-0.4258585951675712,1,0.16050075868825375,1.422158233237547,-1.0223976130812507,0.7168853643458143,0,0,-0.10402873065263507,1,1.0,0.0,0.0,0
-0.17392804982645366,0,-0.8150183094872931,0.03478346734488051,-0.5037689539063323,-1.0457411022578735,0,1,0.7240368968922671,0,0.0,1.0,0.0,0
0.8442912375938965,0,-0.5223625890346291,-0.31206022412828616,-1.0223976130812507,0.7168853643458143,1,0,0.26721219861915546,1,1.0,0.0,0.0,0
0.896776767873296,1,-0.5223625890346291,0.38162715881804715,-1.0223976130812507,0.7168853643458143,0,0,-1.0611520211299257,1,1.0,0.0,0.0,0
-0.026968565044135095,1,-0.03460305494685562,1.0753145417643806,-1.0223976130812507,0.7168853643458143,1,0,-0.19178448542329277,1,1.0,0.0,0.0,0
1.2641754798290923,0,0.3556045723233631,0.03478346734488051,1.3539948800404626,-1.0457411022578735,1,1,-1.056484134148218,0,1.0,0.0,0.0,0
0.3929156771910608,0,-0.7174664026697384,1.7690019247107138,-1.0223976130812507,0.7168853643458143,1,0,1.0631203268164824,1,1.0,0.0,0.0,0
-1.8429679127113574,1,-0.1321549617644103,1.0753145417643806,1.4308580594845848,0.7168853643458143,1,1,1.3076084762092943,0,1.0,0.0,0.0,0
0.3194359347999015,1,-0.3272587753995197,1.0753145417643806,-1.0223976130812507,0.7168853643458143,1,0,-1.5506920056543918,1,1.0,0.0,0.0,0
0.10949381368230357,1,-0.7174664026697384,-1.3525912985477861,0.8987097574878545,-1.0457411022578735,1,1,-1.2397265875254335,0,1.0,0.0,0.0,0
-0.8037544131792476,1,-0.6199144958521837,1.422158233237547,1.267921662384129,0.7168853643458143,0,1,0.49125134228444517,0,0.0,0.0,1.0,0
0.5923606922527789,1,-0.22970686858196498,1.0753145417643806,1.1342466027153528,-1.0457411022578735,1,1,0.7556067681704478,0,1.0,0.0,0.0,0
1.096221782935014,1,-0.22970686858196498,1.422158233237547,1.033550689635206,-1.0457411022578735,1,1,-0.3235802487959457,0,1.0,0.0,0.0,0
-0.9402167919056862,1,0.16050075868825375,1.0753145417643806,-0.5609189339282411,-1.0457411022578735,1,1,-0.07933915649519697,0,0.0,0.0,1.0,0
0.9492622981526954,0,-1.6929854708452852,-0.31206022412828616,0.2827352564968696,0.7168853643458143,1,0,1.1792284853285895,0,1.0,0.0,0.0,0
0.7183259649233377,0,-0.22970686858196498,-1.3525912985477861,0.8920147694111054,-1.0457411022578735,1,1,0.05262819357973841,0,1.0,0.0,0.0,0
2.030464221908325,0,-0.42481068221707435,1.422158233237547,0.47399230364645734,0.7168853643458143,1,0,-0.03899685000214571,0,1.0,0.0,0.0,0
-0.15293383771469388,1,-0.03460305494685562,-0.6589039156014528,-1.0223976130812507,0.7168853643458143,0,0,1.2448315120093252,1,1.0,0.0,0.0,0
1.201192843493813,1,-1.9856411912979492,-1.3525912985477861,-1.0223976130812507,0.7168853643458143,0,0,-1.0092327303397035,1,0.0,0.0,1.0,0
-0.5938122920616495,0,0.06294885187069905,0.03478346734488051,-1.0223976130812507,0.7168853643458143,0,0,0.32198027975465343,1,1.0,0.0,0.0,0
0.04651117734702419,0,0.2580526655058084,0.03478346734488051,-0.570046984147693,-1.0457411022578735,1,0,-0.5226947323770097,0,0.0,0.0,1.0,1
1.0647304647673743,1,-0.6199144958521837,-0.31206022412828616,1.5976364558056793,0.7168853643458143,1,1,0.2743222033170689,0,0.0,1.0,0.0,0
-2.60925665479059,0,4.45278465866066,1.0753145417643806,0.3930371340882524,-1.0457411022578735,0,0,1.540132226637395,0,1.0,0.0,0.0,1
-0.35237885277641195,0,-1.4003297503926213,0.03478346734488051,-1.0223976130812507,0.7168853643458143,1,0,0.28533758381718405,1,1.0,0.0,0.0,0
0.4978867377498598,1,0.2580526655058084,-0.31206022412828616,0.7337690841714669,0.7168853643458143,1,1,-0.9819219914723734,0,0.0,1.0,0.0,0
-1.045187852464485,1,0.3556045723233631,0.38162715881804715,1.8418993040425542,-1.0457411022578735,1,0,0.8888277941914831,0,1.0,0.0,0.0,1
-1.8219737005995975,1,-1.1076740299399572,-1.3525912985477861,0.23086955563110156,-1.0457411022578735,1,1,-1.69351598816818,0,1.0,0.0,0.0,0
1.1592044192702933,0,-0.3272587753995197,1.422158233237547,-1.0223976130812507,0.7168853643458143,1,0,-1.0444754939205325,1,1.0,0.0,0.0,0
2.030464221908325,0,-0.8150183094872931,-0.6589039156014528,-1.0223976130812507,0.7168853643458143,1,0,0.294580711371076,1,1.0,0.0,0.0,0
-0.18442515588233357,1,-1.1076740299399572,1.0753145417643806,-1.0223976130812507,0.7168853643458143,1,0,1.6054155017586704,1,1.0,0.0,0.0,0
1.1487073132144134,1,0.8433641064111366,1.422158233237547,1.0601615115052723,-1.0457411022578735,1,0,1.2183150339337534,0,0.0,1.0,0.0,1
2.030464221908325,0,-0.3272587753995197,1.422158233237547,-1.0223976130812507,0.7168853643458143,0,0,-1.2905285695566076,1,1.0,0.0,0.0,0
1.49511181305845,0,-0.8150183094872931,1.422158233237547,-1.0223976130812507,0.7168853643458143,1,0,0.6439159696450073,1,1.0,0.0,0.0,0
-0.07945409532353459,1,0.06294885187069905,-0.6589039156014528,0.7993209810702719,-1.0457411022578735,1,1,-0.6831956151288672,0,1.0,0.0,0.0,0
0.9492622981526954,0,0.2580526655058084,0.03478346734488051,0.5001173184710158,0.7168853643458143,1,0,1.6519037004070833,0,0.0,0.0,1.0,0
-0.08995120137941448,1,-0.5223625890346291,0.7284708502912138,1.1512345470304899,-1.0457411022578735,1,1,0.30054165769768865,0,1.0,0.0,0.0,0
-0.5623209738940099,1,-0.3272587753995197,-1.3525912985477861,0.6744804900437213,0.7168853643458143,1,1,0.5320383168441797,0,0.0,1.0,0.0,0
-1.3496039280850023,0,-0.6199144958521837,-1.6994349900209527,0.07515212880866673,-1.0457411022578735,1,1,1.2247990681343617,0,0.0,0.0,1.0,0
1.4216320706672907,1,-0.8150183094872931,1.0753145417643806,-1.0223976130812507,0.7168853643458143,1,0,1.7337472609879754,1,1.0,0.0,0.0,0
0.27744751057638195,1,-1.3027778435750665,-0.31206022412828616,-1.0223976130812507,0.7168853643458143,1,0,0.9192576288461068,1,1.0,0.0,0.0,0
0.11999091973818347,1,-0.03460305494685562,-1.3525912985477861,1.35999482255973,-1.0457411022578735,1,1,-0.5264460444869701,0,0.0,0.0,1.0,0
1.1487073132144134,0,-1.0101221231224025,-0.31206022412828616,0.43851534211927184,-1.0457411022578735,0,1,-1.3552818169979306,0,0.0,1.0,0.0,0
0.9177709799850557,1,-0.22970686858196498,-1.0057476070746194,1.4550321144499963,-1.0457411022578735,1,1,-0.21687379240384397,0,0.0,0.0,1.0,0
0.13048802579406338,1,-1.4978816572101759,-1.3525912985477861,-1.0223976130812507,0.7168853643458143,0,0,-0.5833736197410823,1,1.0,0.0,0.0,0
0.19347066212934275,0,-0.03460305494685562,-1.3525912985477861,0.6530709928773968,-1.0457411022578735,0,0,-1.34709926528939,0,1.0,0.0,0.0,1
-0.5728180799498898,0,0.3556045723233631,-1.3525912985477861,1.215152482831938,-1.0457411022578735,1,1,0.6901834824639936,0,0.0,0.0,1.0,0
-0.016471458988255198,0,-0.42481068221707435,-0.6589039156014528,-1.0223976130812507,0.7168853643458143,1,0,1.0396724574398686,1,1.0,0.0,0.0,0
2.019967115852445,0,1.0384679200462459,1.422158233237547,1.118872484921748,-1.0457411022578735,1,0,1.2377671365355778,0,0.0,1.0,0.0,1
-1.4335807765320414,1,0.4531564791409178,-0.6589039156014528,1.4067208910620848,2.479511830949502,0,1,-1.2904669787787408,0,0.0,1.0,0.0,1
-1.0871762766880049,1,0.4531564791409178,0.38162715881804715,0.34998828343798405,0.7168853643458143,1,1,1.0558998057087066,0,0.0,1.0,0.0,0
1.49511181305845,0,0.06294885187069905,0.7284708502912138,1.6739539077066383,0.7168853643458143,0,1,0.6909239597595865,0,0.0,1.0,0.0,0
1.50560891911433,0,0.16050075868825375,-0.6589039156014528,0.2000628492356952,0.7168853643458143,1,0,0.5699076234845174,0,1.0,0.0,0.0,0
0.781308601258617,0,-1.2052259367575118,-0.6589039156014528,-1.0223976130812507,0.7168853643458143,1,0,-1.0759530657794876,1,0.0,0.0,1.0,0
-0.5938122920616495,1,0.16050075868825375,-1.3525912985477861,1.2509859068895306,-1.0457411022578735,1,1,-0.5536192017012062,0,1.0,0.0,0.0,0
-1.2341357614703234,1,-1.79053737766284,-1.6994349900209527,0.3219454905352381,-1.0457411022578735,1,1,0.8161048735893455,0,1.0,0.0,0.0,0
0.4663954195822201,0,0.3556045723233631,0.03478346734488051,-1.0223976130812507,0.7168853643458143,0,0,-1.309941288759627,1,0.0,0.0,1.0,0
0.3089388287440216,1,-0.5223625890346291,1.422158233237547,1.263570822163239,0.7168853643458143,0,1,1.462960716921785,0,0.0,1.0,0.0,0
0.22496198029698244,0,-0.1321549617644103,1.0753145417643806,1.3776584832395569,0.7168853643458143,1,1,-1.3574466894661614,0,0.0,1.0,0.0,0
1.3586494343320115,1,-0.42481068221707435,1.422158233237547,-1.0223976130812507,0.7168853643458143,1,0,0.7773203800384517,1,1.0,0.0,0.0,0
2.030464221908325,1,-0.7174664026697384,-1.3525912985477861,0.5303697602631093,0.7168853643458143,1,0,0.11833306191289052,0,1.0,0.0,0.0,0
0.9702565102644553,1,0.16050075868825375,-1.3525912985477861,1.2212450444000007,-1.0457411022578735,1,0,1.4424700723585224,0,1.0,0.0,0.0,1
1.1172159950467737,0,-0.7174664026697384,-0.31206022412828616,-1.0223976130812507,0.7168853643458143,0,0,-0.8554853197547277,1,1.0,0.0,0.0,0
0.24595619240874225,0,-0.8150183094872931,1.0753145417643806,1.2558980990844237,-1.0457411022578735,1,1,-1.44755052758231,0,1.0,0.0,0.0,0
1.1801986313820532,0,-1.3027778435750665,1.7690019247107138,-1.0223976130812507,0.7168853643458143,0,0,1.5304378382011607,1,1.0,0.0,0.0,0
-0.646297822341049,1,-0.22970686858196498,0.38162715881804715,0.3591309916286365,-1.0457411022578735,1,1,-1.2996667325454023,0,0.0,0.0,1.0,0
-1.0136965342968456,0,-0.5223625890346291,1.422158233237547,-1.0223976130812507,-1.0457411022578735,0,1,1.451193234951099,1,0.0,0.0,1.0,0
0.04651117734702419,0,-0.7174664026697384,-0.6589039156014528,1.1354538718818243,-1.0457411022578735,1,1,1.1532828062929665,0,1.0,0.0,0.0,0
-0.6148065041734093,0,1.1360198268638007,0.03478346734488051,0.40119437559972226,2.479511830949502,0,1,-0.6168857692114289,0,0.0,1.0,0.0,1
-0.43635570122345113,1,1.9164350814042381,-0.6589039156014528,0.14233605388554957,-1.0457411022578735,1,1,-0.24335331601269572,0,0.0,1.0,0.0,1
2.030464221908325,0,0.06294885187069905,-1.0057476070746194,-1.0223976130812507,0.7168853643458143,1,0,1.3834123236659637,1,1.0,0.0,0.0,0
-1.4230836704761616,1,0.4531564791409178,1.0753145417643806,-1.0223976130812507,-1.0457411022578735,1,1,-0.11335340092651963,1,1.0,0.0,0.0,0
-0.22641358010585316,1,-0.9125702163048478,0.7284708502912138,0.6754459832236857,-1.0457411022578735,1,1,0.8699095361628876,0,1.0,0.0,0.0,0
-0.4048643830558114,1,-0.8150183094872931,-0.6589039156014528,1.133519663989764,-1.0457411022578735,1,1,-1.1850877602758816,0,1.0,0.0,0.0,0
-1.0556849585203651,1,-0.22970686858196498,0.7284708502912138,1.4722292972771072,0.7168853643458143,1,1,-1.1740238011340685,0,1.0,0.0,0.0,0
0.9702565102644553,0,-1.1076740299399572,1.422158233237547,-1.0223976130812507,0.7168853643458143,1,0,0.5729028437354816,1,1.0,0.0,0.0,0
-1.7379968521525584,0,-0.22970686858196498,-1.6994349900209527,-0.16274577731838388,-1.0457411022578735,1,1,0.07322380270809802,0,1.0,0.0,0.0,0
-0.4048643830558114,0,-1.4003297503926213,0.7284708502912138,1.051244471640467,-1.0457411022578735,0,1,-1.085489747125353,0,1.0,0.0,0.0,0
0.371921465079301,0,-1.0101221231224025,1.0753145417643806,0.5087808237570316,0.7168853643458143,1,0,-0.9593141856068329,0,1.0,0.0,0.0,0
0.7708114952027372,0,-0.42481068221707435,0.03478346734488051,0.17274860582460413,0.7168853643458143,1,0,-0.049239483108968765,0,1.0,0.0,0.0,0
0.09899670762642368,0,-1.1076740299399572,-0.31206022412828616,-1.0223976130812507,0.7168853643458143,0,0,-0.19018815655807478,1,1.0,0.0,0.0,0
1.1067188889908939,0,-1.8880892844803947,0.38162715881804715,-1.0223976130812507,0.7168853643458143,1,0,-0.7670817340980007,1,0.0,0.0,1.0,0
0.5818635861968989,0,-0.8150183094872931,0.38162715881804715,-1.0223976130812507,0.7168853643458143,1,0,0.9143950803073104,1,0.0,0.0,1.0,0
-0.15293383771469388,1,-0.3272587753995197,-0.31206022412828616,0.9987322092758041,-1.0457411022578735,1,1,-0.13772218255360377,0,1.0,0.0,0.0,0
-0.5413267617822501,1,-1.1076740299399572,1.422158233237547,-1.0223976130812507,0.7168853643458143,1,0,1.7068140475646962,1,1.0,0.0,0.0,0
0.23545908635286236,1,0.06294885187069905,-1.0057476070746194,1.3323213783159193,0.7168853643458143,1,1,1.6353801959190382,0,0.0,1.0,0.0,0
0.21446487424110255,0,0.5507083859584725,-0.31206022412828616,1.3739488889895437,0.7168853643458143,1,1,1.5847766923382296,0,0.0,1.0,0.0,0
-0.13193962560293407,1,1.1360198268638007,1.422158233237547,0.21494455584292216,4.242138297553191,1,0,1.6769610842802334,0,1.0,0.0,0.0,1
0.8442912375938965,1,-1.0101221231224025,1.0753145417643806,-1.0223976130812507,0.7168853643458143,1,0,0.11583230283634957,1,1.0,0.0,0.0,0
-0.04796277715589489,1,-1.1076740299399572,-1.0057476070746194,1.6599769683986871,0.7168853643458143,0,1,0.8031800054802104,0,0.0,1.0,0.0,0
0.025516965235264394,1,2.1115388950393474,-1.0057476070746194,-1.0223976130812507,-1.0457411022578735,1,0,1.3492169502991678,1,0.0,0.0,1.0,1
-0.16343094377057377,0,-0.22970686858196498,-1.3525912985477861,-1.0223976130812507,0.7168853643458143,1,0,0.04003886508861569,1,0.0,0.0,1.0,0
-0.23691068616173305,1,-0.1321549617644103,-0.6589039156014528,0.7725236324897623,0.7168853643458143,1,1,1.1679499126875614,0,0.0,1.0,0.0,0
0.04651117734702419,0,-0.42481068221707435,-1.6994349900209527,-1.0223976130812507,0.7168853643458143,1,0,1.489317405965201,1,1.0,0.0,0.0,0
-0.6987833526204486,0,2.1115388950393474,0.38162715881804715,1.3575374378494305,-1.0457411022578735,1,0,-0.19965075547535113,0,1.0,0.0,0.0,1
-0.16343094377057377,1,-0.7174664026697384,1.422158233237547,0.789633511796096,-1.0457411022578735,1,1,-1.1707801358298495,0,1.0,0.0,0.0,0
-2.4727942760641515,1,-0.42481068221707435,0.38162715881804715,0.4389434837396164,-1.0457411022578735,1,1,-1.51896477427614,0,0.0,0.0,1.0,0
-0.28939621644113256,0,0.16050075868825375,1.422158233237547,1.1909429910130742,-1.0457411022578735,1,0,1.321410015305925,0,1.0,0.0,0.0,1
0.06750538945878398,1,0.16050075868825375,0.38162715881804715,1.4939119803682268,-1.0457411022578735,0,1,-1.1469051213965933,0,1.0,0.0,0.0,0
-0.27889911038525267,0,-0.7174664026697384,-1.0057476070746194,0.7876764310258981,0.7168853643458143,1,1,0.5457180623462682,0,0.0,1.0,0.0,0
1.5266031312260897,1,-0.9125702163048478,1.422158233237547,1.0299527214735675,-1.0457411022578735,1,1,0.6028177447881093,0,1.0,0.0,0.0,0
0.886279661817416,1,0.16050075868825375,-0.31206022412828616,0.665431206284897,-1.0457411022578735,1,0,0.615042906961648,0,0.0,0.0,1.0,1
1.8520134189583666,0,0.06294885187069905,-0.6589039156014528,-1.0223976130812507,0.7168853643458143,1,0,-1.700299648490974,1,1.0,0.0,0.0,0
-0.5938122920616495,1,-0.22970686858196498,-0.31206022412828616,-1.0223976130812507,0.7168853643458143,1,0,0.7620210573211897,1,0.0,0.0,1.0,0
0.5083838438057396,0,0.4531564791409178,0.7284708502912138,0.2658052997601088,-1.0457411022578735,1,1,0.058896746805387146,0,0.0,1.0,0.0,0
-0.4573499133352109,1,-0.5223625890346291,-0.6589039156014528,1.4861517926920278,0.7168853643458143,1,1,-0.7280272820953868,0,0.0,1.0,0.0,0
0.371921465079301,0,-0.9125702163048478,-0.31206022412828616,-1.0223976130812507,0.7168853643458143,0,0,0.6795220320676761,1,0.0,0.0,1.0,0
-0.24740779221761294,0,-0.8150183094872931,0.38162715881804715,-1.0223976130812507,0.7168853643458143,0,0,-1.0075092295303265,1,1.0,0.0,0.0,0
0.015019859179384495,0,-0.6199144958521837,0.03478346734488051,1.32212184650936,-1.0457411022578735,1,1,-1.1837374475318327,0,0.0,0.0,1.0,0
1.6210770857290089,0,-0.42481068221707435,-1.3525912985477861,1.3824308609399207,0.7168853643458143,1,1,1.502921334087211,0,0.0,1.0,0.0,0
-0.5098354436146104,1,-1.0101221231224025,-0.31206022412828616,0.5348863483121915,-1.0457411022578735,1,1,-0.8775412375515519,0,0.0,1.0,0.0,0
-1.1291647009115244,0,0.06294885187069905,0.7284708502912138,-1.0223976130812507,-1.0457411022578735,0,0,-0.32017419203233716,1,0.0,0.0,1.0,1
1.201192843493813,0,1.8188831745866834,-0.31206022412828616,-1.0223976130812507,-1.0457411022578735,0,0,-0.2400641949794597,1,1.0,0.0,0.0,1
-0.11094541349117427,1,1.33112364049891,1.0753145417643806,-0.061262682861779626,-1.0457411022578735,0,0,1.2627358643876292,0,1.0,0.0,0.0,1
0.3824185711351809,1,0.16050075868825375,-0.31206022412828616,1.0822608997776677,-1.0457411022578735,1,1,0.03826175427822251,0,1.0,0.0,0.0,0
-0.14243673165881396,1,-0.1321549617644103,0.38162715881804715,-1.0223976130812507,0.7168853643458143,0,0,0.7415383935347772,1,1.0,0.0,0.0,0
1.9989729037406851,1,1.2335717336813552,0.03478346734488051,0.5491582188868285,-1.0457411022578735,0,0,0.7715407361424611,0,1.0,0.0,0.0,1
1.211689949549693,1,-0.22970686858196498,-0.6589039156014528,0.7821408723634603,-1.0457411022578735,1,1,1.5134804223456653,0,0.0,0.0,1.0,0
1.2221870556055727,0,0.2580526655058084,0.03478346734488051,-1.0223976130812507,-1.0457411022578735,1,0,-1.2395657575223844,1,0.0,0.0,1.0,1
1.4426262827790506,1,-0.5223625890346291,-1.6994349900209527,-1.0223976130812507,0.7168853643458143,0,0,1.3603598497337395,1,1.0,0.0,0.0,0
1.190695737437933,0,2.891954149579785,-1.0057476070746194,1.9342479052154422,-1.0457411022578735,0,0,1.0382586454713152,0,1.0,0.0,0.0,1
0.03601407129114429,1,-0.3272587753995197,1.0753145417643806,-0.07782135802032591,-1.0457411022578735,0,1,1.7169161496008936,0,0.0,1.0,0.0,0
-1.4860663068114408,0,-1.3027778435750665,0.7284708502912138,0.2588635423220473,-1.0457411022578735,0,1,-1.0572931420276346,0,1.0,0.0,0.0,0
0.4244069953587005,0,0.06294885187069905,0.38162715881804715,1.418769743389026,-1.0457411022578735,1,1,-0.9501864323269733,0,1.0,0.0,0.0,0
0.25645329846462217,1,-0.42481068221707435,0.7284708502912138,-1.0223976130812507,0.7168853643458143,0,0,0.5373661793723811,1,1.0,0.0,0.0,0
1.5266031312260897,1,-0.03460305494685562,-1.3525912985477861,1.273863939478233,-1.0457411022578735,1,1,1.2627691754562222,0,1.0,0.0,0.0,0
0.791805707314497,1,1.1360198268638007,0.38162715881804715,1.3186698137533017,-1.0457411022578735,0,0,-0.13493602395708829,0,0.0,1.0,0.0,1
-0.06895698926765469,0,2.501746522309566,0.7284708502912138,1.265347013904224,-1.0457411022578735,1,0,-1.170025605427194,0,1.0,0.0,0.0,1
0.15148223790582316,0,-0.03460305494685562,0.38162715881804715,1.1059030797880836,-1.0457411022578735,0,1,-0.4102233791765758,0,1.0,0.0,0.0,0
-0.8352457313468872,1,0.2580526655058084,0.38162715881804715,-1.0223976130812507,-1.0457411022578735,1,1,1.178163398609366,1,1.0,0.0,0.0,0
-1.6750142158172792,1,-1.1076740299399572,1.422158233237547,0.18991582840288762,-1.0457411022578735,1,1,1.1296517260390926,0,0.0,0.0,1.0,0
0.4873896316939799,1,0.3556045723233631,1.422158233237547,-0.003958552527354059,-1.0457411022578735,0,1,0.6523887787376921,0,0.0,1.0,0.0,0
0.025516965235264394,0,1.1360198268638007,-0.6589039156014528,-1.0223976130812507,-1.0457411022578735,1,0,1.451903003605333,1,1.0,0.0,0.0,1
0.371921465079301,0,-0.42481068221707435,-0.31206022412828616,0.7445979422800151,-1.0457411022578735,1,1,-1.0724550565869513,0,0.0,0.0,1.0,0
0.6028577983086588,1,0.7458121995935818,-1.3525912985477861,-1.0223976130812507,-1.0457411022578735,1,0,0.910054578671616,1,1.0,0.0,0.0,1
0.4768925256381,1,0.16050075868825375,-0.6589039156014528,1.3705039436041757,-1.0457411022578735,0,1,0.8040230184088154,0,1.0,0.0,0.0,0
-0.3943672769999315,0,-1.0101221231224025,-0.6589039156014528,-1.0223976130812507,0.7168853643458143,1,0,-0.8036206799364153,1,1.0,0.0,0.0,0
-0.4888412315028506,0,-1.1076740299399572,1.422158233237547,1.5477718096237107,-1.0457411022578735,0,1,0.06363559330300333,0,1.0,0.0,0.0,0
0.9177709799850557,1,0.3556045723233631,-1.3525912985477861,0.7884243097103448,-1.0457411022578735,1,1,-0.2895753731026647,0,1.0,0.0,0.0,0
-0.6148065041734093,1,-1.0101221231224025,1.0753145417643806,1.0714655456032922,0.7168853643458143,0,1,-0.9311923569182992,0,1.0,0.0,0.0,0
-0.9927023221850857,1,-0.22970686858196498,0.03478346734488051,-1.0223976130812507,-1.0457411022578735,0,1,1.4422587552671369,1,0.0,0.0,1.0,0
-2.000424503549556,0,0.8433641064111366,0.03478346734488051,0.6219645229171066,-1.0457411022578735,1,1,1.4542819690873316,0,0.0,1.0,0.0,1
0.06750538945878398,1,-0.22970686858196498,1.7690019247107138,-1.0223976130812507,0.7168853643458143,1,0,0.6356157882254988,1,1.0,0.0,0.0,0
-0.446852807279331,0,-0.7174664026697384,0.7284708502912138,0.9201762757729159,0.7168853643458143,1,1,-0.9290694702761072,0,0.0,1.0,0.0,0
1.5790886615054893,1,0.3556045723233631,0.7284708502912138,0.8827312802662839,-1.0457411022578735,1,1,-1.2808780753930502,0,1.0,0.0,0.0,0
0.6133549043645387,1,-1.6929854708452852,1.0753145417643806,-1.0223976130812507,0.7168853643458143,1,0,-0.5386500402523401,1,1.0,0.0,0.0,0
0.5608693740851391,0,2.306642708674457,1.422158233237547,1.3649890027473828,-1.0457411022578735,1,0,-0.8872970432705038,0,0.0,1.0,0.0,1
-0.13193962560293407,0,0.16050075868825375,1.7690019247107138,1.2194822220173631,-1.0457411022578735,1,1,-1.3836921681191192,0,1.0,0.0,0.0,0
0.9177709799850557,0,-1.2052259367575118,0.03478346734488051,1.656272367523479,-1.0457411022578735,1,1,1.422327632559143,0,0.0,0.0,1.0,0
-0.6672920344528088,0,0.16050075868825375,-1.0057476070746194,-1.0223976130812507,-1.0457411022578735,1,1,-1.6398528976361573,1,0.0,0.0,1.0,0
1.1592044192702933,1,0.8433641064111366,0.03478346734488051,-1.0223976130812507,-1.0457411022578735,1,0,0.3860414550469323,1,0.0,0.0,1.0,1
-0.6043093981175295,1,2.209090801856902,-1.3525912985477861,0.9868391180274456,-1.0457411022578735,0,1,-0.16176687524250416,0,0.0,1.0,0.0,1
-1.2026444433026837,1,-0.1321549617644103,1.0753145417643806,-1.0223976130812507,-1.0457411022578735,1,1,-1.715980660535861,1,0.0,0.0,1.0,0
1.4216320706672907,1,-0.8150183094872931,-1.3525912985477861,1.0263012758785375,-1.0457411022578735,1,1,0.24011399130925296,0,1.0,0.0,0.0,0
1.085724676879134,1,-0.9125702163048478,0.03478346734488051,0.6464726507646079,0.7168853643458143,0,1,-0.23211863764434476,0,0.0,1.0,0.0,0
0.41390988930282063,1,-0.9125702163048478,1.0753145417643806,-1.0223976130812507,0.7168853643458143,1,0,1.5866561652864857,1,1.0,0.0,0.0,0
-0.43635570122345113,1,0.2580526655058084,-0.31206022412828616,1.0778129303629973,-1.0457411022578735,0,1,0.5369386873254408,0,1.0,0.0,0.0,0
0.20396776818522266,1,-1.4978816572101759,-1.3525912985477861,0.7138063770856292,-1.0457411022578735,0,1,0.2891333106852683,0,1.0,0.0,0.0,0
0.19347066212934275,0,2.209090801856902,0.03478346734488051,-0.02283399251863744,2.479511830949502,1,0,1.1553310900211224,0,1.0,0.0,0.0,1
0.28794461663226184,1,-0.3272587753995197,-0.6589039156014528,1.1872414505933915,-1.0457411022578735,1,1,-1.0834685286404284,0,1.0,0.0,0.0,0
1.190695737437933,1,-0.1321549617644103,0.03478346734488051,1.2575976183606672,0.7168853643458143,0,1,1.398600262497618,0,0.0,1.0,0.0,0
0.5293780559174995,1,-0.8150183094872931,1.0753145417643806,-1.0223976130812507,0.7168853643458143,1,0,-1.1546837763984468,1,1.0,0.0,0.0,0
0.4558983135263402,0,-1.2052259367575118,-1.0057476070746194,-1.0223976130812507,0.7168853643458143,0,0,-0.8616149033660911,1,1.0,0.0,0.0,0
-1.6435228976496394,1,0.16050075868825375,-1.3525912985477861,0.5723290887463311,-1.0457411022578735,1,1,0.9218210196714081,0,0.0,0.0,1.0,0
0.10949381368230357,1,0.16050075868825375,1.0753145417643806,0.15258036498874383,0.7168853643458143,1,0,-0.01356922748119941,0,1.0,0.0,0.0,0
0.7288230709792175,0,-0.6199144958521837,1.0753145417643806,-1.0223976130812507,0.7168853643458143,0,0,1.480989638817014,1,1.0,0.0,0.0,0
-2.976655366746386,1,0.3556045723233631,0.7284708502912138,-1.0223976130812507,-1.0457411022578735,1,0,-0.3804269753106609,1,1.0,0.0,0.0,1
-3.0396380030816657,1,0.3556045723233631,0.38162715881804715,0.48541279613104954,-1.0457411022578735,1,0,1.1989056111385639,0,0.0,0.0,1.0,1
0.32993304085578146,0,1.2335717336813552,0.03478346734488051,-1.0223976130812507,-1.0457411022578735,1,0,-0.14034889910826095,1,1.0,0.0,0.0,1
-0.16343094377057377,0,-0.1321549617644103,-1.0057476070746194,-1.0223976130812507,0.7168853643458143,1,0,-1.661627926786879,1,1.0,0.0,0.0,0
0.14098513184994327,1,-0.1321549617644103,-1.6994349900209527,1.8567293050590623,-1.0457411022578735,1,1,1.6443863290995047,0,0.0,0.0,1.0,0
-0.4048643830558114,0,-0.3272587753995197,1.7690019247107138,-1.0223976130812507,0.7168853643458143,1,0,1.4005593697192291,1,1.0,0.0,0.0,0
0.25645329846462217,1,-0.03460305494685562,-1.0057476070746194,0.5853311924311352,0.7168853643458143,1,0,-1.3217226503422266,0,0.0,0.0,1.0,0
0.371921465079301,0,-0.42481068221707435,0.7284708502912138,-1.0223976130812507,0.7168853643458143,1,0,1.6544672647275336,1,1.0,0.0,0.0,0
1.0437362526556144,1,-0.6199144958521837,-1.6994349900209527,0.7418448209199969,0.7168853643458143,1,1,-0.755351033098886,0,0.0,1.0,0.0,0
0.3089388287440216,1,-0.3272587753995197,-1.0057476070746194,0.7388594270932606,0.7168853643458143,0,1,-0.23717376579844304,0,0.0,1.0,0.0,0
0.08849960157054378,0,-1.4978816572101759,1.422158233237547,1.2918367061661264,-1.0457411022578735,1,1,0.2677675565908501,0,1.0,0.0,0.0,0
0.10949381368230357,1,0.06294885187069905,0.7284708502912138,1.6765556170564517,-1.0457411022578735,1,1,-1.0154773412348013,0,0.0,0.0,1.0,0
0.8023028133703768,0,-1.0101221231224025,0.03478346734488051,-1.0223976130812507,0.7168853643458143,0,0,-1.5085828245647335,1,1.0,0.0,0.0,0
1.0752275708232542,0,-0.7174664026697384,-1.3525912985477861,0.747006359701908,-1.0457411022578735,1,1,-1.0010853981463939,0,1.0,0.0,0.0,0
-0.0059743529323753,1,-0.3272587753995197,0.38162715881804715,-1.0223976130812507,0.7168853643458143,1,0,-1.7042140460409196,1,1.0,0.0,0.0,0
0.10949381368230357,0,1.7213312677691288,1.0753145417643806,1.191826496200279,-1.0457411022578735,1,0,0.5401455716580884,0,0.0,1.0,0.0,1
-0.026968565044135095,1,-0.9125702163048478,-0.31206022412828616,1.1191906112197842,-1.0457411022578735,1,1,0.815452531829404,0,1.0,0.0,0.0,0
0.25645329846462217,0,0.5507083859584725,-0.6589039156014528,0.6722362096839546,0.7168853643458143,1,1,1.1076754425156226,0,0.0,1.0,0.0,0
-0.37337306488817174,0,-0.1321549617644103,1.422158233237547,0.3155249769961363,0.7168853643458143,1,0,-1.5708783397264479,0,0.0,0.0,1.0,0
-0.25790489827349283,1,0.16050075868825375,0.03478346734488051,1.3559094365865179,-1.0457411022578735,1,1,1.7342786766291187,0,1.0,0.0,0.0,0
1.726048146287808,1,-1.0101221231224025,-1.0057476070746194,-1.0223976130812507,0.7168853643458143,1,0,-0.930646888170093,1,1.0,0.0,0.0,0
1.0227420405438548,0,-0.03460305494685562,-1.0057476070746194,-1.0223976130812507,0.7168853643458143,0,0,-1.6688310983797627,1,1.0,0.0,0.0,0
0.9807536163203351,1,-0.1321549617644103,-0.6589039156014528,-1.0223976130812507,0.7168853643458143,1,0,-1.4372929738926796,1,1.0,0.0,0.0,0
0.7603143891468572,0,-0.03460305494685562,0.7284708502912138,-1.0223976130812507,0.7168853643458143,0,0,-0.9357237032178064,1,1.0,0.0,0.0,0
-0.8142515192351274,1,-0.7174664026697384,1.422158233237547,-1.0223976130812507,-1.0457411022578735,0,1,0.6824325866859676,1,1.0,0.0,0.0,0
0.8547883436497763,0,-0.1321549617644103,1.0753145417643806,0.5974844223991538,-1.0457411022578735,1,1,0.5046323291400923,0,0.0,0.0,1.0,0
0.6343491164762984,0,0.3556045723233631,0.03478346734488051,2.042983312807634,-1.0457411022578735,1,0,-0.0063466244316364205,0,0.0,0.0,1.0,1
0.03601407129114429,1,-1.8880892844803947,0.03478346734488051,1.033739471418142,-1.0457411022578735,1,1,-1.0296062656774447,0,1.0,0.0,0.0,0
-0.8877312616262867,1,-0.7174664026697384,0.03478346734488051,0.5579054840082762,-1.0457411022578735,0,1,0.3519061110016629,0,0.0,0.0,1.0,0
-1.3391068220291222,1,-0.3272587753995197,0.03478346734488051,0.5202808880852846,-1.0457411022578735,1,1,0.22672155377377706,0,0.0,0.0,1.0,0
0.5503722680292593,1,-0.6199144958521837,-0.31206022412828616,1.3503882137420675,-1.0457411022578735,0,1,-1.0210546897871504,0,1.0,0.0,0.0,0
-0.8142515192351274,0,1.1360198268638007,0.03478346734488051,0.8738126296354127,-1.0457411022578735,0,1,1.6036680586187426,0,0.0,1.0,0.0,1
0.781308601258617,1,0.2580526655058084,-0.31206022412828616,-1.0223976130812507,0.7168853643458143,1,0,-1.3431012430776648,1,0.0,0.0,1.0,0
0.14098513184994327,0,0.3556045723233631,0.38162715881804715,0.787034379671988,-1.0457411022578735,1,1,-0.590000613944401,0,1.0,0.0,0.0,0
-0.31039042855289234,1,-0.6199144958521837,1.7690019247107138,-1.0223976130812507,0.7168853643458143,1,0,0.06200734133038376,1,1.0,0.0,0.0,0
0.4558983135263402,0,0.06294885187069905,0.03478346734488051,1.3059781046894168,0.7168853643458143,1,1,1.5606030927536807,0,0.0,1.0,0.0,0
-0.3838701709440516,1,0.3556045723233631,1.422158233237547,0.9345228858930155,-1.0457411022578735,1,1,-1.2216985331059491,0,0.0,0.0,1.0,0
-0.9087254737380465,0,-0.5223625890346291,1.0753145417643806,-1.0223976130812507,-1.0457411022578735,1,1,0.4324854124323706,1,1.0,0.0,0.0,0
0.14098513184994327,0,-0.6199144958521837,-0.31206022412828616,0.6359614357242761,0.7168853643458143,0,1,0.6112032858208871,0,0.0,1.0,0.0,0
-1.6225286855378795,0,0.3556045723233631,-1.6994349900209527,1.1038570847310423,-1.0457411022578735,0,1,-1.2406400394845005,0,0.0,1.0,0.0,1
0.5503722680292593,1,-0.22970686858196498,-1.6994349900209527,-1.0223976130812507,0.7168853643458143,1,0,-0.9178212592861406,1,1.0,0.0,0.0,0
0.28794461663226184,0,-0.03460305494685562,-0.6589039156014528,1.1387430561886098,2.479511830949502,1,0,-1.6611659092053035,0,0.0,0.0,1.0,1
-0.961211004017446,1,-0.42481068221707435,0.38162715881804715,-1.0223976130812507,-1.0457411022578735,1,1,-0.6339507520592552,1,1.0,0.0,0.0,0
-1.5175576249790805,0,0.2580526655058084,1.0753145417643806,1.3156338418720925,-1.0457411022578735,1,0,-0.6045315266470936,0,1.0,0.0,0.0,1
-0.18442515588233357,1,-1.0101221231224025,1.0753145417643806,-1.0223976130812507,0.7168853643458143,1,0,0.4657904086949061,1,0.0,0.0,1.0,0
0.3089388287440216,1,-1.5954335640277306,1.0753145417643806,-1.0223976130812507,0.7168853643458143,0,0,0.739405791164246,1,0.0,0.0,1.0,0
-0.4258585951675712,1,-0.8150183094872931,-1.0057476070746194,-1.0223976130812507,0.7168853643458143,1,0,1.7242971537214213,1,0.0,0.0,1.0,0
0.17247645001758297,0,-0.1321549617644103,-1.6994349900209527,-1.0223976130812507,0.7168853643458143,0,0,-0.30123181817804145,1,0.0,0.0,1.0,0
1.6735626160084083,0,-1.3027778435750665,-1.0057476070746194,1.3994753431439746,0.7168853643458143,1,1,-1.1093760387432892,0,0.0,1.0,0.0,0
-0.6672920344528088,0,-0.3272587753995197,0.38162715881804715,1.127799833689375,0.7168853643458143,1,1,-0.3749632660808546,0,1.0,0.0,0.0,0
0.9597594042085753,1,0.5507083859584725,-0.31206022412828616,0.7914984567473182,-1.0457411022578735,0,1,-1.6944414112925223,0,1.0,0.0,0.0,0
0.5713664801410191,0,0.2580526655058084,-0.6589039156014528,1.3253730167369875,-1.0457411022578735,1,1,0.030213487814946628,0,1.0,0.0,0.0,0
-0.4153614891116913,1,1.1360198268638007,0.7284708502912138,-1.0223976130812507,-1.0457411022578735,1,0,1.4768963677685314,1,0.0,0.0,1.0,1
0.3614243590234211,0,-0.9125702163048478,1.422158233237547,-1.0223976130812507,0.7168853643458143,0,0,1.733603780499818,1,1.0,0.0,0.0,0
1.0122449344879747,0,-0.03460305494685562,0.38162715881804715,1.269133763848799,-1.0457411022578735,0,1,-1.1447761624241892,0,1.0,0.0,0.0,0
0.06750538945878398,0,-1.1076740299399572,1.422158233237547,-1.0223976130812507,0.7168853643458143,1,0,0.8871965928013321,1,1.0,0.0,0.0,0
-1.685511321873159,1,-0.8150183094872931,-1.6994349900209527,0.44281141629391774,-1.0457411022578735,0,1,-1.2476315469957011,0,1.0,0.0,0.0,0
-0.08995120137941448,0,-0.1321549617644103,0.7284708502912138,-1.0223976130812507,0.7168853643458143,1,0,1.6399682751322426,1,1.0,0.0,0.0,0
1.3481523282761316,0,-0.5223625890346291,0.03478346734488051,1.1783050815357943,0.7168853643458143,1,1,1.2041279886162213,0,0.0,1.0,0.0,0
0.25645329846462217,1,-0.42481068221707435,-0.6589039156014528,-1.0223976130812507,0.7168853643458143,0,0,-0.7615987669066642,1,1.0,0.0,0.0,0
-0.16343094377057377,1,0.16050075868825375,0.03478346734488051,0.6229214790369211,-1.0457411022578735,1,1,0.01602158463324477,0,0.0,0.0,1.0,0
-2.0214187156613157,0,-0.42481068221707435,0.03478346734488051,0.2018098861108859,-1.0457411022578735,1,1,1.0228451629460635,0,0.0,0.0,1.0,0
0.26695040452050206,0,-0.3272587753995197,-1.0057476070746194,0.8692686585632085,0.7168853643458143,1,1,-1.4365854606753816,0,0.0,1.0,0.0,0
0.5503722680292593,1,0.3556045723233631,1.422158233237547,0.8871125639658214,-1.0457411022578735,0,1,-0.39159173513399664,0,1.0,0.0,0.0,0
0.9702565102644553,0,0.4531564791409178,-1.3525912985477861,0.9783191319979111,-1.0457411022578735,1,1,1.170500117881545,0,0.0,0.0,1.0,0
1.8835047371260063,0,0.2580526655058084,0.7284708502912138,1.3986295298827145,-1.0457411022578735,1,1,0.9771694420800455,0,0.0,0.0,1.0,0
-0.05845988321177479,0,-0.22970686858196498,1.0753145417643806,-1.0223976130812507,0.7168853643458143,1,0,-0.13985756084651807,1,0.0,0.0,1.0,0
1.9674815855730454,0,-0.9125702163048478,1.0753145417643806,-1.0223976130812507,0.7168853643458143,0,0,0.8263299836861273,1,1.0,0.0,0.0,0
-0.12144251954705418,1,0.16050075868825375,0.38162715881804715,1.0943300477570403,-1.0457411022578735,1,1,1.647206319250059,0,1.0,0.0,0.0,0
1.085724676879134,0,0.2580526655058084,0.38162715881804715,-1.0223976130812507,0.7168853643458143,0,0,0.030840846273443186,1,0.0,0.0,1.0,0
1.1592044192702933,1,0.8433641064111366,-1.0057476070746194,-1.0223976130812507,-1.0457411022578735,1,0,-0.8944096503956511,1,0.0,0.0,1.0,1
-0.12144251954705418,1,-1.0101221231224025,0.7284708502912138,0.8697053372437028,0.7168853643458143,1,1,-1.1315969504267367,0,0.0,1.0,0.0,0
0.8023028133703768,1,0.06294885187069905,0.03478346734488051,0.45207364332666783,-1.0457411022578735,1,1,-0.10289320490295005,0,0.0,1.0,0.0,0
0.7288230709792175,0,-0.42481068221707435,-1.6994349900209527,1.9693547127006596,-1.0457411022578735,1,1,0.04030656810340025,0,1.0,0.0,0.0,0
-1.4335807765320414,1,-0.8150183094872931,-0.6589039156014528,1.2873851930661113,0.7168853643458143,1,1,-1.7143940473989825,0,1.0,0.0,0.0,0
0.7183259649233377,1,0.6482602927760271,1.0753145417643806,0.8608628758477539,-1.0457411022578735,0,0,1.2795409515023726,0,0.0,1.0,0.0,1
0.08849960157054378,0,-0.1321549617644103,0.03478346734488051,1.5611071808075718,-1.0457411022578735,0,1,1.4543832902543012,0,1.0,0.0,0.0,0
-0.4783441254469707,1,-0.1321549617644103,-1.3525912985477861,0.870650695847842,0.7168853643458143,0,1,1.0644045379087927,0,0.0,1.0,0.0,0
-0.4153614891116913,0,-0.3272587753995197,-1.0057476070746194,0.6609833979468337,-1.0457411022578735,1,1,0.8314382013557953,0,1.0,0.0,0.0,0
-1.3391068220291222,0,0.06294885187069905,-1.0057476070746194,0.31077595540372943,-1.0457411022578735,1,1,0.4027139918679003,0,0.0,0.0,1.0,0
-0.341881746720532,1,-0.5223625890346291,0.38162715881804715,-1.0223976130812507,0.7168853643458143,0,0,-0.4018479008624357,1,0.0,0.0,1.0,0
0.27744751057638195,0,-0.22970686858196498,0.7284708502912138,-1.0223976130812507,0.7168853643458143,1,0,0.08801374366812906,1,0.0,0.0,1.0,0
2.030464221908325,0,-0.03460305494685562,-1.0057476070746194,-1.0223976130812507,0.7168853643458143,1,0,-1.5735756688067157,1,1.0,0.0,0.0,0
-0.08995120137941448,1,-0.5223625890346291,0.7284708502912138,1.157136554972944,0.7168853643458143,0,1,1.248377232367815,0,0.0,1.0,0.0,0
-0.3943672769999315,1,-0.9125702163048478,0.03478346734488051,-1.0223976130812507,0.7168853643458143,1,0,1.6412032136022592,1,1.0,0.0,0.0,0
1.1487073132144134,0,-1.2052259367575118,-0.6589039156014528,0.6569677581442795,-1.0457411022578735,1,1,-1.7225531772624187,0,1.0,0.0,0.0,0
-0.27889911038525267,1,-0.5223625890346291,1.422158233237547,-1.0223976130812507,0.7168853643458143,1,0,-0.6056545607460564,1,1.0,0.0,0.0,0
-1.8429679127113574,1,0.5507083859584725,1.422158233237547,1.8013245900696715,-1.0457411022578735,1,0,-0.5935803393520789,0,1.0,0.0,0.0,1
-0.3838701709440516,1,-0.9125702163048478,1.422158233237547,-1.0223976130812507,0.7168853643458143,1,0,-1.5021163133741664,1,0.0,0.0,1.0,0
0.5083838438057396,1,-0.6199144958521837,-0.6589039156014528,-1.0223976130812507,0.7168853643458143,0,0,0.5181151576481559,1,1.0,0.0,0.0,0
-0.12144251954705418,0,-1.6929854708452852,-1.3525912985477861,-1.0223976130812507,0.7168853643458143,0,0,-1.2315993807693988,1,0.0,0.0,1.0,0
-0.13193962560293407,0,0.7458121995935818,0.38162715881804715,-0.8217092084619819,-1.0457411022578735,0,0,0.9902015301912134,0,0.0,0.0,1.0,1
0.6028577983086588,1,-1.0101221231224025,0.38162715881804715,0.9544048935989462,-1.0457411022578735,1,1,-0.5665716555390194,0,1.0,0.0,0.0,0
-1.370598140196762,1,1.1360198268638007,0.03478346734488051,0.9787092595390978,-1.0457411022578735,0,1,1.0365165806810037,0,0.0,1.0,0.0,1
0.03601407129114429,0,-0.7174664026697384,0.38162715881804715,1.7533658022970025,-1.0457411022578735,0,1,-0.9416489095437415,0,1.0,0.0,0.0,0
0.28794461663226184,1,-0.3272587753995197,0.38162715881804715,1.1661744022926996,-1.0457411022578735,1,1,-0.21676830735330024,0,1.0,0.0,0.0,0
0.791805707314497,0,0.6482602927760271,0.38162715881804715,0.5689168419121029,-1.0457411022578735,1,0,-0.3161412972956788,0,0.0,1.0,0.0,1
-0.29989332249701245,1,0.16050075868825375,0.03478346734488051,1.90546480422876,0.7168853643458143,1,1,0.5099778881734837,0,0.0,1.0,0.0,0
0.09899670762642368,1,-0.7174664026697384,-0.6589039156014528,0.9622607607794663,0.7168853643458143,1,1,0.21589216007330456,0,0.0,1.0,0.0,0
-0.31039042855289234,1,0.2580526655058084,-0.6589039156014528,-1.0223976130812507,0.7168853643458143,1,0,0.5726413865460582,1,1.0,0.0,0.0,0
0.8023028133703768,0,0.5507083859584725,0.38162715881804715,1.686360672253446,-1.0457411022578735,0,1,1.6912286313468643,0,1.0,0.0,0.0,0
0.8652854497056562,1,-0.1321549617644103,0.7284708502912138,0.6682698593230204,-1.0457411022578735,0,1,-0.32668772040826166,0,1.0,0.0,0.0,0
0.15148223790582316,0,0.3556045723233631,0.38162715881804715,-1.0223976130812507,0.7168853643458143,1,0,1.6913846034857443,1,1.0,0.0,0.0,0
2.030464221908325,0,-1.0101221231224025,-1.3525912985477861,0.6728586096918594,-1.0457411022578735,0,1,-0.43258378095975536,0,1.0,0.0,0.0,0
0.7393201770350974,0,1.33112364049891,-1.3525912985477861,1.470004668263346,-1.0457411022578735,1,0,-0.3375164201281386,0,0.0,0.0,1.0,1
-0.961211004017446,0,1.9164350814042381,-0.6589039156014528,0.7315372067104084,2.479511830949502,0,1,0.6273914241860689,0,0.0,1.0,0.0,1
1.3376552222202516,1,-0.03460305494685562,0.03478346734488051,1.1797275490486845,-1.0457411022578735,0,1,1.2180627719872232,0,1.0,0.0,0.0,0
-0.5203325496704903,0,-0.7174664026697384,-1.3525912985477861,0.6290222555119205,-1.0457411022578735,1,1,1.1637898460067442,0,1.0,0.0,0.0,0
-0.5203325496704903,0,-1.3027778435750665,-0.31206022412828616,0.929317534274109,-1.0457411022578735,0,1,0.27021227673428977,0,0.0,0.0,1.0,0
0.6028577983086588,0,-1.4003297503926213,0.7284708502912138,-1.0223976130812507,0.7168853643458143,1,0,1.1558487995455013,1,1.0,0.0,0.0,0
-0.55182386783813,1,1.4286755473164647,1.0753145417643806,1.304414372992538,-1.0457411022578735,1,0,1.5837565408625762,0,1.0,0.0,0.0,1
-1.475569200755561,0,0.4531564791409178,-1.0057476070746194,0.7941233611284823,0.7168853643458143,1,1,0.6879597951402786,0,1.0,0.0,0.0,0
0.8023028133703768,0,-0.6199144958521837,0.03478346734488051,-1.0223976130812507,0.7168853643458143,1,0,0.5536495665743206,1,0.0,0.0,1.0,0
1.831019206846607,0,-0.42481068221707435,-1.0057476070746194,-1.0223976130812507,0.7168853643458143,0,0,1.1472770982179323,1,1.0,0.0,0.0,0
0.24595619240874225,1,-0.3272587753995197,1.422158233237547,-1.0223976130812507,0.7168853643458143,0,0,0.7644274350367181,1,0.0,0.0,1.0,0
0.4663954195822201,1,-1.0101221231224025,-1.3525912985477861,0.6434779144946888,-1.0457411022578735,0,1,-0.40613271055532685,0,0.0,0.0,1.0,0
-0.5098354436146104,0,0.5507083859584725,0.03478346734488051,1.0095489866388572,-1.0457411022578735,0,1,0.5675213712062638,0,0.0,1.0,0.0,1
1.3271581161643717,1,0.06294885187069905,1.422158233237547,-1.0223976130812507,0.7168853643458143,1,0,0.764058063864666,1,0.0,0.0,1.0,0
1.5371002372819698,1,-0.5223625890346291,0.38162715881804715,-1.0223976130812507,0.7168853643458143,1,0,0.2769503078329175,1,1.0,0.0,0.0,0
0.06750538945878398,1,0.4531564791409178,-0.31206022412828616,0.3890205278260587,0.7168853643458143,1,0,0.8620578397033382,0,1.0,0.0,0.0,0
0.6028577983086588,0,-1.3027778435750665,-0.31206022412828616,-1.0223976130812507,0.7168853643458143,0,0,-0.29863320783750935,1,1.0,0.0,0.0,0
1.2851696919408522,0,0.9409160132286912,-1.0057476070746194,0.834658933485961,-1.0457411022578735,0,0,-0.013895571856318943,0,1.0,0.0,0.0,1
-0.15293383771469388,0,0.16050075868825375,0.7284708502912138,-1.0223976130812507,0.7168853643458143,1,0,-1.5441205298987277,1,1.0,0.0,0.0,0
-0.35237885277641195,0,-1.0101221231224025,-0.31206022412828616,-1.0223976130812507,0.7168853643458143,1,0,-1.0147026853948709,1,1.0,0.0,0.0,0
-0.20541936799409335,0,0.5507083859584725,-1.6994349900209527,1.5165334179226146,-1.0457411022578735,1,1,0.3598391766860556,0,0.0,0.0,1.0,0
2.030464221908325,1,-0.03460305494685562,-1.3525912985477861,1.3348615564020119,-1.0457411022578735,0,1,0.07266844473640338,0,0.0,0.0,1.0,0
2.030464221908325,1,-0.22970686858196498,-1.6994349900209527,-1.0223976130812507,0.7168853643458143,1,0,0.7205073115826273,1,0.0,0.0,1.0,0
2.030464221908325,1,-0.6199144958521837,1.422158233237547,1.2621088908817313,0.7168853643458143,1,1,0.8630537018581427,0,0.0,1.0,0.0,0
0.7078288588674577,0,0.16050075868825375,0.38162715881804715,0.7503221216487821,-1.0457411022578735,1,1,-0.2214299485096468,0,1.0,0.0,0.0,0
-0.15293383771469388,1,0.9409160132286912,1.422158233237547,0.8834168223039762,4.242138297553191,0,0,-0.3645242364654534,0,1.0,0.0,0.0,1
0.13048802579406338,1,-1.5954335640277306,1.7690019247107138,-1.0223976130812507,0.7168853643458143,1,0,1.3263726705456484,1,0.0,0.0,1.0,0
1.2326841616614526,0,-0.6199144958521837,-0.31206022412828616,-1.0223976130812507,0.7168853643458143,0,0,0.2634614069946418,1,1.0,0.0,0.0,0
0.8232970254821367,0,-0.03460305494685562,-1.3525912985477861,-1.0223976130812507,2.479511830949502,0,0,-0.1300084147374467,1,1.0,0.0,0.0,1
-0.6882862465645686,1,0.3556045723233631,1.422158233237547,1.581427800113276,0.7168853643458143,1,1,0.555884704577864,0,1.0,0.0,0.0,0
-0.8562399434586471,1,-1.0101221231224025,0.7284708502912138,-1.0223976130812507,-1.0457411022578735,1,1,-1.5449319667102293,1,0.0,0.0,1.0,0
0.8023028133703768,1,-0.3272587753995197,1.0753145417643806,0.6353767276423159,-1.0457411022578735,1,1,-0.932601484517832,0,0.0,0.0,1.0,0
0.781308601258617,0,-0.8150183094872931,0.03478346734488051,-1.0223976130812507,0.7168853643458143,1,0,1.55824859008768,1,1.0,0.0,0.0,0
-0.25790489827349283,1,-0.8150183094872931,-1.3525912985477861,-0.07739305532337486,-1.0457411022578735,1,1,-0.3650874017188494,0,0.0,1.0,0.0,0
1.7995278886789672,1,-0.1321549617644103,-0.31206022412828616,-1.0223976130812507,0.7168853643458143,1,0,-0.08446021280588513,1,1.0,0.0,0.0,0
-0.19492226193821346,1,-0.42481068221707435,0.03478346734488051,1.127996991455854,-1.0457411022578735,0,1,0.9703484803002338,0,1.0,0.0,0.0,0
1.50560891911433,0,0.16050075868825375,0.03478346734488051,0.5523583278301634,-1.0457411022578735,1,0,-0.018624008645000044,0,1.0,0.0,0.0,1
-3.134111957584585,0,1.33112364049891,1.0753145417643806,1.2897340121435616,2.479511830949502,1,0,0.7329389329833808,0,0.0,0.0,1.0,1
-1.0031994282409655,1,-0.1321549617644103,-1.3525912985477861,0.5955099453554431,0.7168853643458143,0,1,0.034354123039084535,0,1.0,0.0,0.0,0
1.5580944493937294,0,0.6482602927760271,1.422158233237547,0.8555296294032065,-1.0457411022578735,1,0,1.556514159083921,0,0.0,1.0,0.0,1
-1.4545749886438013,1,-0.03460305494685562,-0.6589039156014528,0.44271992478136846,-1.0457411022578735,0,1,1.0859231412294097,0,1.0,0.0,0.0,0
1.2851696919408522,1,-0.5223625890346291,-0.6589039156014528,-1.0223976130812507,0.7168853643458143,1,0,-1.1955365056196223,1,0.0,0.0,1.0,0
-0.43635570122345113,1,-0.6199144958521837,-1.3525912985477861,-1.0223976130812507,0.7168853643458143,0,0,-1.6928678102918129,1,1.0,0.0,0.0,0
-0.16343094377057377,1,2.599298429127121,0.38162715881804715,-0.4048295812211655,-1.0457411022578735,1,0,-1.1642537688129049,0,1.0,0.0,0.0,1
-0.6777891405086888,1,-0.1321549617644103,-0.6589039156014528,0.5344243806044607,-1.0457411022578735,1,1,-1.673894901291307,0,1.0,0.0,0.0,0
-0.4153614891116913,0,-1.1076740299399572,-0.31206022412828616,-1.0223976130812507,0.7168853643458143,0,0,1.5710957323700985,1,1.0,0.0,0.0,0
-0.29989332249701245,1,0.06294885187069905,0.38162715881804715,-1.0223976130812507,0.7168853643458143,0,0,0.6025137812872007,1,1.0,0.0,0.0,0
0.22496198029698244,1,0.4531564791409178,-1.3525912985477861,1.1237421528924982,-1.0457411022578735,1,0,0.19638228358688958,0,1.0,0.0,0.0,1
-1.6120315794819997,1,-1.3027778435750665,0.7284708502912138,-1.0223976130812507,-1.0457411022578735,0,1,1.6157172967112754,1,0.0,0.0,1.0,0
0.9387651920968155,1,-0.7174664026697384,-1.0057476070746194,0.8112383948862273,-1.0457411022578735,1,1,1.3029820545681787,0,0.0,0.0,1.0,0
1.6840597220642883,0,-0.1321549617644103,0.38162715881804715,0.28345591323480074,0.7168853643458143,1,0,-0.3249170289183784,0,1.0,0.0,0.0,0
1.0542333587114945,1,-0.8150183094872931,0.38162715881804715,0.6709822283015686,0.7168853643458143,1,1,-0.6374468528051535,0,0.0,1.0,0.0,0
0.4349041014145804,1,-0.03460305494685562,-1.0057476070746194,1.0718437534755907,-1.0457411022578735,1,1,-1.0083244832351042,0,1.0,0.0,0.0,0
-0.19492226193821346,1,-0.42481068221707435,0.38162715881804715,0.8226265109728929,-1.0457411022578735,1,1,-0.03397590039238478,0,1.0,0.0,0.0,0
0.14098513184994327,0,-0.6199144958521837,-0.6589039156014528,-1.0223976130812507,0.7168853643458143,1,0,-0.9288567652235307,1,0.0,0.0,1.0,0
0.8442912375938965,1,0.4531564791409178,-1.6994349900209527,0.26767990930772695,-1.0457411022578735,1,0,-1.0373901255337659,0,1.0,0.0,0.0,1
0.5608693740851391,1,-0.03460305494685562,-0.6589039156014528,1.0810827854769902,-1.0457411022578735,1,1,0.959151103388901,0,1.0,0.0,0.0,0
0.34043014691166135,0,-0.7174664026697384,-0.6589039156014528,1.2294473873613188,-1.0457411022578735,0,1,0.3634716446190055,0,0.0,0.0,1.0,0
1.3586494343320115,0,-0.9125702163048478,-0.31206022412828616,-1.0223976130812507,0.7168853643458143,1,0,0.06348499951374015,1,1.0,0.0,0.0,0
1.3586494343320115,1,-0.6199144958521837,1.422158233237547,-1.0223976130812507,0.7168853643458143,1,0,0.5794529795878286,1,1.0,0.0,0.0,0
0.3089388287440216,1,-0.03460305494685562,0.38162715881804715,1.3814930729362918,-1.0457411022578735,1,1,-0.032762475320834344,0,1.0,0.0,0.0,0
0.5608693740851391,1,-0.03460305494685562,-1.0057476070746194,-1.0223976130812507,0.7168853643458143,1,0,-1.7283125222259854,1,1.0,0.0,0.0,0
-0.31039042855289234,1,-0.1321549617644103,-1.0057476070746194,0.9941342775403887,-1.0457411022578735,0,1,-0.2624794212296982,0,1.0,0.0,0.0,0
1.3061639040526118,0,0.3556045723233631,-0.6589039156014528,1.4993458996918998,-1.0457411022578735,1,1,1.3178760926175621,0,1.0,0.0,0.0,0
0.4978867377498598,1,-1.4003297503926213,1.7690019247107138,0.9445052864338772,-1.0457411022578735,1,1,0.48475863332639085,0,0.0,0.0,1.0,0
1.5475973433378496,1,-1.4003297503926213,-0.6589039156014528,-1.0223976130812507,0.7168853643458143,1,0,1.2748721970449202,1,1.0,0.0,0.0,0
0.04651117734702419,1,0.2580526655058084,0.03478346734488051,0.9516361478080877,0.7168853643458143,0,1,0.3631737534483087,0,0.0,1.0,0.0,0
-0.43635570122345113,1,-0.8150183094872931,1.0753145417643806,-1.0223976130812507,0.7168853643458143,0,0,-1.6747566516959955,1,1.0,0.0,0.0,0
-0.8457428374027671,1,2.4041946154920115,1.422158233237547,0.11569688253272163,-1.0457411022578735,0,0,-0.36013793211044365,0,1.0,0.0,0.0,1
-0.20541936799409335,1,0.16050075868825375,1.0753145417643806,0.9986436171421736,-1.0457411022578735,1,1,1.2981351205927851,0,1.0,0.0,0.0,0
0.6973317528115779,1,-1.6929854708452852,-0.31206022412828616,-1.0223976130812507,0.7168853643458143,0,0,-1.298899016511429,1,1.0,0.0,0.0,0
0.8023028133703768,1,0.5507083859584725,-0.6589039156014528,0.6861562889497757,-1.0457411022578735,0,1,0.033030355052820606,0,0.0,0.0,1.0,0
-0.05845988321177479,0,-0.42481068221707435,1.422158233237547,-1.0223976130812507,0.7168853643458143,1,0,0.6662231084174685,1,1.0,0.0,0.0,0
-0.08995120137941448,1,0.5507083859584725,1.422158233237547,0.7715091720213912,0.7168853643458143,1,1,-0.13473407560374476,0,0.0,1.0,0.0,0
0.10949381368230357,1,0.5507083859584725,1.0753145417643806,0.9472128231142274,-1.0457411022578735,1,1,-0.13711147962940318,0,1.0,0.0,0.0,0
-0.446852807279331,0,0.16050075868825375,-0.6589039156014528,0.8033815612460675,-1.0457411022578735,1,1,-0.3803811725913459,0,0.0,0.0,1.0,0
-0.8352457313468872,0,0.5507083859584725,-1.3525912985477861,1.427354482214414,-1.0457411022578735,0,1,-0.9541211288093426,0,0.0,1.0,0.0,1
0.781308601258617,0,-0.1321549617644103,-1.3525912985477861,1.0544017342064462,-1.0457411022578735,1,1,1.4052917968963352,0,0.0,0.0,1.0,0
0.7498172830909774,1,-0.5223625890346291,1.0753145417643806,1.070110408111961,-1.0457411022578735,0,1,-1.1039435586402886,0,1.0,0.0,0.0,0
0.5818635861968989,1,-0.3272587753995197,0.7284708502912138,0.9848783324952958,-1.0457411022578735,1,1,-0.5272975586778722,0,1.0,0.0,0.0,0
0.24595619240874225,1,-0.7174664026697384,1.422158233237547,-1.0223976130812507,0.7168853643458143,1,0,-1.1028753490083847,1,1.0,0.0,0.0,0
-2.8716843061875874,0,0.9409160132286912,1.0753145417643806,0.5208481998937321,-1.0457411022578735,0,0,0.6590803131364092,0,0.0,0.0,1.0,1
0.6763375406998181,1,-0.3272587753995197,1.7690019247107138,-1.0223976130812507,0.7168853643458143,1,0,-0.4878570799689102,1,1.0,0.0,0.0,0
2.030464221908325,0,-1.1076740299399572,1.0753145417643806,0.7790473961336949,0.7168853643458143,1,1,0.19244394370639287,0,0.0,1.0,0.0,0
0.18297355607346286,1,-0.22970686858196498,-1.0057476070746194,1.4666499257776746,-1.0457411022578735,0,1,-1.2534137933189256,0,1.0,0.0,0.0,0
0.4663954195822201,1,-1.4978816572101759,0.03478346734488051,1.975257042796327,0.7168853643458143,1,1,-0.40081334928942236,0,0.0,1.0,0.0,0
1.4846147070025701,0,-0.1321549617644103,-0.31206022412828616,0.7771998474559856,-1.0457411022578735,1,1,-0.28167787392380084,0,1.0,0.0,0.0,0
-0.4048643830558114,1,0.9409160132286912,0.7284708502912138,-1.0223976130812507,-1.0457411022578735,1,0,-1.4884459366101197,1,1.0,0.0,0.0,1
2.030464221908325,1,-0.8150183094872931,0.03478346734488051,0.9622362771352629,0.7168853643458143,1,1,0.042795356014665636,0,0.0,1.0,0.0,0
0.5293780559174995,0,0.16050075868825375,0.03478346734488051,-1.0223976130812507,0.7168853643458143,1,0,-1.0177362480737469,1,1.0,0.0,0.0,0
0.09899670762642368,0,-0.5223625890346291,-1.0057476070746194,1.3491276282188107,-1.0457411022578735,1,1,-0.7512936755462296,0,1.0,0.0,0.0,0
2.030464221908325,1,0.5507083859584725,-0.6589039156014528,1.23901565994661,0.7168853643458143,0,1,1.5019806433897636,0,0.0,1.0,0.0,0
0.8757825557615361,0,0.16050075868825375,-1.0057476070746194,0.9474914856436466,0.7168853643458143,1,1,-1.1953949335781031,0,0.0,1.0,0.0,0
0.3089388287440216,1,0.06294885187069905,-0.31206022412828616,-1.0223976130812507,0.7168853643458143,1,0,0.9596072221354127,1,1.0,0.0,0.0,0
2.030464221908325,1,0.06294885187069905,-1.6994349900209527,1.262146582807676,-1.0457411022578735,1,1,-0.12084717689384529,0,0.0,0.0,1.0,0
1.9359902674054057,0,-0.5223625890346291,0.7284708502912138,1.4738031768002025,0.7168853643458143,1,1,-0.003606268554436216,0,0.0,1.0,0.0,0
-0.4153614891116913,1,-0.42481068221707435,-1.3525912985477861,-0.0287590344158355,0.7168853643458143,1,0,0.10846292289079992,0,1.0,0.0,0.0,0
0.3089388287440216,1,-1.5954335640277306,0.03478346734488051,-1.0223976130812507,0.7168853643458143,1,0,1.0281468277067785,1,0.0,0.0,1.0,0
0.7393201770350974,0,-0.9125702163048478,-1.3525912985477861,1.3398231991151315,-1.0457411022578735,1,1,1.2799219468494025,0,1.0,0.0,0.0,0
-0.28939621644113256,1,-0.7174664026697384,0.38162715881804715,-1.0223976130812507,0.7168853643458143,1,0,-0.10117994030735951,1,1.0,0.0,0.0,0
-0.5098354436146104,0,-0.8150183094872931,1.0753145417643806,-1.0223976130812507,0.7168853643458143,1,0,0.5059508922718885,1,1.0,0.0,0.0,0
-0.05845988321177479,1,0.5507083859584725,-1.0057476070746194,-1.0223976130812507,2.479511830949502,1,0,0.04886907418807665,1,1.0,0.0,0.0,1
0.5818635861968989,0,-0.9125702163048478,-0.6589039156014528,0.38502180106719774,0.7168853643458143,0,0,1.1534117131886144,0,1.0,0.0,0.0,0
0.22496198029698244,1,0.4531564791409178,0.03478346734488051,0.6260312240039531,-1.0457411022578735,1,1,-0.34810049168803747,0,1.0,0.0,0.0,0
0.4978867377498598,1,-0.5223625890346291,-0.6589039156014528,-1.0223976130812507,0.7168853643458143,1,0,-0.463143042995474,1,0.0,0.0,1.0,0
-1.2236386554144434,0,-1.0101221231224025,0.38162715881804715,0.3325955536104594,-1.0457411022578735,0,1,-0.32990223852746203,0,0.0,0.0,1.0,0
0.896776767873296,1,-0.7174664026697384,-0.31206022412828616,0.6727580978893408,-1.0457411022578735,1,1,-1.3881931527675653,0,1.0,0.0,0.0,0
0.29844172268814173,1,0.4531564791409178,1.422158233237547,0.726724720935001,0.7168853643458143,0,1,1.6498503853196087,0,0.0,1.0,0.0,0
-1.276124185693843,1,0.9409160132286912,1.422158233237547,0.7409477852978379,-1.0457411022578735,1,0,1.0001096646509176,0,0.0,0.0,1.0,1
0.8547883436497763,0,-1.2052259367575118,-0.6589039156014528,-1.0223976130812507,0.7168853643458143,1,0,-0.5591653211267497,1,1.0,0.0,0.0,0
-0.27889911038525267,1,0.3556045723233631,0.38162715881804715,-1.0223976130812507,0.7168853643458143,1,0,1.092747399417051,1,1.0,0.0,0.0,0
-1.2551299735820831,0,-0.03460305494685562,1.7690019247107138,-1.0223976130812507,-1.0457411022578735,0,0,-0.8219443700896603,1,1.0,0.0,0.0,1
2.030464221908325,1,-1.79053737766284,0.7284708502912138,-1.0223976130812507,0.7168853643458143,1,0,-1.1871377789555266,1,1.0,0.0,0.0,0
0.8337941315380165,1,0.4531564791409178,-0.31206022412828616,1.814717787755302,-1.0457411022578735,1,1,-0.8129415333170236,0,1.0,0.0,0.0,0
0.057008283402904085,0,0.2580526655058084,-0.31206022412828616,-1.0223976130812507,0.7168853643458143,1,0,0.46562402684709114,1,1.0,0.0,0.0,0
1.0647304647673743,0,0.16050075868825375,0.03478346734488051,0.4836657592558591,0.7168853643458143,0,0,0.4078038190517827,0,0.0,0.0,1.0,0
-0.8772341555704068,0,-0.6199144958521837,1.422158233237547,0.9962440589336439,0.7168853643458143,1,1,0.5295248926217676,0,1.0,0.0,0.0,0
2.030464221908325,0,-0.03460305494685562,-1.6994349900209527,0.6984109971799528,-1.0457411022578735,0,1,0.8547084116999146,0,1.0,0.0,0.0,0
-0.2684020043293727,0,-0.1321549617644103,-1.0057476070746194,0.9395431604909378,0.7168853643458143,0,1,-1.3284001316338812,0,0.0,1.0,0.0,0
-0.13193962560293407,1,-1.0101221231224025,-1.6994349900209527,-1.0223976130812507,0.7168853643458143,1,0,0.3418853781903092,1,0.0,0.0,1.0,0
-1.4335807765320414,0,0.6482602927760271,-1.3525912985477861,0.9602361889111027,-1.0457411022578735,1,1,-1.017917030018922,0,0.0,1.0,0.0,1
0.7288230709792175,1,-0.42481068221707435,-0.6589039156014528,-1.0223976130812507,0.7168853643458143,1,0,1.6755267998841068,1,1.0,0.0,0.0,0
1.5580944493937294,0,-0.5223625890346291,-0.6589039156014528,0.6795951555331116,0.7168853643458143,0,1,-1.1517079876041614,0,0.0,1.0,0.0,0
0.40341278324694074,0,1.4286755473164647,1.0753145417643806,0.5115656772085502,-1.0457411022578735,0,0,-0.5130739058839179,0,0.0,1.0,0.0,1
0.5398751619733794,1,-1.8880892844803947,0.7284708502912138,0.7915804447400779,-1.0457411022578735,1,1,-1.652052729517953,0,0.0,0.0,1.0,0
-1.4230836704761616,0,-1.5954335640277306,1.7690019247107138,-1.0223976130812507,-1.0457411022578735,1,1,0.027730425243595393,1,0.0,0.0,1.0,0
1.0542333587114945,1,-0.7174664026697384,1.0753145417643806,1.3790274733190555,0.7168853643458143,1,1,1.6892138321824497,0,0.0,1.0,0.0,0
-0.31039042855289234,1,0.5507083859584725,0.38162715881804715,1.4509033988696085,-1.0457411022578735,0,0,-1.1175434963738733,0,1.0,0.0,0.0,1
1.0752275708232542,1,-0.03460305494685562,-1.3525912985477861,-1.0223976130812507,0.7168853643458143,1,0,-1.369487773286695,1,0.0,0.0,1.0,0
0.11999091973818347,1,1.7213312677691288,1.422158233237547,0.7654526916132071,-1.0457411022578735,1,0,0.601733747097654,0,0.0,1.0,0.0,1
1.1067188889908939,1,-0.7174664026697384,0.7284708502912138,0.8732702847009883,-1.0457411022578735,1,1,1.0345658012265408,0,1.0,0.0,0.0,0
1.5580944493937294,1,-0.1321549617644103,0.03478346734488051,-1.0223976130812507,0.7168853643458143,1,0,-1.349528544364576,1,0.0,0.0,1.0,0
1.211689949549693,1,-1.4978816572101759,-1.0057476070746194,-1.0223976130812507,0.7168853643458143,1,0,-1.4113729721390966,1,1.0,0.0,0.0,0
1.1067188889908939,1,-1.0101221231224025,-0.6589039156014528,0.9935700261874667,0.7168853643458143,1,1,0.10948255388100613,0,0.0,1.0,0.0,0
1.3376552222202516,1,-0.5223625890346291,1.7690019247107138,-1.0223976130812507,0.7168853643458143,1,0,1.081028496088063,1,0.0,0.0,1.0,0
2.030464221908325,1,-0.1321549617644103,-1.0057476070746194,-1.0223976130812507,0.7168853643458143,1,0,0.35143836808017326,1,0.0,0.0,1.0,0
1.0752275708232542,0,-0.5223625890346291,-1.0057476070746194,-1.0223976130812507,0.7168853643458143,1,0,-0.7482798913143306,1,1.0,0.0,0.0,0
-1.2971183978056027,1,0.4531564791409178,-0.31206022412828616,0.27333579219529547,0.7168853643458143,0,1,-1.5124646050266823,0,0.0,1.0,0.0,0
-1.6750142158172792,1,-0.1321549617644103,1.0753145417643806,1.0498547026787168,0.7168853643458143,1,1,1.109118401669195,0,0.0,0.0,1.0,0
1.295666797996732,0,-0.5223625890346291,0.38162715881804715,1.322565451483938,-1.0457411022578735,1,1,0.9522272589857789,0,0.0,0.0,1.0,0
-0.04796277715589489,0,1.2335717336813552,-0.6589039156014528,-1.0223976130812507,-1.0457411022578735,1,0,1.2886501408012978,1,1.0,0.0,0.0,1
-1.884956336934877,1,0.8433641064111366,1.422158233237547,1.3116117590052743,-1.0457411022578735,1,0,-0.6661908350977161,0,1.0,0.0,0.0,1
-0.04796277715589489,0,-0.1321549617644103,-0.31206022412828616,-1.0223976130812507,0.7168853643458143,1,0,0.7578203927755252,1,1.0,0.0,0.0,0
0.35092725296754124,1,-0.6199144958521837,-1.6994349900209527,0.696024325099951,0.7168853643458143,1,1,0.6628014370904571,0,0.0,1.0,0.0,0
1.0332391465997346,0,-0.03460305494685562,-1.3525912985477861,-1.0223976130812507,0.7168853643458143,1,0,-1.370243865145691,1,1.0,0.0,0.0,0
0.7393201770350974,0,-0.7174664026697384,1.7690019247107138,0.5399985976524826,0.7168853643458143,0,0,-0.40076633210406504,0,0.0,0.0,1.0,0
0.4978867377498598,0,1.5262274541340193,0.38162715881804715,1.1305025380715275,2.479511830949502,1,0,0.7869344402207354,0,0.0,1.0,0.0,1
-1.1186675948556444,1,-0.7174664026697384,0.03478346734488051,1.268114793235443,0.7168853643458143,1,1,0.39050461775291373,0,1.0,0.0,0.0,0
1.0752275708232542,1,-1.2052259367575118,-0.31206022412828616,-1.0223976130812507,0.7168853643458143,1,0,0.6190482159696278,1,1.0,0.0,0.0,0
1.4426262827790506,1,-0.5223625890346291,1.0753145417643806,-1.0223976130812507,0.7168853643458143,0,0,-0.1452777227939451,1,0.0,0.0,1.0,0
-0.25790489827349283,0,-1.6929854708452852,-1.3525912985477861,-1.0223976130812507,0.7168853643458143,1,0,-0.27247326229296925,1,1.0,0.0,0.0,0
1.8940018431818861,1,-1.2052259367575118,-0.31206022412828616,0.42568494609710417,0.7168853643458143,1,0,1.3144585851741246,0,1.0,0.0,0.0,0
0.14098513184994327,1,-0.22970686858196498,0.7284708502912138,-1.0223976130812507,0.7168853643458143,0,0,-0.696446133632526,1,1.0,0.0,0.0,0
0.8337941315380165,1,1.1360198268638007,1.422158233237547,0.8510684517067949,-1.0457411022578735,1,0,1.4859302601728248,0,0.0,1.0,0.0,1
0.09899670762642368,0,-1.6929854708452852,-1.3525912985477861,0.9399572884465079,0.7168853643458143,1,1,0.0018164958202247867,0,0.0,1.0,0.0,0
-1.4440778825879212,1,-0.03460305494685562,-1.3525912985477861,0.816157191221991,-1.0457411022578735,1,1,-0.6718669023898013,0,0.0,1.0,0.0,1
-1.0766791706321248,0,-0.42481068221707435,1.0753145417643806,-1.0223976130812507,-1.0457411022578735,0,1,0.12608621312785262,1,0.0,0.0,1.0,0
0.20396776818522266,0,0.2580526655058084,-0.31206022412828616,0.6118395695794032,-1.0457411022578735,1,1,-0.3576071583731395,0,1.0,0.0,0.0,0
-0.6882862465645686,1,-0.7174664026697384,1.0753145417643806,-1.0223976130812507,-1.0457411022578735,1,1,0.7280501866770972,1,0.0,0.0,1.0,0
-1.9479389732701564,0,-0.22970686858196498,0.03478346734488051,0.4283185486150247,0.7168853643458143,1,1,-0.05806726327634485,0,0.0,1.0,0.0,0
0.19347066212934275,1,-0.6199144958521837,1.7690019247107138,-1.0223976130812507,0.7168853643458143,1,0,1.5932413471589144,1,0.0,0.0,1.0,0
2.030464221908325,1,-0.1321549617644103,-0.31206022412828616,1.1876502630209436,-1.0457411022578735,1,1,-1.2291787764516593,0,0.0,0.0,1.0,0
-1.1396618069674043,0,0.2580526655058084,-0.31206022412828616,0.3080436129259629,-1.0457411022578735,0,1,-0.7640990054977584,0,1.0,0.0,0.0,0
0.025516965235264394,0,0.3556045723233631,-1.0057476070746194,-1.0223976130812507,-1.0457411022578735,0,0,1.093378574768824,1,0.0,0.0,1.0,1
-1.276124185693843,1,-0.1321549617644103,-0.6589039156014528,1.8050570571978217,0.7168853643458143,1,1,-1.5696468711594098,0,0.0,0.0,1.0,0
1.3376552222202516,0,0.16050075868825375,1.0753145417643806,-1.0223976130812507,0.7168853643458143,1,0,0.1592284709407006,1,0.0,0.0,1.0,0
-0.04796277715589489,0,-0.03460305494685562,-1.3525912985477861,0.6511127845709526,-1.0457411022578735,0,1,1.0398575767637672,0,0.0,0.0,1.0,0
0.04651117734702419,0,-0.8150183094872931,0.7284708502912138,-1.0223976130812507,0.7168853643458143,1,0,-0.4774072936542757,1,1.0,0.0,0.0,0
2.030464221908325,0,-0.5223625890346291,-1.0057476070746194,0.3212235451844539,-1.0457411022578735,0,1,-0.4301980491669488,0,0.0,1.0,0.0,0
-0.5833151860057697,1,0.4531564791409178,-0.6589039156014528,1.2626209534141148,0.7168853643458143,1,1,0.20014417890093414,0,0.0,1.0,0.0,0
0.5818635861968989,1,-0.03460305494685562,0.7284708502912138,1.1161788008295652,0.7168853643458143,1,1,-0.7043528280542828,0,0.0,1.0,0.0,0
-0.5938122920616495,1,-0.1321549617644103,1.0753145417643806,1.839246694485055,-1.0457411022578735,1,1,-0.3916009303768894,0,0.0,0.0,1.0,0
0.5083838438057396,1,0.06294885187069905,0.38162715881804715,1.1241274481354873,-1.0457411022578735,1,1,-0.3755772654128845,0,0.0,0.0,1.0,0
2.030464221908325,1,0.3556045723233631,-1.6994349900209527,-1.0223976130812507,0.7168853643458143,1,0,-0.9637268612244785,1,1.0,0.0,0.0,0
0.16197934396170308,1,-0.1321549617644103,0.03478346734488051,1.4452249652571159,-1.0457411022578735,1,1,1.0938765058462263,0,1.0,0.0,0.0,0
-0.5833151860057697,0,0.5507083859584725,-0.31206022412828616,-1.0223976130812507,0.7168853643458143,1,0,-0.7139724400813322,1,0.0,0.0,1.0,0
-0.27889911038525267,1,-0.3272587753995197,-1.3525912985477861,-1.0223976130812507,0.7168853643458143,0,0,1.5113615260918984,1,0.0,0.0,1.0,0
-2.283846367058313,0,0.4531564791409178,1.0753145417643806,-1.0223976130812507,-1.0457411022578735,0,1,0.08979571234269225,1,1.0,0.0,0.0,0
0.6028577983086588,0,1.2335717336813552,-0.31206022412828616,0.40005169815249725,2.479511830949502,0,0,-1.6282707084845183,0,1.0,0.0,0.0,1
0.28794461663226184,1,-0.1321549617644103,-0.31206022412828616,1.2081334086227082,0.7168853643458143,1,1,-0.8214356823130252,0,0.0,1.0,0.0,0
0.5503722680292593,1,-1.2052259367575118,0.38162715881804715,1.4992829187387189,-1.0457411022578735,0,1,-1.6534580402242096,0,1.0,0.0,0.0,0
-0.0059743529323753,0,1.0384679200462459,1.422158233237547,0.5415413893905036,-1.0457411022578735,1,0,-0.4327383651374436,0,0.0,1.0,0.0,1
0.27744751057638195,0,-0.3272587753995197,0.03478346734488051,0.5190860218175208,-1.0457411022578735,0,1,1.4374619613897814,0,0.0,1.0,0.0,0
-0.49933833755873047,1,-0.1321549617644103,0.03478346734488051,1.0605289272449283,-1.0457411022578735,1,1,-1.265122980919574,0,0.0,0.0,1.0,0
-0.4048643830558114,0,-0.9125702163048478,1.7690019247107138,0.5934439767991833,0.7168853643458143,1,1,-1.1656613349560974,0,0.0,1.0,0.0,0
0.09899670762642368,1,0.06294885187069905,1.7690019247107138,-1.0223976130812507,0.7168853643458143,1,0,0.057005649682153034,1,1.0,0.0,0.0,0
0.13048802579406338,1,1.2335717336813552,-0.6589039156014528,0.4084060974304463,-1.0457411022578735,0,0,-0.25092325635039747,0,0.0,0.0,1.0,1
0.20396776818522266,0,1.0384679200462459,-1.3525912985477861,-1.0223976130812507,-1.0457411022578735,1,0,-0.35343217110951514,1,1.0,0.0,0.0,1
-0.5098354436146104,0,-0.03460305494685562,1.422158233237547,0.6271357262954136,-1.0457411022578735,0,1,-0.7306392515623857,0,0.0,0.0,1.0,0
-0.3313846406646521,0,1.8188831745866834,0.7284708502912138,-1.0223976130812507,-1.0457411022578735,0,0,-0.270781511095845,1,0.0,0.0,1.0,1
1.0647304647673743,1,-0.5223625890346291,-1.6994349900209527,1.0577865980175523,0.7168853643458143,1,1,-1.2683767089424305,0,0.0,1.0,0.0,0
1.7470423583995676,1,-0.03460305494685562,-1.3525912985477861,-1.0223976130812507,0.7168853643458143,1,0,0.9870154652764365,1,1.0,0.0,0.0,0
-0.32088753460877223,0,0.8433641064111366,-1.0057476070746194,0.6384439483852054,-1.0457411022578735,0,1,1.1582853654169418,0,0.0,1.0,0.0,1
-1.1816502311909238,1,-1.5954335640277306,-0.6589039156014528,0.04849314503322721,-1.0457411022578735,0,1,0.1839704406331128,0,0.0,0.0,1.0,0
-0.656794928396929,0,1.7213312677691288,0.7284708502912138,-1.0223976130812507,-1.0457411022578735,1,0,-1.2751504800417357,1,1.0,0.0,0.0,1
0.3089388287440216,1,0.2580526655058084,0.7284708502912138,0.6326600095953894,-1.0457411022578735,0,1,1.6516781567134866,0,0.0,0.0,1.0,0
0.4768925256381,0,-0.3272587753995197,1.0753145417643806,-0.7926572706188831,0.7168853643458143,1,0,-0.781152364170607,0,0.0,0.0,1.0,0
0.991250722376215,0,1.2335717336813552,0.7284708502912138,1.362740856549058,-1.0457411022578735,1,0,0.8101841781372823,0,0.0,1.0,0.0,1
-0.341881746720532,1,-0.3272587753995197,-1.0057476070746194,-1.0223976130812507,0.7168853643458143,1,0,-0.21518637858544268,1,0.0,0.0,1.0,0
-1.1606560190791642,1,-0.9125702163048478,0.03478346734488051,-1.0223976130812507,-1.0457411022578735,1,1,-0.08483322737606434,1,1.0,0.0,0.0,0
0.3089388287440216,1,-1.2052259367575118,0.7284708502912138,-1.0223976130812507,0.7168853643458143,1,0,-1.7032490660226236,1,1.0,0.0,0.0,0
-0.55182386783813,1,-1.4978816572101759,1.422158233237547,0.9842517444956194,-1.0457411022578735,1,1,-1.6038994979253494,0,0.0,0.0,1.0,0
0.5713664801410191,1,-0.03460305494685562,1.7690019247107138,-1.0223976130812507,0.7168853643458143,0,0,-0.8050492389926273,1,1.0,0.0,0.0,0
-0.8142515192351274,1,-0.7174664026697384,-1.0057476070746194,0.43611046838272416,0.7168853643458143,1,1,-1.4038096246170537,0,0.0,1.0,0.0,0
-0.037465671100014995,1,-0.5223625890346291,-1.3525912985477861,-1.0223976130812507,0.7168853643458143,0,0,-0.8038739828538394,1,1.0,0.0,0.0,0
1.810024994734847,1,-0.03460305494685562,1.422158233237547,-1.0223976130812507,0.7168853643458143,1,0,-1.200304152311959,1,1.0,0.0,0.0,0
1.1172159950467737,0,-0.6199144958521837,1.0753145417643806,-1.0223976130812507,0.7168853643458143,1,0,-1.4398029282121134,1,0.0,0.0,1.0,0
0.5503722680292593,1,0.06294885187069905,1.0753145417643806,-1.0223976130812507,0.7168853643458143,1,0,-0.7546955684262641,1,1.0,0.0,0.0,0
0.4454012074704603,1,-0.1321549617644103,1.7690019247107138,-1.0223976130812507,0.7168853643458143,0,0,-0.28540940758678424,1,1.0,0.0,0.0,0
1.1592044192702933,0,-0.42481068221707435,1.0753145417643806,-1.0223976130812507,0.7168853643458143,1,0,-0.08580792312269993,1,1.0,0.0,0.0,0
0.3614243590234211,1,-0.03460305494685562,0.7284708502912138,-1.0223976130812507,0.7168853643458143,0,0,-0.3139604632737474,1,1.0,0.0,0.0,0
-1.2551299735820831,0,-0.03460305494685562,-1.3525912985477861,0.5390638701043791,-1.0457411022578735,1,1,0.05019752654336125,0,0.0,0.0,1.0,0
0.8652854497056562,1,0.2580526655058084,0.03478346734488051,-1.0223976130812507,0.7168853643458143,0,0,0.7663044790528897,1,1.0,0.0,0.0,0
0.28794461663226184,1,2.1115388950393474,-1.0057476070746194,0.8551689788810276,-1.0457411022578735,1,0,0.3564299970097665,0,1.0,0.0,0.0,1
-2.199869518611274,0,0.5507083859584725,0.03478346734488051,0.41422579522692765,-1.0457411022578735,1,1,-0.421686377160906,0,1.0,0.0,0.0,0
2.030464221908325,1,0.2580526655058084,-0.6589039156014528,1.174958231803846,-1.0457411022578735,0,1,-0.7264129097346809,0,1.0,0.0,0.0,0
-0.55182386783813,0,0.8433641064111366,1.0753145417643806,-0.022197095616138477,2.479511830949502,0,0,-1.5684917404578966,0,1.0,0.0,0.0,1
-0.4048643830558114,0,0.16050075868825375,-1.3525912985477861,1.1238760075525833,0.7168853643458143,1,1,-0.7845067193798372,0,0.0,1.0,0.0,0
-1.150158913023284,1,0.4531564791409178,-1.3525912985477861,0.4651506476335413,-1.0457411022578735,0,1,-0.33746020769988827,0,1.0,0.0,0.0,0
0.7603143891468572,0,-0.6199144958521837,1.422158233237547,-1.0223976130812507,0.7168853643458143,0,0,0.8863837680286392,1,1.0,0.0,0.0,0
2.030464221908325,0,-0.7174664026697384,-0.6589039156014528,0.9304573123424151,-1.0457411022578735,1,1,-1.191756393314941,0,0.0,0.0,1.0,0
0.7078288588674577,0,-0.8150183094872931,1.422158233237547,1.2725553531262095,-1.0457411022578735,1,1,0.14113188593739265,0,1.0,0.0,0.0,0
-0.6148065041734093,0,0.16050075868825375,1.422158233237547,-1.0223976130812507,-1.0457411022578735,1,0,-0.5421900352709154,1,1.0,0.0,0.0,1
1.0437362526556144,0,-1.4003297503926213,-1.3525912985477861,-1.0223976130812507,0.7168853643458143,1,0,1.465489929202749,1,1.0,0.0,0.0,0
1.0647304647673743,0,-0.42481068221707435,-1.3525912985477861,1.4604283418477246,-1.0457411022578735,1,1,-0.6763659785916093,0,1.0,0.0,0.0,0
0.15148223790582316,0,-0.9125702163048478,0.38162715881804715,-1.0223976130812507,0.7168853643458143,0,0,-1.5209441804301747,1,0.0,0.0,1.0,0
-0.0059743529323753,0,0.7458121995935818,0.7284708502912138,1.2574085144245177,-1.0457411022578735,1,0,-0.8521814516338334,0,0.0,1.0,0.0,1
-1.4020894583644017,0,0.06294885187069905,-1.3525912985477861,1.2955448507266798,-1.0457411022578735,1,1,0.32960851446239253,0,0.0,1.0,0.0,1
0.5818635861968989,1,-0.9125702163048478,-0.6589039156014528,0.6292917366747633,-1.0457411022578735,1,1,1.560886930817315,0,1.0,0.0,0.0,0
0.8757825557615361,0,-0.7174664026697384,1.0753145417643806,-1.0223976130812507,0.7168853643458143,0,0,-0.22651752025659344,1,0.0,0.0,1.0,0
2.030464221908325,1,-0.03460305494685562,0.7284708502912138,0.8360871997566889,-1.0457411022578735,0,1,1.0821622868862588,0,0.0,0.0,1.0,0
1.1487073132144134,1,-0.8150183094872931,-0.31206022412828616,1.0359404221707331,0.7168853643458143,1,1,-1.228940914602489,0,0.0,1.0,0.0,0
-0.5833151860057697,0,-0.5223625890346291,0.7284708502912138,0.820804895628846,0.7168853643458143,1,1,0.9247034680755746,0,0.0,1.0,0.0,0
-0.4678470193910908,0,-0.5223625890346291,-1.6994349900209527,0.022994718208345026,0.7168853643458143,1,0,0.047060734250877465,0,1.0,0.0,0.0,0
1.8625105250142464,0,1.8188831745866834,1.0753145417643806,0.7861962980878449,2.479511830949502,1,0,0.7028553946460028,0,0.0,1.0,0.0,1
-1.8954534429907568,1,0.16050075868825375,0.38162715881804715,-1.0223976130812507,-1.0457411022578735,1,1,-1.335533731672048,1,1.0,0.0,0.0,0
2.030464221908325,1,-0.5223625890346291,-1.6994349900209527,0.9875431838748969,-1.0457411022578735,0,1,-1.1452950864146108,0,1.0,0.0,0.0,0
0.6553433285880582,0,-0.5223625890346291,0.7284708502912138,-1.0223976130812507,0.7168853643458143,1,0,-1.3827046337314635,1,0.0,0.0,1.0,0
-0.6148065041734093,1,0.9409160132286912,0.38162715881804715,0.9215156277568002,-1.0457411022578735,1,0,-1.1984713495587624,0,1.0,0.0,0.0,1
-0.8142515192351274,1,0.3556045723233631,-1.6994349900209527,1.30332823343423,-1.0457411022578735,1,1,-1.3396689885465691,0,0.0,1.0,0.0,1
2.030464221908325,0,0.6482602927760271,0.03478346734488051,1.7817576482062514,4.242138297553191,1,0,-1.6316229817519614,0,0.0,0.0,1.0,1
0.16197934396170308,0,-1.6929854708452852,-0.6589039156014528,1.649521163711026,0.7168853643458143,1,1,1.1246573211871165,0,0.0,1.0,0.0,0
-0.24740779221761294,0,0.06294885187069905,-1.0057476070746194,-1.0223976130812507,0.7168853643458143,0,0,1.5873664544261665,1,0.0,0.0,1.0,0
1.0227420405438548,1,-1.1076740299399572,0.7284708502912138,0.8715145496890414,0.7168853643458143,0,1,-0.2048214313986306,0,0.0,1.0,0.0,0
1.1487073132144134,1,0.4531564791409178,0.38162715881804715,0.7830784992904826,0.7168853643458143,1,1,-1.0931417506684944,0,0.0,1.0,0.0,0
1.5266031312260897,1,-0.5223625890346291,1.0753145417643806,-1.0223976130812507,0.7168853643458143,1,0,0.7632497499658453,1,1.0,0.0,0.0,0
-1.5175576249790805,0,-0.5223625890346291,0.38162715881804715,0.9376680677134996,0.7168853643458143,1,1,-0.2781411753130551,0,1.0,0.0,0.0,0
0.5923606922527789,1,0.16050075868825375,-0.6589039156014528,0.8210732492554427,0.7168853643458143,1,1,-0.2152281909163326,0,0.0,1.0,0.0,0
0.015019859179384495,1,-0.22970686858196498,1.0753145417643806,1.7813092109334754,-1.0457411022578735,1,1,-0.08306930219698903,0,1.0,0.0,0.0,0
-1.6960084279290388,0,-0.03460305494685562,-1.0057476070746194,-0.006116817979196065,-1.0457411022578735,1,1,-0.9129989616218935,0,1.0,0.0,0.0,0
-0.5203325496704903,1,0.16050075868825375,0.03478346734488051,0.4368686559699935,-1.0457411022578735,0,1,1.4206587827216761,0,0.0,1.0,0.0,0
-1.2971183978056027,1,-0.03460305494685562,-1.3525912985477861,1.1567970054862298,0.7168853643458143,0,1,0.9237353651445975,0,0.0,0.0,1.0,0
0.3089388287440216,0,-0.42481068221707435,-1.3525912985477861,-1.0223976130812507,0.7168853643458143,1,0,-0.21574347150862663,1,1.0,0.0,0.0,0
0.19347066212934275,1,-0.3272587753995197,1.0753145417643806,-1.0223976130812507,0.7168853643458143,1,0,-1.2257668208529875,1,0.0,0.0,1.0,0
0.4873896316939799,1,-0.22970686858196498,-1.0057476070746194,-1.0223976130812507,0.7168853643458143,1,0,0.15748744712128268,1,1.0,0.0,0.0,0
-1.8429679127113574,0,0.06294885187069905,0.38162715881804715,-1.0223976130812507,-1.0457411022578735,1,1,-1.3018394122953345,1,1.0,0.0,0.0,0
-0.36287595883229185,1,-0.03460305494685562,0.03478346734488051,-1.0223976130812507,0.7168853643458143,0,0,0.0968477696608663,1,1.0,0.0,0.0,0
-0.0059743529323753,1,-1.1076740299399572,-0.31206022412828616,0.8884084252659236,0.7168853643458143,1,1,1.0604316724936604,0,0.0,1.0,0.0,0
-0.5938122920616495,1,-0.1321549617644103,-1.3525912985477861,1.275576989189431,-1.0457411022578735,0,1,-0.19160318299267085,0,1.0,0.0,0.0,0
-0.18442515588233357,0,-1.1076740299399572,-1.0057476070746194,-1.0223976130812507,0.7168853643458143,0,0,0.4429430060287062,1,1.0,0.0,0.0,0
-0.19492226193821346,1,-1.3027778435750665,-0.31206022412828616,1.3622682577852918,0.7168853643458143,1,1,0.2603955742180665,0,0.0,1.0,0.0,0
0.3929156771910608,1,0.16050075868825375,1.422158233237547,-1.0223976130812507,0.7168853643458143,1,0,-1.0279688184619327,1,1.0,0.0,0.0,0
0.371921465079301,1,0.6482602927760271,0.38162715881804715,1.2662438884497766,4.242138297553191,1,0,1.5370323888116315,0,0.0,1.0,0.0,1
-1.1186675948556444,1,1.33112364049891,0.03478346734488051,0.9268907541190636,-1.0457411022578735,1,1,-1.005981084258634,0,0.0,1.0,0.0,1
0.3089388287440216,1,-0.03460305494685562,0.7284708502912138,0.7733630026867583,-1.0457411022578735,1,1,-0.4100975951936084,0,0.0,0.0,1.0,0
0.3824185711351809,1,0.2580526655058084,-0.31206022412828616,-1.0223976130812507,0.7168853643458143,0,0,0.9831598825819746,1,1.0,0.0,0.0,0
-0.8562399434586471,1,1.33112364049891,1.0753145417643806,0.9737479389791912,-1.0457411022578735,0,0,0.20175837776649116,0,0.0,0.0,1.0,1
1.4636204948908105,1,0.5507083859584725,1.0753145417643806,1.640620714736701,-1.0457411022578735,1,1,-0.7374942183913861,0,1.0,0.0,0.0,0
-0.13193962560293407,0,-0.1321549617644103,1.0753145417643806,-1.0223976130812507,0.7168853643458143,1,0,-1.3661828641949072,1,1.0,0.0,0.0,0
-0.25790489827349283,1,-0.03460305494685562,-0.31206022412828616,-1.0223976130812507,0.7168853643458143,0,0,1.6098963609698416,1,1.0,0.0,0.0,0
-0.4258585951675712,1,-0.7174664026697384,-0.6589039156014528,0.4959734616896077,0.7168853643458143,1,0,1.2002645986400584,0,1.0,0.0,0.0,0
-0.37337306488817174,1,0.06294885187069905,1.0753145417643806,-1.0223976130812507,0.7168853643458143,1,0,-1.1032669275594984,1,0.0,0.0,1.0,0
-0.4573499133352109,1,-1.2052259367575118,-0.31206022412828616,0.595561650946162,-1.0457411022578735,0,1,0.8664382452232847,0,1.0,0.0,0.0,0
0.991250722376215,1,-0.42481068221707435,1.422158233237547,0.7254969950394908,0.7168853643458143,1,1,-1.2598487283923891,0,0.0,1.0,0.0,0
0.4663954195822201,1,-0.03460305494685562,-0.6589039156014528,0.9972693115346571,0.7168853643458143,0,1,-0.8270331563026493,0,0.0,1.0,0.0,0
-0.36287595883229185,1,-0.7174664026697384,0.03478346734488051,0.6892132007898427,-1.0457411022578735,1,1,-1.6852482503415198,0,1.0,0.0,0.0,0
1.4426262827790506,1,-1.4003297503926213,1.7690019247107138,1.3313624892768259,-1.0457411022578735,1,1,-0.186013863275046,0,1.0,0.0,0.0,0
0.03601407129114429,1,-0.8150183094872931,-0.31206022412828616,-1.0223976130812507,0.7168853643458143,1,0,0.5106907797403981,1,0.0,0.0,1.0,0
0.03601407129114429,1,-0.3272587753995197,0.7284708502912138,-1.0223976130812507,0.7168853643458143,1,0,-1.5006464624725113,1,1.0,0.0,0.0,0
-0.2684020043293727,0,-0.42481068221707435,0.38162715881804715,0.9947296166783848,0.7168853643458143,0,1,0.49504099682231684,0,0.0,1.0,0.0,0
-0.49933833755873047,1,-1.2052259367575118,1.7690019247107138,1.0134847324445373,-1.0457411022578735,0,1,-0.9726505842092075,0,1.0,0.0,0.0,0
1.5371002372819698,1,-1.0101221231224025,-0.6589039156014528,-1.0223976130812507,0.7168853643458143,1,0,1.039936690551675,1,1.0,0.0,0.0,0
0.8023028133703768,0,-0.7174664026697384,1.422158233237547,0.6252525796876456,-1.0457411022578735,1,1,0.272874039309029,0,0.0,0.0,1.0,0
-1.7065055339849187,1,-0.8150183094872931,-0.6589039156014528,0.35810863840654217,-1.0457411022578735,0,1,-1.246173146773875,0,1.0,0.0,0.0,0
-0.016471458988255198,0,-0.22970686858196498,-1.0057476070746194,1.3478380489063662,-1.0457411022578735,1,1,-0.2064028396810414,0,1.0,0.0,0.0,0
1.0017478284320949,0,-0.22970686858196498,0.7284708502912138,-1.0223976130812507,0.7168853643458143,1,0,1.4773675805929993,1,1.0,0.0,0.0,0
0.06750538945878398,1,-0.5223625890346291,1.422158233237547,-1.0223976130812507,0.7168853643458143,0,0,-0.14224849749379226,1,0.0,0.0,1.0,0
-0.14243673165881396,0,-0.5223625890346291,-1.6994349900209527,1.1974272908883896,-1.0457411022578735,1,1,1.477194605929526,0,1.0,0.0,0.0,0
-0.4783441254469707,1,-1.0101221231224025,-1.0057476070746194,-1.0223976130812507,0.7168853643458143,0,0,-1.2893774292435196,1,1.0,0.0,0.0,0
-0.07945409532353459,1,-0.22970686858196498,1.0753145417643806,-1.0223976130812507,0.7168853643458143,1,0,1.0748812159715095,1,0.0,0.0,1.0,0
0.5713664801410191,1,-0.22970686858196498,1.0753145417643806,-1.0223976130812507,0.7168853643458143,1,0,-0.7721609780777989,1,0.0,0.0,1.0,0
1.3481523282761316,0,0.06294885187069905,-1.3525912985477861,1.0739818843516076,-1.0457411022578735,1,0,1.111840193565461,0,1.0,0.0,0.0,1
-1.045187852464485,1,-0.42481068221707435,-0.6589039156014528,-1.0223976130812507,-1.0457411022578735,0,1,0.411432817081754,1,0.0,0.0,1.0,0
1.0437362526556144,1,-0.42481068221707435,-1.3525912985477861,0.6388379417649505,-1.0457411022578735,1,1,-0.16750210438037125,0,1.0,0.0,0.0,0
-0.37337306488817174,0,-0.8150183094872931,-1.0057476070746194,0.604702909447355,0.7168853643458143,1,1,1.1371514008414816,0,0.0,1.0,0.0,0
0.5923606922527789,0,0.8433641064111366,-1.3525912985477861,-1.0223976130812507,-1.0457411022578735,1,0,0.1407300711724926,1,0.0,0.0,1.0,1
-0.43635570122345113,1,-1.8880892844803947,0.03478346734488051,-1.0223976130812507,0.7168853643458143,1,0,1.0445676230666627,1,0.0,0.0,1.0,0
-1.779985276376078,1,0.5507083859584725,0.38162715881804715,-0.02869267085391611,-1.0457411022578735,1,1,-0.8089320604254693,0,0.0,0.0,1.0,0
-0.11094541349117427,0,-0.3272587753995197,-1.3525912985477861,0.9419759004804273,0.7168853643458143,1,1,0.7482188242439638,0,0.0,1.0,0.0,0
0.5608693740851391,0,-0.1321549617644103,0.03478346734488051,-1.0223976130812507,0.7168853643458143,1,0,0.27220868541291854,1,1.0,0.0,0.0,0
0.35092725296754124,1,0.06294885187069905,0.38162715881804715,-1.0223976130812507,0.7168853643458143,1,0,1.0551848322000053,1,1.0,0.0,0.0,0
2.030464221908325,1,-0.7174664026697384,0.38162715881804715,0.30831357731862546,0.7168853643458143,1,0,0.85806033797706,0,0.0,0.0,1.0,0
1.0542333587114945,0,0.5507083859584725,1.422158233237547,-1.0223976130812507,0.7168853643458143,1,0,1.3500578812859858,1,0.0,0.0,1.0,0
0.5503722680292593,1,-0.3272587753995197,-1.0057476070746194,-1.0223976130812507,0.7168853643458143,1,0,0.0914107786839937,1,0.0,0.0,1.0,0
1.0437362526556144,1,-1.8880892844803947,-0.31206022412828616,1.0760153154333338,-1.0457411022578735,1,1,0.5867897424453814,0,0.0,0.0,1.0,0
-0.08995120137941448,0,1.5262274541340193,0.7284708502912138,0.8821886131786463,-1.0457411022578735,1,0,1.264316058203998,0,0.0,0.0,1.0,1
-1.8219737005995975,1,-0.9125702163048478,1.422158233237547,-1.0223976130812507,-1.0457411022578735,1,1,-0.3136646540448378,1,1.0,0.0,0.0,0
0.6553433285880582,1,-0.3272587753995197,-1.3525912985477861,0.6017368448134108,-1.0457411022578735,1,1,1.1328428223131883,0,0.0,0.0,1.0,0
1.4321291767231707,0,-0.6199144958521837,-1.3525912985477861,0.5305255213416921,-1.0457411022578735,1,1,0.6675781055305381,0,0.0,1.0,0.0,0
0.7498172830909774,0,0.7458121995935818,-1.0057476070746194,0.7447016756146659,-1.0457411022578735,1,0,-1.378188901995359,0,1.0,0.0,0.0,1
1.2746725858849723,1,-0.5223625890346291,-1.3525912985477861,-1.0223976130812507,0.7168853643458143,1,0,-0.2476448920163947,1,1.0,0.0,0.0,0
0.6343491164762984,0,0.06294885187069905,0.38162715881804715,-1.0223976130812507,0.7168853643458143,1,0,-0.11169617526403036,1,0.0,0.0,1.0,0
1.4426262827790506,0,-1.5954335640277306,-0.31206022412828616,0.8209669386950864,-1.0457411022578735,1,1,0.1394807326051157,0,0.0,0.0,1.0,0
-0.24740779221761294,1,-0.1321549617644103,-1.0057476070746194,-1.0223976130812507,0.7168853643458143,1,0,1.432108074589242,1,1.0,0.0,0.0,0
0.8652854497056562,1,0.16050075868825375,-1.3525912985477861,0.7443165414482837,-1.0457411022578735,1,1,1.6240480132769937,0,0.0,0.0,1.0,0
0.9597594042085753,1,2.1115388950393474,-1.6994349900209527,1.4313741489321332,-1.0457411022578735,1,0,0.46895253127913217,0,1.0,0.0,0.0,1
0.20396776818522266,1,-0.8150183094872931,-1.3525912985477861,1.0427209419255874,-1.0457411022578735,1,1,-0.7688166855872063,0,1.0,0.0,0.0,0
-1.2341357614703234,0,0.06294885187069905,0.38162715881804715,-0.022880543657945018,-1.0457411022578735,0,1,-0.6932600687177489,0,0.0,0.0,1.0,0
-0.04796277715589489,0,0.16050075868825375,-1.3525912985477861,-1.0223976130812507,0.7168853643458143,1,0,0.4656844031589157,1,1.0,0.0,0.0,0
-0.23691068616173305,0,0.7458121995935818,0.03478346734488051,0.9691915650082789,-1.0457411022578735,1,1,-0.8672753560947732,0,0.0,1.0,0.0,1
0.28794461663226184,0,-0.7174664026697384,1.0753145417643806,-1.0223976130812507,0.7168853643458143,1,0,1.54277854814388,1,0.0,0.0,1.0,0
-0.16343094377057377,0,0.16050075868825375,1.422158233237547,-1.0223976130812507,-1.0457411022578735,0,0,0.9010479250057029,1,1.0,0.0,0.0,1
-1.0031994282409655,1,-0.42481068221707435,-1.3525912985477861,0.2473617061511217,-1.0457411022578735,1,1,-1.5192173832129683,0,1.0,0.0,0.0,0
0.791805707314497,0,0.16050075868825375,1.7690019247107138,-1.0223976130812507,0.7168853643458143,1,0,0.9451229796277796,1,1.0,0.0,0.0,0
-1.0766791706321248,1,0.16050075868825375,-0.31206022412828616,-1.0223976130812507,-1.0457411022578735,0,1,1.1982690574371744,1,1.0,0.0,0.0,0
-0.8352457313468872,1,-0.22970686858196498,-0.6589039156014528,0.9281188021677871,0.7168853643458143,0,1,0.7645905204767033,0,1.0,0.0,0.0,0
-0.17392804982645366,1,0.4531564791409178,1.422158233237547,1.7558218983944487,-1.0457411022578735,1,0,1.5852388834149536,0,0.0,0.0,1.0,1
-1.3391068220291222,0,-0.7174664026697384,-1.0057476070746194,1.6193078635343363,0.7168853643458143,1,1,-0.6717798078250431,0,1.0,0.0,0.0,0
-0.016471458988255198,0,-0.3272587753995197,-1.3525912985477861,0.30215964556344777,0.7168853643458143,1,0,-0.1893801896495516,0,0.0,0.0,1.0,0
0.09899670762642368,1,-0.22970686858196498,-0.6589039156014528,-1.0223976130812507,0.7168853643458143,1,0,-1.1200338457414791,1,1.0,0.0,0.0,0
0.015019859179384495,1,-1.79053737766284,0.7284708502912138,-1.0223976130812507,0.7168853643458143,0,0,1.525451414126035,1,1.0,0.0,0.0,0
-0.961211004017446,0,0.16050075868825375,-1.3525912985477861,0.4272066367996605,0.7168853643458143,0,1,0.3707705855340934,0,0.0,1.0,0.0,0
-0.446852807279331,0,0.2580526655058084,0.7284708502912138,1.8756258460858104,-1.0457411022578735,0,0,-1.4755287022875372,0,0.0,0.0,1.0,1
0.8232970254821367,1,0.2580526655058084,0.7284708502912138,1.8754349703069886,-1.0457411022578735,1,1,0.6500401749067546,0,1.0,0.0,0.0,0
0.5398751619733794,0,-0.6199144958521837,1.0753145417643806,1.9975895089184734,-1.0457411022578735,1,1,0.3539628959921162,0,0.0,0.0,1.0,0
1.3271581161643717,0,0.5507083859584725,-0.6589039156014528,0.2953976496183529,-1.0457411022578735,1,0,1.1190423241874512,0,0.0,0.0,1.0,1
-0.17392804982645366,1,0.16050075868825375,1.0753145417643806,0.7549326173595123,-1.0457411022578735,1,1,1.0092731579314551,0,1.0,0.0,0.0,0
-0.4573499133352109,1,-0.8150183094872931,1.422158233237547,0.7804917700650829,-1.0457411022578735,1,1,1.3199903045023078,0,0.0,0.0,1.0,0
1.1172159950467737,1,0.16050075868825375,-0.6589039156014528,-1.0223976130812507,0.7168853643458143,1,0,0.5997293576421743,1,1.0,0.0,0.0,0
0.4873896316939799,1,0.4531564791409178,1.0753145417643806,-1.0223976130812507,0.7168853643458143,1,0,-1.5616116168323029,1,1.0,0.0,0.0,0
0.4663954195822201,1,-0.1321549617644103,1.0753145417643806,1.073072123677527,-1.0457411022578735,1,1,0.3525018933430561,0,1.0,0.0,0.0,0
0.004522753123504598,0,-1.1076740299399572,1.0753145417643806,-1.0223976130812507,0.7168853643458143,0,0,-1.617761933819251,1,0.0,0.0,1.0,0
0.8442912375938965,1,0.5507083859584725,0.7284708502912138,-1.0223976130812507,0.7168853643458143,0,0,-0.7254704840857444,1,1.0,0.0,0.0,0
1.4321291767231707,1,-0.9125702163048478,1.0753145417643806,0.5348032327831855,0.7168853643458143,0,0,1.603217491716996,0,0.0,0.0,1.0,0
-0.341881746720532,1,-1.2052259367575118,1.422158233237547,0.1805530895676184,0.7168853643458143,0,0,-1.1881339881006285,0,1.0,0.0,0.0,0
-1.1816502311909238,0,0.16050075868825375,0.7284708502912138,-1.0223976130812507,-1.0457411022578735,0,1,1.0646236622818794,1,1.0,0.0,0.0,0
-0.446852807279331,1,-0.3272587753995197,-1.0057476070746194,1.0278463226890509,-1.0457411022578735,1,1,-1.1869021725432927,0,0.0,0.0,1.0,0
-0.24740779221761294,1,-0.8150183094872931,-1.0057476070746194,0.7460112284263292,0.7168853643458143,1,1,0.6939667176813554,0,0.0,1.0,0.0,0
-0.4573499133352109,1,-0.1321549617644103,1.422158233237547,0.7218445829848211,-1.0457411022578735,1,1,0.2505240472347845,0,1.0,0.0,0.0,0
-1.381095246252642,0,0.8433641064111366,0.38162715881804715,0.8873266347759936,-1.0457411022578735,1,0,-0.2982555088983092,0,0.0,0.0,1.0,1
-0.16343094377057377,1,0.2580526655058084,0.38162715881804715,-1.0223976130812507,0.7168853643458143,1,0,-0.5953801780269807,1,1.0,0.0,0.0,0
0.5293780559174995,0,1.2335717336813552,1.7690019247107138,0.5632119917361279,-1.0457411022578735,0,0,-0.5020078648003177,0,0.0,1.0,0.0,1
1.1277131011026538,1,-0.9125702163048478,0.03478346734488051,-1.0223976130812507,0.7168853643458143,1,0,-0.5872000552505253,1,0.0,0.0,1.0,0
1.9359902674054057,1,-0.42481068221707435,-0.31206022412828616,-1.0223976130812507,0.7168853643458143,1,0,0.7264077081022665,1,1.0,0.0,0.0,0
0.5398751619733794,0,2.013986988221793,-1.0057476070746194,-1.0223976130812507,-1.0457411022578735,1,0,1.3872585376223832,1,1.0,0.0,0.0,1
0.16197934396170308,1,-0.42481068221707435,1.422158233237547,-1.0223976130812507,0.7168853643458143,1,0,1.0771821086364939,1,1.0,0.0,0.0,0
2.030464221908325,1,-0.7174664026697384,-0.6589039156014528,-1.0223976130812507,0.7168853643458143,1,0,0.38434831588861634,1,1.0,0.0,0.0,0
0.34043014691166135,0,0.6482602927760271,-1.6994349900209527,-0.09162900581473976,-1.0457411022578735,1,0,1.7018206836836136,0,0.0,0.0,1.0,1
0.5608693740851391,1,-0.5223625890346291,-1.3525912985477861,-1.0223976130812507,0.7168853643458143,1,0,1.1901690894195203,1,0.0,0.0,1.0,0
0.5608693740851391,0,-0.7174664026697384,0.03478346734488051,-1.0223976130812507,0.7168853643458143,1,0,-1.5640913829958247,1,0.0,0.0,1.0,0
-0.037465671100014995,1,1.2335717336813552,-0.6589039156014528,-1.0223976130812507,-1.0457411022578735,1,0,1.2268369421535825,1,1.0,0.0,0.0,1
-0.27889911038525267,0,-0.22970686858196498,-1.0057476070746194,0.7561213627162251,-1.0457411022578735,1,1,-0.8801176405130222,0,1.0,0.0,0.0,0
-0.07945409532353459,0,1.1360198268638007,0.03478346734488051,1.4806252543195595,-1.0457411022578735,1,1,-0.21447799789240002,0,0.0,1.0,0.0,1
0.057008283402904085,0,-0.1321549617644103,0.38162715881804715,-1.0223976130812507,0.7168853643458143,1,0,-0.8411815122019721,1,1.0,0.0,0.0,0
1.2746725858849723,1,-0.1321549617644103,-0.6589039156014528,1.2617293943965802,-1.0457411022578735,0,1,1.3828991250154563,0,1.0,0.0,0.0,0
-1.370598140196762,1,0.3556045723233631,-1.3525912985477861,-1.0223976130812507,-1.0457411022578735,0,1,1.1931679530686117,1,1.0,0.0,0.0,0
0.24595619240874225,1,-0.5223625890346291,-1.0057476070746194,0.7235656865263491,-1.0457411022578735,0,1,-1.0523511327106325,0,1.0,0.0,0.0,0
1.3061639040526118,1,-0.6199144958521837,0.38162715881804715,1.3471666816100547,-1.0457411022578735,1,1,-1.034840614320378,0,1.0,0.0,0.0,0
0.5503722680292593,0,-1.4003297503926213,-0.6589039156014528,0.7647378336331135,-1.0457411022578735,1,1,1.1936813252142675,0,1.0,0.0,0.0,0
-0.0059743529323753,1,0.2580526655058084,-1.0057476070746194,-1.0223976130812507,0.7168853643458143,1,0,1.0281350300366514,1,1.0,0.0,0.0,0
-1.58054026131436,0,-0.6199144958521837,-0.6589039156014528,-1.0223976130812507,-1.0457411022578735,1,1,-0.32774257091369874,1,1.0,0.0,0.0,0
2.030464221908325,1,1.0384679200462459,1.0753145417643806,0.5666158625868128,-1.0457411022578735,1,0,0.3376435952943505,0,0.0,1.0,0.0,1
1.0122449344879747,0,0.4531564791409178,0.03478346734488051,-1.0223976130812507,0.7168853643458143,1,0,0.17641160398494193,1,1.0,0.0,0.0,0
1.0752275708232542,0,-0.3272587753995197,0.7284708502912138,1.3605120395435248,-1.0457411022578735,1,1,0.12269733238398726,0,0.0,0.0,1.0,0
0.6028577983086588,0,-0.7174664026697384,0.38162715881804715,1.4408921656161653,-1.0457411022578735,1,1,-0.8468940134753304,0,0.0,0.0,1.0,0
0.5083838438057396,1,-0.03460305494685562,-1.3525912985477861,2.0290975428590188,-1.0457411022578735,0,1,0.12031836690198862,0,1.0,0.0,0.0,0
0.5503722680292593,0,0.16050075868825375,1.422158233237547,1.096881340128988,-1.0457411022578735,1,1,0.07385636602106249,0,1.0,0.0,0.0,0
-0.8667370495145269,0,-0.42481068221707435,0.03478346734488051,0.7868865113471285,0.7168853643458143,1,1,-1.4178054782804757,0,1.0,0.0,0.0,0
-0.16343094377057377,0,-0.03460305494685562,-0.6589039156014528,-1.0223976130812507,0.7168853643458143,1,0,0.2906491378013872,1,1.0,0.0,0.0,0
-0.4153614891116913,0,-0.22970686858196498,0.7284708502912138,0.8399256552919823,-1.0457411022578735,1,1,-0.4891558646537295,0,0.0,0.0,1.0,0
-1.8744592308789971,0,-0.6199144958521837,0.38162715881804715,0.12426229216531766,-1.0457411022578735,1,1,0.18876289713174535,0,1.0,0.0,0.0,0
1.5371002372819698,0,-0.1321549617644103,-1.3525912985477861,-1.0223976130812507,0.7168853643458143,0,0,-1.6006386566013875,1,0.0,0.0,1.0,0
-0.341881746720532,0,-0.22970686858196498,-1.6994349900209527,-1.0223976130812507,0.7168853643458143,1,0,0.20632546406667585,1,0.0,0.0,1.0,0
-0.4888412315028506,0,-1.3027778435750665,-1.0057476070746194,-1.0223976130812507,0.7168853643458143,1,0,0.4165656710625689,1,1.0,0.0,0.0,0
-0.05845988321177479,0,0.7458121995935818,-0.31206022412828616,0.4231529829179486,-1.0457411022578735,1,0,0.9839249961887144,0,0.0,0.0,1.0,1
0.4663954195822201,0,-0.3272587753995197,1.422158233237547,-1.0223976130812507,0.7168853643458143,0,0,1.2367298090401817,1,0.0,0.0,1.0,0
1.3901407524996512,0,0.4531564791409178,1.422158233237547,0.8564690281729014,0.7168853643458143,1,1,-0.685956616928789,0,0.0,1.0,0.0,0
0.3614243590234211,1,-0.03460305494685562,-1.3525912985477861,-1.0223976130812507,0.7168853643458143,0,0,-0.9552661967922184,1,1.0,0.0,0.0,0
0.057008283402904085,0,-0.1321549617644103,0.03478346734488051,-1.0223976130812507,0.7168853643458143,1,0,0.9049199897393118,1,1.0,0.0,0.0,0
-0.08995120137941448,1,-0.3272587753995197,0.7284708502912138,-1.0223976130812507,0.7168853643458143,0,0,0.4022554441893031,1,0.0,0.0,1.0,0
-0.27889911038525267,1,-1.0101221231224025,1.422158233237547,-1.0223976130812507,0.7168853643458143,0,0,-1.1643998517282959,1,1.0,0.0,0.0,0
-0.341881746720532,0,-0.03460305494685562,1.0753145417643806,-1.0223976130812507,0.7168853643458143,1,0,-0.07477987747671343,1,0.0,0.0,1.0,0
0.17247645001758297,1,0.06294885187069905,1.0753145417643806,1.2030367837132572,-1.0457411022578735,1,1,0.18659229932360022,0,0.0,0.0,1.0,0
-1.6435228976496394,0,-0.42481068221707435,0.38162715881804715,-1.0223976130812507,-1.0457411022578735,1,1,0.7036068021359777,1,1.0,0.0,0.0,0
0.5188809498616196,1,-0.03460305494685562,0.03478346734488051,1.6037119432534424,0.7168853643458143,1,1,0.6236900786789977,0,0.0,1.0,0.0,0
-0.43635570122345113,1,-0.3272587753995197,0.7284708502912138,-1.0223976130812507,0.7168853643458143,1,0,0.8860515248184564,1,1.0,0.0,0.0,0
0.5713664801410191,0,-0.6199144958521837,-1.3525912985477861,-1.0223976130812507,0.7168853643458143,1,0,0.4593251119703813,1,1.0,0.0,0.0,0
0.25645329846462217,0,-0.9125702163048478,-1.0057476070746194,1.3638530905176351,-1.0457411022578735,1,1,-0.8274368795141874,0,1.0,0.0,0.0,0
-0.24740779221761294,0,0.5507083859584725,0.7284708502912138,-1.0223976130812507,0.7168853643458143,1,0,-1.2136388159628444,1,1.0,0.0,0.0,0
1.3061639040526118,0,-1.0101221231224025,-0.31206022412828616,-1.0223976130812507,0.7168853643458143,1,0,1.3530806872656285,1,1.0,0.0,0.0,0
0.14098513184994327,1,-0.7174664026697384,-1.3525912985477861,1.275062832661162,0.7168853643458143,1,1,1.3216969762822393,0,0.0,1.0,0.0,0
0.5293780559174995,0,-0.7174664026697384,-1.0057476070746194,0.3111222701079208,0.7168853643458143,0,0,-0.1438260888829268,0,1.0,0.0,0.0,0
-0.7932573071233676,1,0.4531564791409178,1.422158233237547,0.2343641126113025,-1.0457411022578735,0,1,-1.197996146345869,0,0.0,0.0,1.0,0
0.09899670762642368,1,1.2335717336813552,-1.0057476070746194,1.3651225352542549,-1.0457411022578735,0,0,0.9930850195662733,0,1.0,0.0,0.0,1
2.030464221908325,1,0.4531564791409178,-0.31206022412828616,1.5750678513782561,-1.0457411022578735,1,1,0.7001910296440296,0,1.0,0.0,0.0,0
-0.4783441254469707,0,0.4531564791409178,1.422158233237547,1.0267595388243163,0.7168853643458143,0,1,-1.4191965623845204,0,0.0,1.0,0.0,0
-0.35237885277641195,0,-0.3272587753995197,0.03478346734488051,-1.0223976130812507,0.7168853643458143,1,0,0.025650738893484716,1,1.0,0.0,0.0,0
-0.7827602010674878,0,-0.9125702163048478,-1.6994349900209527,-1.0223976130812507,-1.0457411022578735,1,1,-0.2724012618061673,1,1.0,0.0,0.0,0
-0.9402167919056862,0,-1.4978816572101759,1.422158233237547,0.4840262487014312,-1.0457411022578735,0,1,-0.3172879267348947,0,1.0,0.0,0.0,0
1.50560891911433,1,-0.03460305494685562,-1.3525912985477861,-1.0223976130812507,0.7168853643458143,1,0,-0.835555758503074,1,0.0,0.0,1.0,0
-0.31039042855289234,1,-0.03460305494685562,1.0753145417643806,0.6998804990619705,0.7168853643458143,0,1,-0.26793757861473916,0,0.0,1.0,0.0,0
-0.3943672769999315,0,-0.5223625890346291,-0.6589039156014528,0.5962438103751155,0.7168853643458143,0,1,-1.0976495016277485,0,0.0,1.0,0.0,0
0.3089388287440216,0,0.4531564791409178,0.03478346734488051,1.4718130753256513,0.7168853643458143,1,1,0.9054710103322836,0,0.0,1.0,0.0,0
0.5608693740851391,0,-0.7174664026697384,-1.3525912985477861,-1.0223976130812507,0.7168853643458143,1,0,-1.3815819466227983,1,1.0,0.0,0.0,0
-0.19492226193821346,0,-0.6199144958521837,-1.6994349900209527,-1.0223976130812507,0.7168853643458143,1,0,1.0481948861451444,1,1.0,0.0,0.0,0
1.4111349646114109,1,-0.22970686858196498,0.38162715881804715,0.7682744316076372,-1.0457411022578735,1,1,1.5659030225629063,0,1.0,0.0,0.0,0
0.4768925256381,0,0.16050075868825375,-1.3525912985477861,0.6455384064463242,-1.0457411022578735,0,0,-1.5614752496452513,0,1.0,0.0,0.0,1
-0.5203325496704903,0,-0.6199144958521837,0.38162715881804715,-1.0223976130812507,0.7168853643458143,0,0,1.671598002236801,1,1.0,0.0,0.0,0
0.4349041014145804,1,0.6482602927760271,0.03478346734488051,1.6265223236673727,-1.0457411022578735,1,0,0.7331282161908531,0,0.0,0.0,1.0,1
0.41390988930282063,1,-0.5223625890346291,-1.0057476070746194,1.6053943884093858,-1.0457411022578735,1,1,-1.6079226769336683,0,1.0,0.0,0.0,0
0.23545908635286236,1,-0.22970686858196498,0.38162715881804715,1.357245728114877,-1.0457411022578735,0,1,1.262832501185578,0,1.0,0.0,0.0,0
1.0542333587114945,1,-0.6199144958521837,1.422158233237547,-1.0223976130812507,0.7168853643458143,1,0,0.2817101472435532,1,1.0,0.0,0.0,0
0.41390988930282063,0,0.2580526655058084,1.0753145417643806,-1.0223976130812507,0.7168853643458143,0,0,-1.239393476839506,1,1.0,0.0,0.0,0
0.13048802579406338,0,-0.03460305494685562,1.0753145417643806,-1.0223976130812507,0.7168853643458143,1,0,-0.27177060693984095,1,1.0,0.0,0.0,0
0.7288230709792175,1,-0.8150183094872931,1.0753145417643806,1.1384819510093103,-1.0457411022578735,1,1,0.8346648641354201,0,0.0,0.0,1.0,0
-0.04796277715589489,1,0.7458121995935818,1.7690019247107138,0.927656995536663,2.479511830949502,1,0,0.8981540259217076,0,0.0,1.0,0.0,1
1.9569844795171656,0,-0.03460305494685562,1.0753145417643806,1.150324947433016,-1.0457411022578735,1,1,-1.5425379071502743,0,1.0,0.0,0.0,0
-0.3838701709440516,1,-0.3272587753995197,-1.6994349900209527,0.21773069790729352,-1.0457411022578735,1,1,-1.4308287181390482,0,0.0,1.0,0.0,0
1.3586494343320115,1,-0.3272587753995197,-0.6589039156014528,-1.0223976130812507,0.7168853643458143,1,0,-0.12145770632289678,1,1.0,0.0,0.0,0
-0.27889911038525267,1,1.1360198268638007,-0.6589039156014528,1.0614651044824912,4.242138297553191,1,1,-0.9011037872216021,0,0.0,1.0,0.0,1
-0.28939621644113256,1,0.06294885187069905,0.03478346734488051,-1.0223976130812507,0.7168853643458143,0,0,0.29554083352520233,1,0.0,0.0,1.0,0
1.0437362526556144,0,-1.4978816572101759,-1.3525912985477861,0.7908145254756918,-1.0457411022578735,1,1,0.23759293330028833,0,1.0,0.0,0.0,0
2.030464221908325,1,0.2580526655058084,-1.3525912985477861,1.827989211526342,0.7168853643458143,0,1,0.45269551533982894,0,0.0,1.0,0.0,0
0.9282680860409356,1,-0.42481068221707435,1.422158233237547,-1.0223976130812507,0.7168853643458143,1,0,-0.861704600358083,1,0.0,0.0,1.0,0
0.791805707314497,0,0.4531564791409178,0.38162715881804715,-1.0223976130812507,0.7168853643458143,1,0,-0.589572601412014,1,1.0,0.0,0.0,0
0.13048802579406338,1,-0.1321549617644103,-1.3525912985477861,0.9995897811293459,-1.0457411022578735,1,1,1.0851656614092224,0,1.0,0.0,0.0,0
2.030464221908325,0,-0.9125702163048478,0.7284708502912138,-1.0223976130812507,0.7168853643458143,1,0,-1.326827745099214,1,0.0,0.0,1.0,0
-0.8037544131792476,0,2.599298429127121,1.422158233237547,0.6979691640480471,2.479511830949502,1,0,0.1418683728445604,0,1.0,0.0,0.0,1
0.35092725296754124,1,-0.5223625890346291,0.03478346734488051,-1.0223976130812507,0.7168853643458143,1,0,0.6645570345023843,1,1.0,0.0,0.0,0
1.201192843493813,1,0.6482602927760271,-1.6994349900209527,1.2298650590022342,-1.0457411022578735,0,0,1.2365235233081153,0,0.0,0.0,1.0,1
0.7288230709792175,0,-1.1076740299399572,0.7284708502912138,0.9721507033481394,-1.0457411022578735,0,1,-0.3598815062803391,0,0.0,0.0,1.0,0
-0.36287595883229185,1,-0.1321549617644103,-0.31206022412828616,-1.0223976130812507,0.7168853643458143,1,0,-1.6526125983635198,1,0.0,0.0,1.0,0
0.13048802579406338,1,0.4531564791409178,-1.3525912985477861,1.6057258840657702,-1.0457411022578735,0,1,-1.4592817490668715,0,1.0,0.0,0.0,0
-1.7379968521525584,0,1.8188831745866834,-0.31206022412828616,0.7823807154306887,-1.0457411022578735,1,1,-1.0146669453941932,0,0.0,1.0,0.0,1
0.781308601258617,1,0.3556045723233631,1.422158233237547,0.6051788908198601,-1.0457411022578735,1,1,1.6041692861039738,0,0.0,0.0,1.0,0
0.27744751057638195,0,-0.6199144958521837,-1.6994349900209527,1.203215578746584,0.7168853643458143,1,1,1.5352580539236205,0,0.0,1.0,0.0,0
-0.36287595883229185,0,-0.3272587753995197,0.03478346734488051,-1.0223976130812507,0.7168853643458143,1,0,-0.8432004752499606,1,1.0,0.0,0.0,0
-0.04796277715589489,0,0.16050075868825375,0.7284708502912138,0.5959606377007116,-1.0457411022578735,1,1,0.4309145873540439,0,0.0,0.0,1.0,0
1.0332391465997346,1,-0.22970686858196498,1.0753145417643806,-1.0223976130812507,0.7168853643458143,1,0,1.3375827126028526,1,1.0,0.0,0.0,0
-1.4230836704761616,0,-0.6199144958521837,-1.0057476070746194,1.1771841494304605,0.7168853643458143,1,1,0.5142326832056116,0,1.0,0.0,0.0,0
0.13048802579406338,1,0.06294885187069905,-0.6589039156014528,0.9016951513145909,-1.0457411022578735,1,1,1.246769626317917,0,1.0,0.0,0.0,0
-2.0424129277730754,0,-1.4003297503926213,1.422158233237547,0.10322327119417431,0.7168853643458143,0,1,-0.6123093141732023,0,0.0,1.0,0.0,0
-0.016471458988255198,0,-1.1076740299399572,1.422158233237547,-1.0223976130812507,0.7168853643458143,0,0,0.1439045119122921,1,0.0,0.0,1.0,0
0.4978867377498598,1,-0.1321549617644103,-0.31206022412828616,-1.0223976130812507,0.7168853643458143,0,0,-1.2843616844882264,1,0.0,0.0,1.0,0
0.5923606922527789,0,0.9409160132286912,-1.3525912985477861,1.6154061048926491,-1.0457411022578735,0,0,1.0005036721341165,0,0.0,0.0,1.0,1
-1.171153125135044,0,0.06294885187069905,0.38162715881804715,-1.0223976130812507,-1.0457411022578735,0,0,-1.0635750543797504,1,0.0,0.0,1.0,1
0.7498172830909774,1,-0.03460305494685562,-1.3525912985477861,0.8450398375515528,-1.0457411022578735,1,1,0.6826242988255247,0,1.0,0.0,0.0,0
-0.5833151860057697,1,0.2580526655058084,-1.3525912985477861,0.974487763833308,-1.0457411022578735,0,1,1.2682734825508757,0,1.0,0.0,0.0,0
0.4978867377498598,0,-0.3272587753995197,-0.6589039156014528,1.461501434200898,0.7168853643458143,1,1,-1.0314654396932776,0,0.0,1.0,0.0,0
1.5580944493937294,0,-0.7174664026697384,-0.31206022412828616,-1.0223976130812507,0.7168853643458143,1,0,-1.646737705630772,1,1.0,0.0,0.0,0
0.40341278324694074,1,0.4531564791409178,-1.3525912985477861,0.5951513888291501,-1.0457411022578735,1,1,0.024769383536968215,0,1.0,0.0,0.0,0
1.6210770857290089,1,-0.7174664026697384,0.7284708502912138,0.8750732151586693,-1.0457411022578735,1,1,1.4340890421996169,0,1.0,0.0,0.0,0
1.9254931613495259,0,-0.22970686858196498,0.38162715881804715,-1.0223976130812507,0.7168853643458143,1,0,0.7226187475449901,1,0.0,0.0,1.0,0
0.3614243590234211,1,-1.0101221231224025,-1.3525912985477861,-1.0223976130812507,0.7168853643458143,0,0,-0.11881294627275171,1,1.0,0.0,0.0,0
0.3089388287440216,1,0.6482602927760271,-0.6589039156014528,0.17399678844915237,2.479511830949502,1,0,-0.6038694691588127,0,0.0,0.0,1.0,1
0.6763375406998181,1,0.16050075868825375,0.38162715881804715,0.5928122343480956,-1.0457411022578735,1,0,0.6740437492453609,0,0.0,1.0,0.0,1
-0.36287595883229185,1,0.4531564791409178,1.0753145417643806,-1.0223976130812507,0.7168853643458143,1,0,0.01569367880178476,1,1.0,0.0,0.0,0
-1.4335807765320414,1,-0.5223625890346291,-0.31206022412828616,1.4951907675480292,0.7168853643458143,1,1,1.1518169457797363,0,1.0,0.0,0.0,0
1.2326841616614526,0,1.33112364049891,-1.0057476070746194,-0.11101119281038876,-1.0457411022578735,1,0,0.235132251603148,0,1.0,0.0,0.0,1
0.4663954195822201,1,-0.9125702163048478,-1.0057476070746194,-1.0223976130812507,0.7168853643458143,1,0,1.3399026897342183,1,1.0,0.0,0.0,0
-2.3783203215612323,0,-0.5223625890346291,1.0753145417643806,-1.0223976130812507,-1.0457411022578735,1,1,-0.5196821626111531,1,1.0,0.0,0.0,0
0.28794461663226184,0,0.06294885187069905,-0.31206022412828616,1.2282275542195318,-1.0457411022578735,1,1,0.3625788385826602,0,0.0,0.0,1.0,0
0.8232970254821367,1,-0.22970686858196498,0.03478346734488051,-1.0223976130812507,0.7168853643458143,1,0,0.09435637932236694,1,0.0,0.0,1.0,0
-0.446852807279331,0,-0.42481068221707435,0.03478346734488051,-1.0223976130812507,0.7168853643458143,1,0,1.4894260139284254,1,1.0,0.0,0.0,0
0.41390988930282063,1,-1.1076740299399572,-0.31206022412828616,0.3892336321765913,0.7168853643458143,0,0,1.672454027301575,0,1.0,0.0,0.0,0
0.6553433285880582,0,-1.5954335640277306,0.7284708502912138,0.8205739117749807,-1.0457411022578735,1,1,1.349511024576588,0,1.0,0.0,0.0,0
1.316661010108492,0,-1.1076740299399572,-0.6589039156014528,-1.0223976130812507,0.7168853643458143,1,0,0.7616506451782447,1,0.0,0.0,1.0,0
0.11999091973818347,0,-0.7174664026697384,1.422158233237547,-1.0223976130812507,0.7168853643458143,0,0,-1.0135912754708856,1,1.0,0.0,0.0,0
0.32993304085578146,1,0.2580526655058084,-1.0057476070746194,0.7956932137364122,0.7168853643458143,0,1,-0.5932297056561104,0,0.0,1.0,0.0,0
1.2641754798290923,0,-0.1321549617644103,1.7690019247107138,0.9352013405600174,0.7168853643458143,1,1,-0.4554027304215321,0,0.0,1.0,0.0,0
0.22496198029698244,0,0.2580526655058084,-1.3525912985477861,1.2881433806533802,-1.0457411022578735,1,0,1.681318414945373,0,1.0,0.0,0.0,1
1.316661010108492,1,-0.42481068221707435,0.38162715881804715,1.3522330241174647,-1.0457411022578735,0,1,-0.998811570724641,0,0.0,0.0,1.0,0
-0.20541936799409335,1,0.4531564791409178,-0.6589039156014528,1.7512808267011637,-1.0457411022578735,1,1,0.08772522123547434,0,0.0,0.0,1.0,0
0.5503722680292593,1,-0.42481068221707435,-0.31206022412828616,1.3675795978113412,0.7168853643458143,1,1,-1.3565972572170462,0,0.0,1.0,0.0,0
0.08849960157054378,1,0.2580526655058084,1.0753145417643806,-1.0223976130812507,0.7168853643458143,1,0,0.5627958838351146,1,0.0,0.0,1.0,0
0.4663954195822201,1,-1.4978816572101759,-0.6589039156014528,-1.0223976130812507,0.7168853643458143,1,0,-1.0540354236163534,1,1.0,0.0,0.0,0
0.991250722376215,1,-0.9125702163048478,1.7690019247107138,1.3573099976809107,-1.0457411022578735,0,1,-0.08262428714000764,0,1.0,0.0,0.0,0
0.8023028133703768,1,0.16050075868825375,0.03478346734488051,1.0027383455585688,0.7168853643458143,1,1,-0.8489206103098715,0,0.0,1.0,0.0,0
1.3061639040526118,0,0.9409160132286912,1.422158233237547,0.3112229429870462,-1.0457411022578735,1,0,0.4338605349827148,0,0.0,1.0,0.0,1
-0.8562399434586471,1,-0.9125702163048478,-0.31206022412828616,0.9398923745740478,0.7168853643458143,1,1,-0.8561072998636079,0,1.0,0.0,0.0,0
0.3194359347999015,1,-0.7174664026697384,-0.6589039156014528,-1.0223976130812507,0.7168853643458143,0,0,-0.8932486208590749,1,0.0,0.0,1.0,0
1.1277131011026538,0,0.06294885187069905,1.422158233237547,1.2059604851996657,-1.0457411022578735,1,0,-0.8612415418056141,0,0.0,1.0,0.0,1
0.41390988930282063,1,-1.0101221231224025,-0.31206022412828616,1.758538777517982,-1.0457411022578735,1,1,0.2907400492594214,0,1.0,0.0,0.0,0
0.24595619240874225,0,-0.42481068221707435,-1.3525912985477861,-1.0223976130812507,0.7168853643458143,1,0,1.1679946744359833,1,1.0,0.0,0.0,0
1.7575394644554476,1,2.1115388950393474,1.0753145417643806,1.1400585688347176,2.479511830949502,0,0,0.9252938720673511,0,0.0,1.0,0.0,1
1.3586494343320115,1,-1.4003297503926213,-1.0057476070746194,0.9127050595289582,0.7168853643458143,1,1,0.44650468794089654,0,0.0,1.0,0.0,0
1.6630655099525284,0,1.8188831745866834,0.03478346734488051,-1.0223976130812507,2.479511830949502,0,0,-1.054367666826536,1,0.0,0.0,1.0,1
-0.32088753460877223,1,-0.22970686858196498,-1.0057476070746194,1.9038997839190281,0.7168853643458143,1,1,-0.7318453898376815,0,0.0,1.0,0.0,0
-1.685511321873159,0,1.623779360951574,-0.31206022412828616,0.9957719433996974,-1.0457411022578735,1,1,-1.1829012009140358,0,0.0,1.0,0.0,1
0.3614243590234211,1,-1.6929854708452852,-0.6589039156014528,0.6367065761064108,-1.0457411022578735,1,1,0.08561933711787649,0,0.0,0.0,1.0,0
-0.9822052161292057,0,0.7458121995935818,1.0753145417643806,0.6877797800677035,-1.0457411022578735,1,0,1.1005125217972886,0,0.0,0.0,1.0,1
1.3691465403878913,1,-1.3027778435750665,0.03478346734488051,-1.0223976130812507,0.7168853643458143,1,0,-0.9092136444627448,1,1.0,0.0,0.0,0
1.5685915554496093,1,-0.42481068221707435,0.38162715881804715,-1.0223976130812507,0.7168853643458143,0,0,0.019021662748379076,1,1.0,0.0,0.0,0
0.28794461663226184,1,-0.6199144958521837,-0.6589039156014528,0.6307336944570523,0.7168853643458143,1,1,0.48092612548673574,0,0.0,1.0,0.0,0
0.9597594042085753,0,0.16050075868825375,-0.31206022412828616,-1.0223976130812507,0.7168853643458143,1,0,0.5665459814790325,1,0.0,0.0,1.0,0
1.3901407524996512,1,-0.7174664026697384,-0.31206022412828616,1.804128772713982,-1.0457411022578735,1,1,1.2685842123625923,0,1.0,0.0,0.0,0
0.22496198029698244,0,-0.8150183094872931,-1.3525912985477861,1.2274712995515422,0.7168853643458143,0,1,-1.4498574925775065,0,0.0,1.0,0.0,0
0.015019859179384495,1,0.06294885187069905,0.7284708502912138,-1.0223976130812507,0.7168853643458143,1,0,-0.8906409887707988,1,1.0,0.0,0.0,0
-0.24740779221761294,1,-0.3272587753995197,1.7690019247107138,-1.0223976130812507,0.7168853643458143,1,0,-0.5905452152168625,1,1.0,0.0,0.0,0
-1.2551299735820831,0,0.7458121995935818,0.03478346734488051,0.6000867760553938,-1.0457411022578735,0,1,0.7138310447570152,0,0.0,1.0,0.0,1
0.9807536163203351,0,-0.1321549617644103,-1.3525912985477861,1.1231381156177458,0.7168853643458143,1,1,-1.2551825763621707,0,0.0,1.0,0.0,0
1.6315741917848887,1,-0.5223625890346291,-1.0057476070746194,1.0257581255610801,0.7168853643458143,0,1,0.09836966910719748,0,0.0,1.0,0.0,0
2.030464221908325,1,-0.03460305494685562,0.03478346734488051,-1.0223976130812507,0.7168853643458143,1,0,-1.4438608062502163,1,1.0,0.0,0.0,0
-0.026968565044135095,1,-0.7174664026697384,0.03478346734488051,1.4033128322196282,0.7168853643458143,1,1,0.0955063051694124,0,0.0,1.0,0.0,0
-0.36287595883229185,1,-0.6199144958521837,0.03478346734488051,1.8657879312610692,-1.0457411022578735,1,1,0.8558545206536837,0,1.0,0.0,0.0,0
-0.9507138979615661,0,0.3556045723233631,0.38162715881804715,-1.0223976130812507,-1.0457411022578735,1,0,1.405111361941458,1,1.0,0.0,0.0,1
1.2851696919408522,0,0.16050075868825375,-1.0057476070746194,0.19325124169576707,-1.0457411022578735,1,1,-0.8122973458290814,0,0.0,1.0,0.0,0
-0.29989332249701245,0,2.209090801856902,-1.3525912985477861,0.5458709674993224,-1.0457411022578735,1,1,0.8710978044378443,0,0.0,1.0,0.0,1
-0.22641358010585316,0,-0.03460305494685562,-1.3525912985477861,-1.0223976130812507,0.7168853643458143,1,0,-0.15802909575415958,1,0.0,0.0,1.0,0
1.4531233888349304,0,1.7213312677691288,1.422158233237547,0.49734309607553295,-1.0457411022578735,1,0,-1.2226952627364978,0,0.0,1.0,0.0,1
0.025516965235264394,0,-0.6199144958521837,-1.0057476070746194,1.483700045662959,-1.0457411022578735,0,1,0.93599366489158,0,1.0,0.0,0.0,0
0.9282680860409356,0,-1.0101221231224025,0.38162715881804715,-1.0223976130812507,0.7168853643458143,1,0,0.9485946175576802,1,1.0,0.0,0.0,0
-0.9087254737380465,1,-0.6199144958521837,1.422158233237547,0.8676356639254911,0.7168853643458143,0,1,-0.6402439415960507,0,1.0,0.0,0.0,0
-0.18442515588233357,1,0.4531564791409178,0.38162715881804715,0.582101284315579,0.7168853643458143,1,0,1.5195255138195043,0,1.0,0.0,0.0,0
0.3194359347999015,1,0.06294885187069905,0.7284708502912138,-1.0223976130812507,0.7168853643458143,1,0,-1.2641786468239995,1,1.0,0.0,0.0,0
-0.5623209738940099,1,0.4531564791409178,0.03478346734488051,1.0365468755945846,-1.0457411022578735,1,1,-1.3919560890525031,0,1.0,0.0,0.0,0
0.16197934396170308,1,0.06294885187069905,-1.0057476070746194,-1.0223976130812507,0.7168853643458143,1,0,-0.21411244361362428,1,1.0,0.0,0.0,0
0.4663954195822201,1,0.06294885187069905,1.422158233237547,1.236492072750998,-1.0457411022578735,0,1,0.8143581244300129,0,1.0,0.0,0.0,0
0.4454012074704603,1,-1.1076740299399572,-1.3525912985477861,-1.0223976130812507,0.7168853643458143,1,0,-0.11642218312062634,1,1.0,0.0,0.0,0
-1.2866212917497228,0,1.0384679200462459,0.7284708502912138,-1.0223976130812507,-1.0457411022578735,1,0,-1.494610913231863,1,1.0,0.0,0.0,1
-0.25790489827349283,1,0.2580526655058084,-1.6994349900209527,0.6871802529379362,-1.0457411022578735,0,1,0.10161229344052265,0,1.0,0.0,0.0,0
0.6028577983086588,0,0.16050075868825375,-1.6994349900209527,-1.0223976130812507,0.7168853643458143,1,0,-0.6410904244276341,1,1.0,0.0,0.0,0
0.9072738739291758,1,0.6482602927760271,1.7690019247107138,1.3080134686904228,2.479511830949502,1,0,-1.3394028469881252,0,0.0,1.0,0.0,1
0.27744751057638195,1,-0.22970686858196498,0.03478346734488051,0.8356311918834025,-1.0457411022578735,1,1,0.39196544690682483,0,1.0,0.0,0.0,0
-0.18442515588233357,1,-0.6199144958521837,1.422158233237547,-1.0223976130812507,0.7168853643458143,1,0,0.2017184738822394,1,1.0,0.0,0.0,0
-0.36287595883229185,0,0.06294885187069905,1.422158233237547,0.32189604001701155,0.7168853643458143,0,0,-1.0553930231566566,0,1.0,0.0,0.0,0
0.781308601258617,0,0.16050075868825375,0.7284708502912138,0.8942817615724027,-1.0457411022578735,1,1,0.9773854435404519,0,1.0,0.0,0.0,0
-0.16343094377057377,0,0.3556045723233631,0.38162715881804715,-1.0223976130812507,0.7168853643458143,0,0,0.3717161340957105,1,1.0,0.0,0.0,0
-0.19492226193821346,0,-0.9125702163048478,1.422158233237547,0.6434202490695258,-1.0457411022578735,1,1,-1.4639036598341153,0,1.0,0.0,0.0,0
-0.5728180799498898,0,-0.3272587753995197,0.03478346734488051,-1.0223976130812507,0.7168853643458143,1,0,-1.191279975636005,1,1.0,0.0,0.0,0
0.7393201770350974,1,-1.9856411912979492,-0.31206022412828616,1.1287912602030024,-1.0457411022578735,1,1,-0.9155720681755344,0,1.0,0.0,0.0,0
0.8337941315380165,1,1.8188831745866834,1.422158233237547,0.512588191507251,-1.0457411022578735,1,0,-1.2366590197973693,0,0.0,1.0,0.0,1
-0.32088753460877223,1,0.5507083859584725,1.7690019247107138,-1.0223976130812507,0.7168853643458143,0,0,1.1203319136293775,1,1.0,0.0,0.0,0
-0.5308296557263702,1,-0.03460305494685562,0.7284708502912138,1.0487015552520627,-1.0457411022578735,1,1,1.6337153364699966,0,0.0,0.0,1.0,0
-0.4048643830558114,0,1.5262274541340193,-0.31206022412828616,0.8855420670514651,-1.0457411022578735,1,1,0.5874490240112795,0,0.0,1.0,0.0,1
0.5713664801410191,1,-0.42481068221707435,-0.31206022412828616,1.1274559351342825,0.7168853643458143,1,1,-0.9843589043341116,0,0.0,1.0,0.0,0
0.5818635861968989,0,0.5507083859584725,-1.0057476070746194,-1.0223976130812507,0.7168853643458143,0,0,-0.936434339347785,1,0.0,0.0,1.0,0
0.35092725296754124,1,-0.9125702163048478,0.03478346734488051,-1.0223976130812507,0.7168853643458143,1,0,0.15379234743957265,1,1.0,0.0,0.0,0
0.4663954195822201,1,0.5507083859584725,0.7284708502912138,-1.0223976130812507,0.7168853643458143,1,0,-1.3235568410566148,1,1.0,0.0,0.0,0
0.4873896316939799,1,-0.6199144958521837,-1.3525912985477861,1.0021064420308743,-1.0457411022578735,1,1,-0.7541294537553361,0,1.0,0.0,0.0,0
0.057008283402904085,1,-0.03460305494685562,-1.6994349900209527,0.6732809525543664,-1.0457411022578735,0,1,1.3900403588401757,0,1.0,0.0,0.0,0
-0.08995120137941448,0,-1.0101221231224025,1.0753145417643806,0.4332692381188954,-1.0457411022578735,1,1,0.8178235165345524,0,0.0,1.0,0.0,0
0.6028577983086588,0,-0.3272587753995197,0.38162715881804715,1.008414846251782,0.7168853643458143,1,1,-0.793902869655077,0,0.0,1.0,0.0,0
0.5293780559174995,1,-0.9125702163048478,-0.31206022412828616,-1.0223976130812507,0.7168853643458143,1,0,0.698150206207277,1,1.0,0.0,0.0,0
-0.15293383771469388,1,-1.3027778435750665,0.7284708502912138,-1.0223976130812507,0.7168853643458143,1,0,0.041121301322731056,1,1.0,0.0,0.0,0
-0.24740779221761294,0,0.3556045723233631,-1.3525912985477861,-1.0223976130812507,0.7168853643458143,1,0,-0.7433918389886427,1,1.0,0.0,0.0,0
2.019967115852445,1,0.2580526655058084,1.7690019247107138,0.34066694129061126,-1.0457411022578735,1,1,1.7064731295970674,0,0.0,1.0,0.0,0
-1.7379968521525584,0,2.891954149579785,-1.3525912985477861,0.5084602813098962,-1.0457411022578735,0,1,0.29073501790010275,0,0.0,1.0,0.0,1
-0.32088753460877223,1,-0.03460305494685562,0.7284708502912138,1.2499840103964743,-1.0457411022578735,1,0,-0.8140054055702044,0,1.0,0.0,0.0,1
-1.0556849585203651,0,1.2335717336813552,1.0753145417643806,-0.03412594587116242,-1.0457411022578735,1,0,1.7192855728497018,0,1.0,0.0,0.0,1
0.025516965235264394,0,-0.5223625890346291,1.0753145417643806,0.8365810606325266,-1.0457411022578735,0,1,-1.703278213207642,0,0.0,0.0,1.0,0
-0.016471458988255198,0,-0.3272587753995197,-1.3525912985477861,0.6915385026827296,-1.0457411022578735,1,1,-0.2917036380944732,0,0.0,0.0,1.0,0
0.25645329846462217,1,-0.8150183094872931,-1.0057476070746194,1.045717933267999,-1.0457411022578735,1,1,1.4032259901581383,0,0.0,0.0,1.0,0
0.9072738739291758,1,0.06294885187069905,0.38162715881804715,-1.0223976130812507,0.7168853643458143,1,0,-0.9620016254636125,1,1.0,0.0,0.0,0
-0.5098354436146104,1,0.3556045723233631,0.03478346734488051,-1.0223976130812507,0.7168853643458143,1,0,1.3669800776262504,1,1.0,0.0,0.0,0
1.2536783737732125,1,-0.3272587753995197,1.0753145417643806,0.6908983842480986,-1.0457411022578735,1,1,0.8468983540761066,0,0.0,0.0,1.0,0
-0.4573499133352109,0,-1.6929854708452852,0.7284708502912138,0.6790215617370067,-1.0457411022578735,1,1,-1.0956756473184792,0,1.0,0.0,0.0,0
1.8835047371260063,1,1.8188831745866834,-0.31206022412828616,0.6084556722279368,-1.0457411022578735,1,0,-1.0855936707195564,0,0.0,0.0,1.0,1
0.08849960157054378,1,-0.5223625890346291,-1.0057476070746194,0.6090846763767124,-1.0457411022578735,1,1,1.0431725485741925,0,1.0,0.0,0.0,0
-1.7170026400407987,0,-0.5223625890346291,1.0753145417643806,0.4400441201925186,-1.0457411022578735,1,1,-0.6949188558365784,0,1.0,0.0,0.0,0
0.9387651920968155,1,-0.42481068221707435,0.38162715881804715,1.2617653144798522,0.7168853643458143,1,1,1.4535642196562475,0,0.0,1.0,0.0,0
0.18297355607346286,1,-1.2052259367575118,0.38162715881804715,1.6556291886333223,-1.0457411022578735,1,1,0.861504043187984,0,1.0,0.0,0.0,0
-0.23691068616173305,1,-0.42481068221707435,-1.3525912985477861,-1.0223976130812507,0.7168853643458143,1,0,-0.6543896950681397,1,0.0,0.0,1.0,0
0.6868346467556979,1,0.4531564791409178,-1.3525912985477861,-1.0223976130812507,-1.0457411022578735,1,0,-0.956885427017094,1,0.0,0.0,1.0,1
1.0332391465997346,0,-0.1321549617644103,-1.6994349900209527,0.8117048727389425,0.7168853643458143,1,1,0.30678522762189275,0,0.0,1.0,0.0,0
-0.0059743529323753,1,-0.5223625890346291,-0.31206022412828616,-1.0223976130812507,0.7168853643458143,1,0,0.29480972496765107,1,0.0,0.0,1.0,0
-1.8534650187672372,1,0.8433641064111366,1.0753145417643806,0.19225417750090917,-1.0457411022578735,1,0,-1.2808404269457345,0,0.0,0.0,1.0,1
0.16197934396170308,0,0.16050075868825375,-0.6589039156014528,-1.0223976130812507,-1.0457411022578735,1,0,0.23348977302831705,1,1.0,0.0,0.0,1
1.0647304647673743,0,-0.3272587753995197,0.03478346734488051,-1.0223976130812507,0.7168853643458143,0,0,0.011310150369157813,1,0.0,0.0,1.0,0
-0.5098354436146104,1,-1.1076740299399572,-0.31206022412828616,1.447311068389201,-1.0457411022578735,1,1,1.7391105165265563,0,0.0,0.0,1.0,0
1.1277131011026538,0,-1.4003297503926213,-1.6994349900209527,-1.0223976130812507,0.7168853643458143,1,0,-0.19065589947956446,1,1.0,0.0,0.0,0
-0.9192225797939264,1,0.4531564791409178,1.0753145417643806,1.5797414891187738,0.7168853643458143,0,1,1.3614801079103196,0,0.0,0.0,1.0,0
1.4216320706672907,1,-1.3027778435750665,1.0753145417643806,1.2787783867456188,-1.0457411022578735,1,1,0.536540689453817,0,0.0,0.0,1.0,0
1.0227420405438548,1,-0.03460305494685562,-1.0057476070746194,-1.0223976130812507,0.7168853643458143,1,0,1.4050454337848681,1,1.0,0.0,0.0,0
0.4558983135263402,1,0.8433641064111366,-0.31206022412828616,-1.0223976130812507,-1.0457411022578735,1,0,0.3831624765457445,1,0.0,0.0,1.0,1
1.2326841616614526,1,-0.6199144958521837,1.422158233237547,-1.0223976130812507,0.7168853643458143,1,0,-1.5460001763421332,1,0.0,0.0,1.0,0
0.6553433285880582,0,0.3556045723233631,-0.31206022412828616,-1.0223976130812507,-1.0457411022578735,1,0,-1.2361138980394608,1,1.0,0.0,0.0,1
-1.0556849585203651,0,1.33112364049891,1.422158233237547,-1.0223976130812507,-1.0457411022578735,1,0,1.3087708937070621,1,1.0,0.0,0.0,1
0.9177709799850557,1,-0.7174664026697384,1.422158233237547,0.9220914766253975,-1.0457411022578735,1,1,-0.7070295112118292,0,1.0,0.0,0.0,0
-0.32088753460877223,1,-0.5223625890346291,1.0753145417643806,-1.0223976130812507,0.7168853643458143,1,0,0.6729993084488589,1,1.0,0.0,0.0,0
1.2326841616614526,0,-0.3272587753995197,-0.6589039156014528,0.933372315692067,-1.0457411022578735,1,1,-1.306648177337966,0,1.0,0.0,0.0,0
0.40341278324694074,0,-0.9125702163048478,1.422158233237547,-1.0223976130812507,0.7168853643458143,1,0,0.20562367618929223,1,1.0,0.0,0.0,0
0.5923606922527789,0,0.3556045723233631,-0.6589039156014528,-1.0223976130812507,0.7168853643458143,0,0,-0.2975198894668861,1,1.0,0.0,0.0,0
0.6448462225321784,1,-0.03460305494685562,0.7284708502912138,-1.0223976130812507,0.7168853643458143,1,0,-1.065351644704697,1,1.0,0.0,0.0,0
0.791805707314497,0,-0.5223625890346291,1.0753145417643806,0.7716663827894337,-1.0457411022578735,1,1,-0.9475435807234663,0,0.0,0.0,1.0,0
0.9387651920968155,0,-0.9125702163048478,-0.31206022412828616,0.6785660370935401,-1.0457411022578735,1,1,-0.9821116216701435,0,1.0,0.0,0.0,0
-0.5098354436146104,1,-0.7174664026697384,0.7284708502912138,0.26561796766663215,0.7168853643458143,1,0,-0.6733674619328152,0,1.0,0.0,0.0,0
-2.115892670164235,0,0.4531564791409178,0.38162715881804715,-1.0223976130812507,-1.0457411022578735,1,1,-0.32032096892832407,1,0.0,0.0,1.0,0
0.057008283402904085,0,-0.9125702163048478,1.7690019247107138,-1.0223976130812507,0.7168853643458143,1,0,0.6557197121018178,1,1.0,0.0,0.0,0
0.9072738739291758,1,-0.6199144958521837,1.422158233237547,-1.0223976130812507,0.7168853643458143,1,0,1.3105679564595811,1,1.0,0.0,0.0,0
1.4111349646114109,1,-0.42481068221707435,0.7284708502912138,-1.0223976130812507,0.7168853643458143,1,0,-0.05168680567964215,1,1.0,0.0,0.0,0
1.085724676879134,1,-0.42481068221707435,0.38162715881804715,0.9315223508652587,0.7168853643458143,1,1,-0.7007191456552906,0,0.0,1.0,0.0,0
0.3614243590234211,1,-0.03460305494685562,1.422158233237547,1.6187060813320764,0.7168853643458143,0,1,0.06588738684084318,0,0.0,1.0,0.0,0
-1.5595460492026,0,-0.03460305494685562,-0.6589039156014528,1.6567678391653822,0.7168853643458143,0,1,-1.3376375338478586,0,1.0,0.0,0.0,0
0.5608693740851391,0,0.7458121995935818,1.7690019247107138,0.9190642028809449,-1.0457411022578735,1,0,1.1602207038031505,0,0.0,1.0,0.0,1
-1.3181126099173626,1,-0.1321549617644103,-1.3525912985477861,1.287558350418207,0.7168853643458143,0,1,-0.2656410233284775,0,0.0,0.0,1.0,0
0.4558983135263402,0,-0.1321549617644103,0.7284708502912138,-1.0223976130812507,0.7168853643458143,1,0,-1.434332799661797,1,1.0,0.0,0.0,0
-0.4258585951675712,1,-0.42481068221707435,1.7690019247107138,-1.0223976130812507,0.7168853643458143,1,0,-1.2847548244956801,1,1.0,0.0,0.0,0
-0.4888412315028506,0,-0.7174664026697384,0.38162715881804715,0.7137609534825677,-1.0457411022578735,1,1,0.7186849185383655,0,1.0,0.0,0.0,0
0.7078288588674577,0,0.2580526655058084,-0.31206022412828616,1.2790694521737462,2.479511830949502,0,0,1.4890670524653087,0,0.0,0.0,1.0,1
1.0752275708232542,1,0.16050075868825375,-0.31206022412828616,-1.0223976130812507,0.7168853643458143,1,0,0.43203727446270873,1,1.0,0.0,0.0,0
-0.43635570122345113,1,0.06294885187069905,0.03478346734488051,0.8008850349203641,0.7168853643458143,1,1,-0.8249236287869242,0,0.0,1.0,0.0,0
0.09899670762642368,0,0.16050075868825375,-1.0057476070746194,-1.0223976130812507,0.7168853643458143,0,0,-1.098958869516652,1,1.0,0.0,0.0,0
0.004522753123504598,1,0.3556045723233631,0.03478346734488051,-0.3543592869983788,-1.0457411022578735,1,0,0.23015849267389346,0,0.0,0.0,1.0,1
-0.06895698926765469,0,1.623779360951574,-1.0057476070746194,1.2470342144997968,2.479511830949502,1,1,1.3900577083550678,0,0.0,1.0,0.0,1
0.6763375406998181,0,1.623779360951574,-0.6589039156014528,-0.313324055007225,-1.0457411022578735,1,0,-0.5872673713683065,0,1.0,0.0,0.0,1
0.10949381368230357,1,0.06294885187069905,1.422158233237547,-1.0223976130812507,0.7168853643458143,1,0,-0.5350557412521528,1,0.0,0.0,1.0,0
0.3194359347999015,1,-0.42481068221707435,0.7284708502912138,1.0699100288133496,-1.0457411022578735,0,1,-1.2320834322348873,0,1.0,0.0,0.0,0
0.23545908635286236,0,-0.5223625890346291,-1.3525912985477861,-1.0223976130812507,0.7168853643458143,0,0,-0.5223093996512572,1,1.0,0.0,0.0,0
-0.55182386783813,1,0.4531564791409178,-1.0057476070746194,1.3145295006572386,-1.0457411022578735,1,1,-1.31564823818822,0,0.0,0.0,1.0,0
-1.265627079637963,0,-1.0101221231224025,-0.31206022412828616,-1.0223976130812507,-1.0457411022578735,1,1,0.6329803969133956,1,0.0,0.0,1.0,0
1.0542333587114945,1,-0.7174664026697384,1.7690019247107138,-0.38551053625530396,0.7168853643458143,0,0,1.6101352637899056,0,1.0,0.0,0.0,0
-1.2866212917497228,1,-1.4003297503926213,-1.3525912985477861,-1.0223976130812507,-1.0457411022578735,1,1,1.213420041802109,1,1.0,0.0,0.0,0
0.21446487424110255,0,-0.3272587753995197,-1.6994349900209527,-1.0223976130812507,0.7168853643458143,0,0,-0.4003613944264842,1,0.0,0.0,1.0,0
-0.3313846406646521,1,-0.42481068221707435,0.38162715881804715,-1.0223976130812507,0.7168853643458143,0,0,1.692785056327831,1,1.0,0.0,0.0,0
-0.49933833755873047,0,0.06294885187069905,1.0753145417643806,1.2596589156953357,-1.0457411022578735,0,1,1.3177067613522155,0,1.0,0.0,0.0,0
2.030464221908325,1,-0.3272587753995197,1.422158233237547,0.6213967278788393,-1.0457411022578735,1,1,-1.664580120240911,0,1.0,0.0,0.0,0
1.4741176009466903,1,-1.4003297503926213,0.03478346734488051,-1.0223976130812507,0.7168853643458143,1,0,1.432098358860902,1,1.0,0.0,0.0,0
-0.17392804982645366,1,-1.2052259367575118,0.03478346734488051,0.4337795288086064,-1.0457411022578735,1,1,-1.6727527827259632,0,0.0,1.0,0.0,0
0.6553433285880582,1,0.5507083859584725,-1.0057476070746194,-1.0223976130812507,0.7168853643458143,1,0,1.6806228728933508,1,0.0,0.0,1.0,0
0.886279661817416,1,-0.6199144958521837,1.0753145417643806,-1.0223976130812507,0.7168853643458143,1,0,0.7613850241052473,1,1.0,0.0,0.0,0
-1.1186675948556444,0,-0.5223625890346291,1.422158233237547,0.15004727427334216,-1.0457411022578735,1,1,0.06756681988239426,0,0.0,0.0,1.0,0
0.20396776818522266,0,-0.8150183094872931,0.03478346734488051,-1.0223976130812507,0.7168853643458143,0,0,1.3767355363549043,1,0.0,0.0,1.0,0
0.29844172268814173,1,0.4531564791409178,-0.31206022412828616,0.5463625733026675,0.7168853643458143,1,0,-0.967353083332067,0,0.0,0.0,1.0,0
-0.04796277715589489,1,0.9409160132286912,-0.31206022412828616,-0.06421231768185068,-1.0457411022578735,1,0,1.1143692323512757,0,1.0,0.0,0.0,1
0.11999091973818347,0,-0.3272587753995197,0.38162715881804715,0.6283599085055784,-1.0457411022578735,1,1,-0.7932019492534378,0,1.0,0.0,0.0,0
0.8652854497056562,1,0.16050075868825375,-0.31206022412828616,-1.0223976130812507,0.7168853643458143,0,0,1.2770637877660849,1,1.0,0.0,0.0,0
1.4846147070025701,1,-1.5954335640277306,1.0753145417643806,-1.0223976130812507,0.7168853643458143,1,0,0.1370927453753729,1,1.0,0.0,0.0,0
0.6553433285880582,1,-0.22970686858196498,-0.6589039156014528,1.4811060679902626,-1.0457411022578735,1,1,1.7371671973634975,0,1.0,0.0,0.0,0
0.6238520104204186,0,0.5507083859584725,-0.6589039156014528,0.741846753839276,-1.0457411022578735,1,0,-1.2556187431665569,0,1.0,0.0,0.0,1
0.9492622981526954,1,-1.1076740299399572,1.7690019247107138,-1.0223976130812507,0.7168853643458143,0,0,-1.5043021787554167,1,1.0,0.0,0.0,0
-1.0241936403527254,1,2.79440224276223,1.422158233237547,1.0058685472546391,-1.0457411022578735,1,0,1.3219868866760858,0,0.0,0.0,1.0,1
2.030464221908325,0,0.16050075868825375,0.03478346734488051,-1.0223976130812507,0.7168853643458143,1,0,-1.122157252869118,1,1.0,0.0,0.0,0
2.030464221908325,1,0.2580526655058084,-0.6589039156014528,-1.0223976130812507,0.7168853643458143,1,0,0.5062371592676074,1,1.0,0.0,0.0,0
-0.31039042855289234,0,1.623779360951574,0.38162715881804715,-1.0223976130812507,-1.0457411022578735,0,0,-0.13480000376033463,1,0.0,0.0,1.0,1
-0.43635570122345113,0,-1.4978816572101759,-0.31206022412828616,-1.0223976130812507,0.7168853643458143,1,0,1.6787838243147928,1,1.0,0.0,0.0,0
1.1592044192702933,0,-0.3272587753995197,0.38162715881804715,0.8392684627370516,-1.0457411022578735,0,1,-1.245541797926953,0,1.0,0.0,0.0,0
0.8547883436497763,0,1.8188831745866834,1.422158233237547,1.367731815204579,-1.0457411022578735,0,0,0.9600093838906104,0,0.0,1.0,0.0,1
1.9044989492377662,0,-0.42481068221707435,1.0753145417643806,-1.0223976130812507,0.7168853643458143,1,0,-1.2533556724440371,1,1.0,0.0,0.0,0
0.5608693740851391,1,0.16050075868825375,0.03478346734488051,-1.0223976130812507,0.7168853643458143,0,0,1.0958881820979598,1,1.0,0.0,0.0,0
1.0227420405438548,0,-0.3272587753995197,-0.31206022412828616,-1.0223976130812507,0.7168853643458143,1,0,-0.9521916892581972,1,1.0,0.0,0.0,0
1.085724676879134,1,-0.42481068221707435,-1.0057476070746194,-1.0223976130812507,0.7168853643458143,1,0,1.1181559374716161,1,1.0,0.0,0.0,0
0.41390988930282063,1,-1.8880892844803947,-1.3525912985477861,0.764401183525318,-1.0457411022578735,1,1,-1.6819830716388346,0,1.0,0.0,0.0,0
0.4978867377498598,1,-0.22970686858196498,-0.6589039156014528,0.8198421407511941,-1.0457411022578735,0,1,-0.5708533423192301,0,1.0,0.0,0.0,0
-0.06895698926765469,1,-0.1321549617644103,1.422158233237547,-1.0223976130812507,0.7168853643458143,1,0,-1.4181411913936368,1,1.0,0.0,0.0,0
-0.55182386783813,1,-0.8150183094872931,0.03478346734488051,-1.0223976130812507,0.7168853643458143,1,0,-0.4151228821820923,1,1.0,0.0,0.0,0
-0.5308296557263702,0,-0.6199144958521837,-1.3525912985477861,0.6898765142558243,0.7168853643458143,0,1,-0.7052987236061976,0,0.0,1.0,0.0,0
0.8547883436497763,1,-0.03460305494685562,0.03478346734488051,1.844718788964492,-1.0457411022578735,0,1,-1.3962924268046237,0,0.0,0.0,1.0,0
-0.5413267617822501,0,-0.8150183094872931,1.422158233237547,1.1589390022008053,-1.0457411022578735,0,1,1.5042938542103217,0,1.0,0.0,0.0,0
-0.20541936799409335,1,-0.3272587753995197,1.0753145417643806,1.34748722405719,0.7168853643458143,1,1,-0.2594257331135475,0,0.0,1.0,0.0,0
-2.0529100338289554,0,-1.0101221231224025,1.0753145417643806,-1.0223976130812507,-1.0457411022578735,1,1,0.06308509319547846,1,1.0,0.0,0.0,0
1.2431812677173326,0,-0.5223625890346291,-1.3525912985477861,0.8927565271845014,0.7168853643458143,1,1,-1.2726079086343052,0,0.0,1.0,0.0,0
-0.446852807279331,0,0.2580526655058084,-0.6589039156014528,0.9664964312266368,-1.0457411022578735,1,1,1.379527767281632,0,1.0,0.0,0.0,0
0.3194359347999015,0,-0.8150183094872931,0.38162715881804715,-1.0223976130812507,0.7168853643458143,0,0,1.3791703672748559,1,1.0,0.0,0.0,0
0.23545908635286236,1,-0.8150183094872931,1.422158233237547,-1.0223976130812507,0.7168853643458143,1,0,1.0090120477323294,1,1.0,0.0,0.0,0
-0.4783441254469707,0,-1.0101221231224025,-0.6589039156014528,0.5300857822056723,0.7168853643458143,1,0,1.417553913536594,0,0.0,0.0,1.0,0
0.5818635861968989,0,-0.7174664026697384,0.7284708502912138,-1.0223976130812507,0.7168853643458143,1,0,1.2252187528996006,1,1.0,0.0,0.0,0
1.1277131011026538,0,0.9409160132286912,-1.3525912985477861,0.20163914490788912,-1.0457411022578735,1,0,1.0168585393374108,0,0.0,0.0,1.0,1
-1.1081704887997645,1,1.1360198268638007,-1.3525912985477861,0.9330720688973634,-1.0457411022578735,0,1,-0.2638023217402175,0,0.0,1.0,0.0,1
0.5608693740851391,1,0.8433641064111366,0.03478346734488051,1.5326500988726492,-1.0457411022578735,0,0,-0.2813001749846007,0,1.0,0.0,0.0,1
-0.23691068616173305,0,-0.9125702163048478,1.0753145417643806,1.0721815311196323,0.7168853643458143,0,1,-0.5181269520962292,0,0.0,1.0,0.0,0
0.057008283402904085,1,0.06294885187069905,0.03478346734488051,1.2298094875729566,0.7168853643458143,1,1,0.8068615725403044,0,0.0,1.0,0.0,0
0.28794461663226184,0,0.5507083859584725,-1.0057476070746194,1.132434651967702,0.7168853643458143,0,1,-0.8648485059516725,0,0.0,1.0,0.0,0
-0.12144251954705418,1,-0.22970686858196498,-0.31206022412828616,-0.057647801656447985,0.7168853643458143,1,0,-0.9666103505995381,0,0.0,0.0,1.0,0
-1.5910373673702398,1,0.16050075868825375,0.38162715881804715,-0.2513288906587688,0.7168853643458143,1,1,0.9602671976819067,0,0.0,1.0,0.0,0
-0.5308296557263702,1,-0.7174664026697384,1.7690019247107138,-1.0223976130812507,0.7168853643458143,1,0,1.656805632344685,1,1.0,0.0,0.0,0
0.8652854497056562,0,-1.79053737766284,-0.31206022412828616,1.132823168742823,-1.0457411022578735,0,1,0.8767091580393819,0,1.0,0.0,0.0,0
1.3691465403878913,0,-0.3272587753995197,-1.3525912985477861,0.689311940749689,-1.0457411022578735,1,1,-1.441856763785035,0,1.0,0.0,0.0,0
0.08849960157054378,1,1.33112364049891,-0.6589039156014528,-1.0223976130812507,-1.0457411022578735,1,0,0.28493802448922,1,1.0,0.0,0.0,1
-0.0059743529323753,1,-1.9856411912979492,1.7690019247107138,1.4221451036803425,-1.0457411022578735,0,1,0.47365407631973055,0,1.0,0.0,0.0,0
-0.43635570122345113,0,-0.5223625890346291,-0.6589039156014528,1.1949386573164098,0.7168853643458143,1,1,1.2481928070245123,0,0.0,1.0,0.0,0
-1.2236386554144434,1,0.06294885187069905,-1.3525912985477861,-1.0223976130812507,-1.0457411022578735,0,1,0.15104140835828828,1,0.0,0.0,1.0,0
-0.8772341555704068,0,0.8433641064111366,-0.31206022412828616,1.4343825767136134,-1.0457411022578735,0,1,1.1159981783044912,0,0.0,1.0,0.0,1
-0.5728180799498898,0,1.4286755473164647,0.03478346734488051,0.5604835150969196,-1.0457411022578735,0,1,-0.9485902769569041,0,0.0,1.0,0.0,1
-0.6987833526204486,1,-0.22970686858196498,0.38162715881804715,0.4649948865549585,0.7168853643458143,1,1,1.3004150203447498,0,0.0,1.0,0.0,0
-0.016471458988255198,1,-0.42481068221707435,-1.3525912985477861,0.8479422769258896,-1.0457411022578735,1,1,-0.8713179665597713,0,0.0,0.0,1.0,0
0.6658404346439382,1,-1.6929854708452852,-1.0057476070746194,0.9620787442140075,-1.0457411022578735,1,1,1.4052876330127613,0,0.0,0.0,1.0,0
-0.35237885277641195,1,-0.5223625890346291,-1.0057476070746194,0.26625277057324537,-1.0457411022578735,1,1,0.07574815712489216,0,0.0,1.0,0.0,0
0.6448462225321784,0,-0.7174664026697384,-1.3525912985477861,1.4366585891648802,-1.0457411022578735,0,1,-1.4328091652639767,0,1.0,0.0,0.0,0
0.9387651920968155,1,-0.1321549617644103,-1.0057476070746194,-1.0223976130812507,0.7168853643458143,1,0,0.7543645429041764,1,1.0,0.0,0.0,0
2.009470009796565,1,-1.5954335640277306,0.7284708502912138,0.9235993147397862,-1.0457411022578735,1,1,1.4885316464357397,0,0.0,0.0,1.0,0
0.5713664801410191,1,-0.42481068221707435,1.0753145417643806,-1.0223976130812507,0.7168853643458143,0,0,-0.8926918749261886,1,1.0,0.0,0.0,0
0.7603143891468572,1,0.5507083859584725,0.38162715881804715,-1.0223976130812507,0.7168853643458143,1,0,0.9025186433831023,1,1.0,0.0,0.0,0
1.0227420405438548,0,-1.1076740299399572,1.0753145417643806,-1.0223976130812507,0.7168853643458143,0,0,0.38355526956290065,1,0.0,0.0,1.0,0
2.030464221908325,0,-0.1321549617644103,-0.6589039156014528,2.4049614283780802,-1.0457411022578735,0,1,-0.5263969453598255,0,1.0,0.0,0.0,0
0.5293780559174995,1,0.4531564791409178,1.7690019247107138,-1.0223976130812507,0.7168853643458143,1,0,0.3236480886212266,1,0.0,0.0,1.0,0
0.18297355607346286,0,0.3556045723233631,1.422158233237547,-1.0223976130812507,0.7168853643458143,1,0,-1.6555061504572168,1,1.0,0.0,0.0,0
-0.23691068616173305,1,-0.42481068221707435,1.0753145417643806,0.6737819008008944,-1.0457411022578735,1,1,0.4068697211699944,0,1.0,0.0,0.0,0
-0.35237885277641195,0,-0.1321549617644103,-0.31206022412828616,1.2360877704684303,-1.0457411022578735,1,1,-0.10203735333332489,0,1.0,0.0,0.0,0
-0.4048643830558114,1,-0.6199144958521837,0.03478346734488051,1.1275899508709746,-1.0457411022578735,0,1,0.9564751142119499,0,0.0,0.0,1.0,0
0.23545908635286236,0,-0.8150183094872931,-1.3525912985477861,0.7904136058018628,-1.0457411022578735,1,1,1.383131088029563,0,1.0,0.0,0.0,0
2.030464221908325,1,0.06294885187069905,0.38162715881804715,1.123370388084464,-1.0457411022578735,0,1,-1.3696354176584262,0,0.0,0.0,1.0,0
-0.8982283676821666,0,-0.3272587753995197,-1.3525912985477861,0.6654244410674199,0.7168853643458143,0,1,1.3671228641338118,0,1.0,0.0,0.0,0
-0.22641358010585316,1,-0.7174664026697384,-1.3525912985477861,-1.0223976130812507,0.7168853643458143,1,0,0.6188332554801155,1,0.0,0.0,1.0,0
0.7708114952027372,0,0.4531564791409178,-1.3525912985477861,0.6521609100501031,-1.0457411022578735,1,1,1.6297535747443956,0,0.0,0.0,1.0,0
-0.16343094377057377,0,1.2335717336813552,-1.0057476070746194,0.8671387425941282,4.242138297553191,1,1,-1.2630601235989087,0,0.0,1.0,0.0,1
1.1277131011026538,0,-0.5223625890346291,1.422158233237547,1.6992295655845913,-1.0457411022578735,0,1,0.33430606911456556,0,0.0,0.0,1.0,0
-0.3943672769999315,0,-0.7174664026697384,-0.6589039156014528,1.2608926014252901,-1.0457411022578735,0,1,-0.662434838618735,0,0.0,0.0,1.0,0
-1.3391068220291222,1,-0.42481068221707435,1.422158233237547,-1.0223976130812507,-1.0457411022578735,1,1,-0.11286535907260602,1,0.0,0.0,1.0,0
0.20396776818522266,1,0.16050075868825375,1.0753145417643806,0.8139688044447146,-1.0457411022578735,1,1,-0.5502426391129143,0,1.0,0.0,0.0,0
-0.4258585951675712,1,0.2580526655058084,1.7690019247107138,0.8013149483833812,0.7168853643458143,1,1,0.24912689080052725,0,0.0,1.0,0.0,0
1.5371002372819698,1,0.2580526655058084,1.422158233237547,1.1963182784519442,0.7168853643458143,1,1,1.1666544244105719,0,0.0,1.0,0.0,0
0.3824185711351809,0,-0.1321549617644103,0.38162715881804715,0.5223276885253588,-1.0457411022578735,1,1,-1.0672965253240962,0,0.0,1.0,0.0,0
0.24595619240874225,1,0.5507083859584725,-1.6994349900209527,1.0711921986018909,0.7168853643458143,1,1,-1.1506585154483406,0,0.0,1.0,0.0,0
0.24595619240874225,1,0.5507083859584725,-0.6589039156014528,-1.0223976130812507,0.7168853643458143,1,0,-0.22170129492255858,1,1.0,0.0,0.0,0
1.0752275708232542,1,-0.7174664026697384,-0.31206022412828616,0.5706485765096666,-1.0457411022578735,1,1,-0.9001065371056067,0,0.0,1.0,0.0,0
-0.25790489827349283,1,0.3556045723233631,-0.31206022412828616,0.9044748503146983,0.7168853643458143,1,1,1.6701553900735262,0,0.0,1.0,0.0,0
0.5608693740851391,0,-0.22970686858196498,1.0753145417643806,-1.0223976130812507,0.7168853643458143,0,0,-0.2863957275083975,1,0.0,0.0,1.0,0
1.085724676879134,0,1.0384679200462459,1.422158233237547,0.45150149922002253,-1.0457411022578735,1,0,0.3039511843642753,0,0.0,1.0,0.0,1
0.5818635861968989,1,0.4531564791409178,-1.3525912985477861,1.260859097491117,0.7168853643458143,0,1,-0.15282059788841557,0,0.0,1.0,0.0,0
1.6420712978407686,1,-0.6199144958521837,-1.3525912985477861,0.9570708725147936,-1.0457411022578735,1,1,-1.270633880829887,0,1.0,0.0,0.0,0
-1.5070605189232007,0,0.2580526655058084,1.422158233237547,0.7032972560411832,0.7168853643458143,1,1,1.055422520554026,0,0.0,0.0,1.0,0
-1.779985276376078,1,-1.4003297503926213,0.7284708502912138,1.1300383152913043,0.7168853643458143,1,1,-0.01984090361952885,0,1.0,0.0,0.0,0
0.41390988930282063,1,0.16050075868825375,-0.6589039156014528,1.4523690349130676,-1.0457411022578735,1,1,0.670351772476331,0,0.0,0.0,1.0,0
0.4978867377498598,1,-0.7174664026697384,-1.6994349900209527,-1.0223976130812507,0.7168853643458143,1,0,1.445643472127428,1,1.0,0.0,0.0,0
-0.961211004017446,0,-0.6199144958521837,-0.31206022412828616,0.43249445964114647,0.7168853643458143,0,1,0.3301050575786031,0,0.0,1.0,0.0,0
0.06750538945878398,1,1.33112364049891,-1.6994349900209527,1.173054789543646,-1.0457411022578735,1,0,0.7786408516168859,0,0.0,0.0,1.0,1
-2.525279806343551,0,-1.3027778435750665,-1.6994349900209527,0.5519485489429713,0.7168853643458143,1,1,1.0550191443327857,0,0.0,1.0,0.0,0
-0.2684020043293727,1,0.9409160132286912,-1.3525912985477861,0.6914007821840861,-1.0457411022578735,1,1,0.8839197899236696,0,0.0,1.0,0.0,1
0.3614243590234211,1,1.33112364049891,-0.6589039156014528,-1.0223976130812507,-1.0457411022578735,1,0,1.3208197848092968,1,1.0,0.0,0.0,1
-0.55182386783813,0,-0.42481068221707435,-0.6589039156014528,-1.0223976130812507,0.7168853643458143,1,0,-1.060504884224452,1,0.0,0.0,1.0,0
-0.5833151860057697,1,-1.4003297503926213,0.7284708502912138,-1.0223976130812507,0.7168853643458143,0,0,0.7798053510564411,1,0.0,0.0,1.0,0
0.9492622981526954,0,0.16050075868825375,-0.6589039156014528,-1.0223976130812507,-1.0457411022578735,0,0,-0.7268712839181292,1,1.0,0.0,0.0,1
-0.5098354436146104,0,-0.03460305494685562,1.0753145417643806,0.647217952223349,0.7168853643458143,1,1,0.6482863124463162,0,0.0,1.0,0.0,0
-0.11094541349117427,0,-0.03460305494685562,-1.0057476070746194,-1.0223976130812507,0.7168853643458143,0,0,1.371290391106033,1,1.0,0.0,0.0,0
-0.2684020043293727,1,-1.4978816572101759,-0.6589039156014528,-1.0223976130812507,0.7168853643458143,1,0,-1.4903297469370993,1,0.0,0.0,1.0,0
-0.9297196858498064,0,-0.7174664026697384,-1.3525912985477861,-0.030292322634067077,0.7168853643458143,1,1,-0.6578410340656164,0,0.0,1.0,0.0,0
1.9359902674054057,0,1.33112364049891,0.03478346734488051,-1.0223976130812507,-1.0457411022578735,0,0,1.4491373174363904,1,1.0,0.0,0.0,1
-0.07945409532353459,1,0.16050075868825375,-0.31206022412828616,0.5078515728135524,-1.0457411022578735,0,1,0.4075293497261905,0,0.0,1.0,0.0,0
2.030464221908325,1,-0.7174664026697384,-0.31206022412828616,-1.0223976130812507,0.7168853643458143,0,0,0.9123185168698802,1,1.0,0.0,0.0,0
-0.22641358010585316,0,-0.42481068221707435,0.03478346734488051,0.5671622344364022,0.7168853643458143,1,0,-1.4570195458200963,0,0.0,0.0,1.0,0
-0.4048643830558114,1,0.2580526655058084,1.0753145417643806,-0.4150938658235783,-1.0457411022578735,1,1,1.6666268457347804,0,0.0,1.0,0.0,0
1.7470423583995676,1,-0.1321549617644103,0.03478346734488051,1.6330820073945773,-1.0457411022578735,1,1,1.2804479841409293,0,1.0,0.0,0.0,0
0.41390988930282063,1,-0.42481068221707435,1.422158233237547,1.4075523685053573,-1.0457411022578735,0,1,-1.5870786227520544,0,1.0,0.0,0.0,0
0.29844172268814173,0,-1.6929854708452852,0.38162715881804715,0.5554524483663551,-1.0457411022578735,1,1,1.1321019980272973,0,0.0,1.0,0.0,0
-1.2446328675262033,1,-0.5223625890346291,0.38162715881804715,0.4883621087979075,-1.0457411022578735,1,1,1.7268957640619536,0,1.0,0.0,0.0,0
1.201192843493813,0,-0.5223625890346291,0.03478346734488051,-1.0223976130812507,0.7168853643458143,1,0,-1.579502957074438,1,0.0,0.0,1.0,0
1.096221782935014,1,-1.1076740299399572,1.0753145417643806,-1.0223976130812507,0.7168853643458143,1,0,-0.6317983712417468,1,0.0,0.0,1.0,0
0.791805707314497,1,-0.22970686858196498,0.03478346734488051,-1.0223976130812507,0.7168853643458143,1,0,1.0707190673489053,1,1.0,0.0,0.0,0
0.16197934396170308,0,1.1360198268638007,-1.3525912985477861,-1.0223976130812507,-1.0457411022578735,1,0,-1.5199353061392016,1,1.0,0.0,0.0,1
0.21446487424110255,1,-0.03460305494685562,-0.31206022412828616,-1.0223976130812507,0.7168853643458143,1,0,1.5282670668978668,1,1.0,0.0,0.0,0
0.5188809498616196,0,-1.0101221231224025,0.38162715881804715,0.9898253172372149,0.7168853643458143,1,1,-0.857317081537031,0,0.0,1.0,0.0,0
-0.25790489827349283,0,0.06294885187069905,0.03478346734488051,0.5538073729831426,0.7168853643458143,1,0,-0.10717194226562883,0,0.0,0.0,1.0,0
1.610579979673129,0,-0.03460305494685562,1.422158233237547,1.444751077880497,-1.0457411022578735,1,1,-0.11193768051132776,0,1.0,0.0,0.0,0
-1.0241936403527254,0,0.4531564791409178,-1.3525912985477861,-1.0223976130812507,-1.0457411022578735,0,1,-0.22691968201179116,1,1.0,0.0,0.0,0
0.19347066212934275,1,-0.22970686858196498,0.7284708502912138,0.41778752115208106,-1.0457411022578735,1,1,0.8620295599940646,0,0.0,1.0,0.0,0
0.06750538945878398,1,0.3556045723233631,0.03478346734488051,0.4312992712201695,-1.0457411022578735,1,1,-0.3564263503895862,0,0.0,1.0,0.0,0
0.27744751057638195,1,0.2580526655058084,-1.6994349900209527,1.3754398140602397,-1.0457411022578735,1,1,1.1137991272919232,0,0.0,0.0,1.0,0
-0.9297196858498064,1,0.4531564791409178,0.03478346734488051,0.3888370615711406,4.242138297553191,1,1,0.12911144803958036,0,0.0,1.0,0.0,1
0.5083838438057396,1,0.9409160132286912,1.422158233237547,0.8166004740433561,-1.0457411022578735,0,0,1.276223203769565,0,0.0,1.0,0.0,1
-0.21591647404997324,0,-0.9125702163048478,-0.6589039156014528,0.5452828768086233,-1.0457411022578735,0,1,0.5588412354106193,0,0.0,1.0,0.0,0
0.04651117734702419,1,-1.2052259367575118,1.0753145417643806,-1.0223976130812507,0.7168853643458143,0,0,1.6857180784268495,1,1.0,0.0,0.0,0
-0.8247486252910073,1,-1.4978816572101759,1.7690019247107138,0.4108671869026977,-1.0457411022578735,1,1,0.4425644396137617,0,1.0,0.0,0.0,0
-0.4783441254469707,1,-0.42481068221707435,-0.31206022412828616,-1.0223976130812507,0.7168853643458143,1,0,1.2359268734909774,1,0.0,0.0,1.0,0
-0.9297196858498064,1,-1.1076740299399572,0.03478346734488051,1.0203109979556662,0.7168853643458143,0,1,0.32850456482981094,0,0.0,0.0,1.0,0
2.030464221908325,1,-0.1321549617644103,0.38162715881804715,-1.0223976130812507,0.7168853643458143,1,0,0.16616688893633164,1,1.0,0.0,0.0,0
1.1382102071585336,1,0.16050075868825375,0.38162715881804715,1.2009999700227918,-1.0457411022578735,1,1,-0.5506937265001077,0,1.0,0.0,0.0,0
0.8232970254821367,0,-0.5223625890346291,-0.31206022412828616,-1.0223976130812507,0.7168853643458143,1,0,0.8633306001158197,1,1.0,0.0,0.0,0
0.26695040452050206,1,-0.03460305494685562,-0.31206022412828616,0.7042208693034315,-1.0457411022578735,1,1,-1.4581302617634857,0,1.0,0.0,0.0,0
1.4426262827790506,0,1.623779360951574,0.38162715881804715,0.8428163360740374,-1.0457411022578735,1,0,1.0550717133629086,0,0.0,1.0,0.0,1
2.030464221908325,0,-1.0101221231224025,1.422158233237547,-1.0223976130812507,0.7168853643458143,1,0,1.4939285600332117,1,1.0,0.0,0.0,0
-0.646297822341049,1,0.7458121995935818,1.7690019247107138,-1.0223976130812507,-1.0457411022578735,1,0,-0.45498165769510207,1,1.0,0.0,0.0,1
1.4741176009466903,0,-0.7174664026697384,1.0753145417643806,-1.0223976130812507,0.7168853643458143,1,0,0.315813568181421,1,0.0,0.0,1.0,0
-0.8667370495145269,1,-1.2052259367575118,1.0753145417643806,0.5474566056146992,-1.0457411022578735,1,1,-0.9823284906062942,0,1.0,0.0,0.0,0
-0.20541936799409335,0,0.2580526655058084,1.422158233237547,-1.0223976130812507,0.7168853643458143,1,0,0.7939788637523569,1,1.0,0.0,0.0,0
1.1801986313820532,0,-0.03460305494685562,-1.0057476070746194,-1.0223976130812507,0.7168853643458143,0,0,-0.41872949933785303,1,1.0,0.0,0.0,0
-0.6777891405086888,0,-0.03460305494685562,1.0753145417643806,0.8988920962065263,0.7168853643458143,0,1,-1.3939099914196467,0,1.0,0.0,0.0,0
1.8835047371260063,0,-0.1321549617644103,1.7690019247107138,-1.0223976130812507,0.7168853643458143,1,0,0.20144174911971116,1,0.0,0.0,1.0,0
-0.5833151860057697,0,-0.42481068221707435,0.03478346734488051,-1.0223976130812507,0.7168853643458143,1,0,-1.2611542793880162,1,1.0,0.0,0.0,0
-0.24740779221761294,1,-0.1321549617644103,0.7284708502912138,1.2575829603894666,-1.0457411022578735,1,1,0.43575909239735267,0,1.0,0.0,0.0,0
0.6763375406998181,0,-0.3272587753995197,0.38162715881804715,0.8827171055249029,-1.0457411022578735,0,1,-1.6764267159995048,0,1.0,0.0,0.0,0
1.6525684038966486,1,-0.9125702163048478,-1.3525912985477861,1.1033073302727143,0.7168853643458143,1,1,0.8324351044814932,0,0.0,1.0,0.0,0
0.886279661817416,1,-0.03460305494685562,1.422158233237547,-1.0223976130812507,0.7168853643458143,1,0,-1.4805139118966208,1,1.0,0.0,0.0,0
0.24595619240874225,1,0.5507083859584725,0.7284708502912138,0.7289074700310462,-1.0457411022578735,0,1,-0.4750843671053783,0,1.0,0.0,0.0,0
0.06750538945878398,0,0.3556045723233631,-1.3525912985477861,0.30211389980717324,0.7168853643458143,1,0,-0.49192519422079944,0,1.0,0.0,0.0,0
0.09899670762642368,1,-0.8150183094872931,0.7284708502912138,0.7463088979953272,-1.0457411022578735,0,1,1.108841329916369,0,1.0,0.0,0.0,0
0.7393201770350974,0,-0.8150183094872931,1.0753145417643806,0.8948534224492285,0.7168853643458143,1,1,0.6625767608726053,0,0.0,1.0,0.0,0
-0.17392804982645366,0,-0.9125702163048478,-0.31206022412828616,-1.0223976130812507,0.7168853643458143,1,0,-0.9509156324378863,1,1.0,0.0,0.0,0
0.20396776818522266,1,-0.1321549617644103,1.7690019247107138,0.6889232628979616,-1.0457411022578735,1,1,1.1618045410176463,0,1.0,0.0,0.0,0
0.9597594042085753,1,-0.3272587753995197,0.03478346734488051,0.6768402623304208,-1.0457411022578735,1,1,0.8734368660355915,0,0.0,0.0,1.0,0
-0.36287595883229185,1,-1.1076740299399572,1.422158233237547,1.230015987782619,-1.0457411022578735,1,1,0.919876139052009,0,0.0,0.0,1.0,0
-1.2971183978056027,1,-0.03460305494685562,-0.31206022412828616,0.11097798226574927,0.7168853643458143,1,1,0.07765382784063579,0,0.0,1.0,0.0,0
-0.16343094377057377,1,-0.3272587753995197,0.03478346734488051,-1.0223976130812507,0.7168853643458143,1,0,-0.11389401181055615,1,1.0,0.0,0.0,0
0.4244069953587005,1,-0.8150183094872931,-1.3525912985477861,-1.0223976130812507,0.7168853643458143,0,0,-1.717217160462218,1,0.0,0.0,1.0,0
0.057008283402904085,0,1.5262274541340193,-1.3525912985477861,2.0057966841779895,-1.0457411022578735,0,0,0.20349419673144142,0,0.0,0.0,1.0,1
0.06750538945878398,0,-0.5223625890346291,-1.0057476070746194,-1.0223976130812507,0.7168853643458143,1,0,0.9296111253530903,1,1.0,0.0,0.0,0
1.0332391465997346,0,-0.8150183094872931,0.38162715881804715,1.4617478814089968,0.7168853643458143,0,1,-0.6423668282382426,0,0.0,1.0,0.0,0
0.14098513184994327,0,-1.79053737766284,-0.31206022412828616,-1.0223976130812507,0.7168853643458143,1,0,0.3477819578166724,1,0.0,0.0,1.0,0
-0.3838701709440516,1,-1.6929854708452852,1.422158233237547,-1.0223976130812507,0.7168853643458143,0,0,0.9571585116035481,1,0.0,0.0,1.0,0
0.6658404346439382,1,0.5507083859584725,-0.6589039156014528,0.3645085341399991,-1.0457411022578735,1,0,1.3952700231140882,0,1.0,0.0,0.0,1
0.3089388287440216,1,-0.03460305494685562,-1.6994349900209527,1.2025751381587397,-1.0457411022578735,0,1,0.28130919995439774,0,1.0,0.0,0.0,0
0.5503722680292593,0,-0.1321549617644103,1.422158233237547,-1.0223976130812507,0.7168853643458143,1,0,-1.4396630911220833,1,1.0,0.0,0.0,0
1.211689949549693,0,0.9409160132286912,0.38162715881804715,0.7290933524350635,-1.0457411022578735,1,0,1.4721247306877694,0,0.0,1.0,0.0,1
-0.04796277715589489,0,-0.6199144958521837,-1.0057476070746194,-1.0223976130812507,0.7168853643458143,1,0,-0.782211552054767,1,1.0,0.0,0.0,0
-0.3838701709440516,1,-0.6199144958521837,0.38162715881804715,-1.0223976130812507,0.7168853643458143,1,0,-0.7559967820431682,1,1.0,0.0,0.0,0
-0.20541936799409335,0,0.06294885187069905,-0.6589039156014528,0.7445871501473729,-1.0457411022578735,1,1,-0.19643675784159775,0,0.0,1.0,0.0,1
0.4558983135263402,1,0.7458121995935818,0.03478346734488051,0.5218898823086184,-1.0457411022578735,1,0,-0.0249937095424695,0,1.0,0.0,0.0,1
1.4636204948908105,1,2.79440224276223,0.03478346734488051,-1.0223976130812507,0.7168853643458143,0,1,-0.7779971813923378,1,0.0,0.0,1.0,0
0.7708114952027372,0,1.33112364049891,0.7284708502912138,-1.0223976130812507,0.7168853643458143,0,1,0.39357773732574347,1,0.0,0.0,1.0,0
-0.7197775647322083,0,-0.8150183094872931,-1.6994349900209527,0.7518368860572547,-1.0457411022578735,1,0,-1.6295134542362364,0,0.0,1.0,0.0,1
-0.18442515588233357,1,2.6968503359446756,-1.6994349900209527,-1.0223976130812507,0.7168853643458143,0,1,-0.997129882246154,1,1.0,0.0,0.0,0
-0.49933833755873047,0,1.4286755473164647,0.38162715881804715,-1.0223976130812507,0.7168853643458143,1,1,0.42514396520579717,1,1.0,0.0,0.0,0
-3.0606322151934258,1,-0.8150183094872931,-1.6994349900209527,1.035518240384833,-1.0457411022578735,1,0,-0.3153406171834102,0,0.0,1.0,0.0,1
-0.3943672769999315,0,1.7213312677691288,0.7284708502912138,-1.0223976130812507,0.7168853643458143,1,1,-0.9936310055778731,1,0.0,0.0,1.0,0
2.030464221908325,0,3.1846098700324488,-0.31206022412828616,-1.0223976130812507,0.7168853643458143,1,1,0.13052491301783617,1,1.0,0.0,0.0,0
1.4216320706672907,0,3.0870579632148942,-0.6589039156014528,-1.0223976130812507,0.7168853643458143,1,1,1.2583023693521131,1,1.0,0.0,0.0,0
1.3796436464437711,0,3.0870579632148942,-1.3525912985477861,-1.0223976130812507,0.7168853643458143,1,1,-1.0080586886669578,1,0.0,0.0,1.0,0
-0.3838701709440516,0,2.79440224276223,-0.6589039156014528,-1.0223976130812507,0.7168853643458143,1,1,-0.9755090902828226,1,1.0,0.0,0.0,0
0.07800249551466389,1,1.8188831745866834,0.38162715881804715,-1.0223976130812507,0.7168853643458143,1,1,-1.4644643961554265,1,1.0,0.0,0.0,0
0.23545908635286236,1,2.1115388950393474,1.0753145417643806,-1.0223976130812507,0.7168853643458143,1,1,-0.8385490703074004,1,1.0,0.0,0.0,0
-0.9192225797939264,1,-0.3272587753995197,-1.0057476070746194,0.7365051314111855,2.479511830949502,1,0,0.16793601896987462,0,0.0,1.0,0.0,1
1.7155510402319278,0,1.0384679200462459,-1.3525912985477861,-1.0223976130812507,0.7168853643458143,1,1,0.3361232573043596,1,1.0,0.0,0.0,0
-0.0059743529323753,0,3.574817497302668,-0.6589039156014528,-1.0223976130812507,0.7168853643458143,1,1,-1.7078296849444243,1,1.0,0.0,0.0,0
-0.5413267617822501,0,0.9409160132286912,0.38162715881804715,-1.0223976130812507,0.7168853643458143,1,1,-1.0349093183993507,1,0.0,0.0,1.0,0
0.5503722680292593,1,2.306642708674457,-0.6589039156014528,-1.0223976130812507,0.7168853643458143,1,1,-0.303936781044862,1,0.0,0.0,1.0,0
-0.21591647404997324,1,0.6482602927760271,-0.6589039156014528,-1.0223976130812507,0.7168853643458143,1,1,1.0366368128192056,1,0.0,0.0,1.0,0
-0.016471458988255198,0,3.867473217755332,-1.0057476070746194,-1.0223976130812507,0.7168853643458143,0,1,1.5392796714755994,1,0.0,0.0,1.0,0
0.4873896316939799,0,0.6482602927760271,0.7284708502912138,-1.0223976130812507,0.7168853643458143,1,1,-0.5357858088388107,1,1.0,0.0,0.0,0
-0.4153614891116913,1,3.477265590485113,1.7690019247107138,-1.0223976130812507,0.7168853643458143,1,1,-0.793976778588517,1,1.0,0.0,0.0,0
-0.05845988321177479,0,2.599298429127121,-1.6994349900209527,-1.0223976130812507,0.7168853643458143,1,1,1.5743024432075974,1,1.0,0.0,0.0,0
0.14098513184994327,1,2.891954149579785,-0.31206022412828616,-1.0223976130812507,0.7168853643458143,1,1,-1.5317350582075868,1,1.0,0.0,0.0,0
1.201192843493813,0,0.8433641064111366,-0.6589039156014528,0.1480494411216744,0.7168853643458143,1,1,0.14158557575181982,0,0.0,0.0,1.0,0
0.6343491164762984,1,1.4286755473164647,0.38162715881804715,-1.0223976130812507,0.7168853643458143,0,1,-0.03641211927352726,1,1.0,0.0,0.0,0
0.4558983135263402,0,0.7458121995935818,0.03478346734488051,-0.11101087065717562,0.7168853643458143,0,1,-0.9418961401309532,0,0.0,0.0,1.0,0
-0.25790489827349283,1,-1.4978816572101759,-0.6589039156014528,0.9504446641490627,-1.0457411022578735,1,0,0.8243996766592371,0,0.0,1.0,0.0,1
2.030464221908325,0,0.7458121995935818,-0.6589039156014528,-1.0223976130812507,0.7168853643458143,1,1,1.531382692782182,1,1.0,0.0,0.0,0
-0.43635570122345113,1,0.6482602927760271,0.03478346734488051,-1.0223976130812507,0.7168853643458143,1,1,1.1307204561564432,1,1.0,0.0,0.0,0
0.4454012074704603,1,0.8433641064111366,-1.3525912985477861,-1.0223976130812507,0.7168853643458143,0,1,-1.2074597862340388,1,0.0,0.0,1.0,0
0.5398751619733794,0,2.79440224276223,-1.3525912985477861,-1.0223976130812507,0.7168853643458143,0,1,-1.6634112834226333,1,1.0,0.0,0.0,0
0.34043014691166135,0,1.9164350814042381,0.03478346734488051,-1.0223976130812507,0.7168853643458143,0,1,-0.865129221102626,1,1.0,0.0,0.0,0
-0.341881746720532,1,3.1846098700324488,0.7284708502912138,-1.0223976130812507,0.7168853643458143,1,1,0.1583701904389906,1,1.0,0.0,0.0,0
-0.55182386783813,0,3.1846098700324488,1.7690019247107138,-1.0223976130812507,0.7168853643458143,1,1,0.5251800536073499,1,0.0,0.0,1.0,0
1.0122449344879747,1,0.9409160132286912,-0.31206022412828616,-1.0223976130812507,0.7168853643458143,0,1,0.8172976527381743,1,1.0,0.0,0.0,0
0.13048802579406338,1,1.8188831745866834,0.03478346734488051,-1.0223976130812507,0.7168853643458143,1,1,-0.7432159149076372,1,1.0,0.0,0.0,0
2.030464221908325,1,4.160128938207996,0.03478346734488051,-1.0223976130812507,0.7168853643458143,1,1,-0.9522479016864474,1,1.0,0.0,0.0,0
-0.05845988321177479,1,1.4286755473164647,0.7284708502912138,-1.0223976130812507,0.7168853643458143,1,1,0.5277514252095016,1,1.0,0.0,0.0,0
1.0752275708232542,0,0.6482602927760271,1.0753145417643806,-1.0223976130812507,0.7168853643458143,1,1,-0.008021893589613313,1,1.0,0.0,0.0,0
-0.5728180799498898,0,3.2821617768500038,-0.6589039156014528,-1.0223976130812507,0.7168853643458143,1,1,1.2413066110687063,1,1.0,0.0,0.0,0
-0.20541936799409335,1,-0.8150183094872931,-1.3525912985477861,0.9457254417288771,-1.0457411022578735,1,0,0.04949556517082881,0,0.0,1.0,0.0,1
1.8520134189583666,1,0.8433641064111366,-1.0057476070746194,-1.0223976130812507,0.7168853643458143,1,1,1.431927639634364,1,1.0,0.0,0.0,0
0.5923606922527789,0,2.013986988221793,-0.6589039156014528,-1.0223976130812507,0.7168853643458143,1,1,-0.6421667883315373,1,1.0,0.0,0.0,0
-0.5098354436146104,0,1.7213312677691288,0.03478346734488051,-1.0223976130812507,0.7168853643458143,0,1,0.9385532388236051,1,0.0,0.0,1.0,0
-0.4258585951675712,1,3.1846098700324488,-0.31206022412828616,-1.0223976130812507,0.7168853643458143,1,1,1.2818822685370557,1,0.0,0.0,1.0,0
1.2326841616614526,1,0.7458121995935818,1.422158233237547,-1.0223976130812507,0.7168853643458143,1,1,-1.1266662182944143,1,0.0,0.0,1.0,0
0.9387651920968155,1,1.0384679200462459,0.7284708502912138,-1.0223976130812507,0.7168853643458143,0,1,-1.5548177202957227,1,0.0,0.0,1.0,0
-0.7407717768439681,0,-0.22970686858196498,0.03478346734488051,0.6479779116532909,-1.0457411022578735,1,0,1.6370820098348,0,0.0,1.0,0.0,1
-0.25790489827349283,1,2.1115388950393474,-1.0057476070746194,-1.0223976130812507,0.7168853643458143,0,1,-1.6938034696299413,1,1.0,0.0,0.0,0
1.201192843493813,0,2.79440224276223,1.0753145417643806,-1.0223976130812507,0.7168853643458143,1,1,-0.8413440771565106,1,0.0,0.0,1.0,0
-0.31039042855289234,0,1.8188831745866834,1.422158233237547,-1.0223976130812507,0.7168853643458143,1,1,0.13877547482475347,1,1.0,0.0,0.0,0
1.6525684038966486,0,0.9409160132286912,0.7284708502912138,-1.0223976130812507,0.7168853643458143,1,1,0.575249886110079,1,1.0,0.0,0.0,0
0.5713664801410191,1,1.9164350814042381,1.422158233237547,0.44799228426862087,0.7168853643458143,1,1,-1.2655735478213208,0,1.0,0.0,0.0,0
0.19347066212934275,0,1.8188831745866834,1.0753145417643806,-1.0223976130812507,0.7168853643458143,0,1,-0.07374098852497728,1,1.0,0.0,0.0,0
0.10949381368230357,0,0.9409160132286912,-1.0057476070746194,-1.0223976130812507,0.7168853643458143,1,1,0.8483007153648318,1,1.0,0.0,0.0,0
0.4244069953587005,0,0.9409160132286912,-1.3525912985477861,-1.0223976130812507,0.7168853643458143,1,1,-0.21362596321605112,1,1.0,0.0,0.0,0
-0.22641358010585316,0,0.9409160132286912,-1.0057476070746194,-1.0223976130812507,0.7168853643458143,1,1,0.6391151853792266,1,0.0,0.0,1.0,0
-0.5833151860057697,1,0.8433641064111366,-1.3525912985477861,0.015419929706343071,0.7168853643458143,0,1,-0.05544280215862346,0,1.0,0.0,0.0,0
-0.35237885277641195,0,1.8188831745866834,0.7284708502912138,0.12900680361273947,0.7168853643458143,1,1,-0.2653134644873157,0,1.0,0.0,0.0,0
-0.5728180799498898,0,2.4041946154920115,0.7284708502912138,-1.0223976130812507,0.7168853643458143,1,1,-0.7528023893612429,1,1.0,0.0,0.0,0
-0.06895698926765469,1,2.1115388950393474,1.0753145417643806,-1.0223976130812507,0.7168853643458143,1,1,0.05572924587154435,1,1.0,0.0,0.0,0
0.07800249551466389,1,1.8188831745866834,-1.3525912985477861,-1.0223976130812507,0.7168853643458143,1,1,-0.7486496094766802,1,1.0,0.0,0.0,0
0.5188809498616196,1,1.4286755473164647,0.7284708502912138,-1.0223976130812507,0.7168853643458143,0,1,0.31620462624708784,1,0.0,0.0,1.0,0
-0.341881746720532,1,0.7458121995935818,-0.6589039156014528,-1.0223976130812507,0.7168853643458143,1,1,-0.6399989664457749,1,0.0,0.0,1.0,0
0.4558983135263402,0,4.2576808450255506,-1.0057476070746194,-1.0223976130812507,0.7168853643458143,0,1,1.4285894194739837,1,1.0,0.0,0.0,0
0.9177709799850557,1,1.7213312677691288,1.422158233237547,-1.0223976130812507,0.7168853643458143,1,1,1.2107358983531586,1,1.0,0.0,0.0,0
0.8232970254821367,1,1.1360198268638007,-1.0057476070746194,-1.0223976130812507,0.7168853643458143,0,1,0.8217091138897772,1,1.0,0.0,0.0,0
-0.4783441254469707,1,1.0384679200462459,-0.6589039156014528,-1.0223976130812507,0.7168853643458143,1,1,0.7495672285413744,1,1.0,0.0,0.0,0
-0.5728180799498898,1,2.013986988221793,0.7284708502912138,-1.0223976130812507,0.7168853643458143,1,1,1.0866598016317262,1,1.0,0.0,0.0,0
-0.5413267617822501,1,1.33112364049891,0.7284708502912138,-1.0223976130812507,0.7168853643458143,1,1,1.2880087292357385,1,1.0,0.0,0.0,0
-0.37337306488817174,0,2.013986988221793,-1.0057476070746194,-1.0223976130812507,0.7168853643458143,1,1,1.2431026328503318,1,0.0,0.0,1.0,0
2.030464221908325,0,1.1360198268638007,1.7690019247107138,-1.0223976130812507,0.7168853643458143,1,1,-1.144578204459271,1,0.0,0.0,1.0,0
0.09899670762642368,0,2.6968503359446756,0.7284708502912138,-1.0223976130812507,0.7168853643458143,1,1,0.0013742566856264394,1,1.0,0.0,0.0,0
-0.29989332249701245,1,2.9895060563973397,0.03478346734488051,-1.0223976130812507,0.7168853643458143,1,1,1.427014777502381,1,1.0,0.0,0.0,0
0.9072738739291758,0,3.3797136836675583,0.38162715881804715,-1.0223976130812507,0.7168853643458143,0,1,0.14146395565242662,1,1.0,0.0,0.0,0
0.4978867377498598,1,0.8433641064111366,0.03478346734488051,-1.0223976130812507,0.7168853643458143,1,1,0.7915716185610842,1,1.0,0.0,0.0,0
0.24595619240874225,0,0.8433641064111366,0.03478346734488051,-1.0223976130812507,0.7168853643458143,1,1,1.3902117720473088,1,1.0,0.0,0.0,0
0.5083838438057396,1,2.209090801856902,-0.31206022412828616,-1.0223976130812507,0.7168853643458143,1,1,1.5892171271797024,1,1.0,0.0,0.0,0
1.4321291767231707,1,2.4041946154920115,-1.6994349900209527,-1.0223976130812507,0.7168853643458143,0,1,-1.2586528263308798,1,0.0,0.0,1.0,0
1.0647304647673743,1,1.7213312677691288,-1.3525912985477861,-1.0223976130812507,0.7168853643458143,1,1,-1.545325280212832,1,0.0,0.0,1.0,0
1.5685915554496093,0,2.79440224276223,-1.3525912985477861,-1.0223976130812507,0.7168853643458143,0,1,0.07342262814876109,1,1.0,0.0,0.0,0
0.26695040452050206,0,2.501746522309566,1.422158233237547,-1.0223976130812507,0.7168853643458143,1,1,0.06254205337935706,1,0.0,0.0,1.0,0
-0.016471458988255198,0,2.1115388950393474,-0.6589039156014528,-1.0223976130812507,0.7168853643458143,1,1,-0.22089679791701403,1,1.0,0.0,0.0,0
-0.446852807279331,1,2.6968503359446756,-1.0057476070746194,-1.0223976130812507,0.7168853643458143,0,1,1.3943647254270208,1,0.0,0.0,1.0,0
0.6553433285880582,0,1.5262274541340193,0.7284708502912138,-1.0223976130812507,0.7168853643458143,1,1,0.4394269533406823,1,1.0,0.0,0.0,0
-0.18442515588233357,0,1.5262274541340193,-1.0057476070746194,-1.0223976130812507,0.7168853643458143,1,1,-0.7958205115360959,1,0.0,0.0,1.0,0
-0.27889911038525267,1,2.79440224276223,0.03478346734488051,-1.0223976130812507,0.7168853643458143,1,1,-1.2558158336557306,1,1.0,0.0,0.0,0
0.22496198029698244,0,0.9409160132286912,-1.0057476070746194,-1.0223976130812507,0.7168853643458143,1,1,-1.169560811923236,1,1.0,0.0,0.0,0
0.7393201770350974,1,1.33112364049891,-0.31206022412828616,-1.0223976130812507,0.7168853643458143,1,1,0.3247032861169616,1,1.0,0.0,0.0,0
0.5608693740851391,1,0.6482602927760271,-1.3525912985477861,-1.0223976130812507,0.7168853643458143,1,1,-1.1027169479374201,1,1.0,0.0,0.0,0
1.600082873617249,1,4.0625770313904415,1.0753145417643806,-1.0223976130812507,0.7168853643458143,0,1,-1.1372530657766957,1,0.0,0.0,1.0,0
0.3194359347999015,0,3.2821617768500038,-0.31206022412828616,-1.0223976130812507,0.7168853643458143,1,1,-0.8578627237803861,1,0.0,0.0,1.0,0
0.6553433285880582,1,2.9895060563973397,-0.6589039156014528,-1.0223976130812507,0.7168853643458143,1,1,-0.7181580105490407,1,1.0,0.0,0.0,0
0.8442912375938965,0,3.0870579632148942,1.422158233237547,0.3877135522401011,0.7168853643458143,1,1,-0.9912948933976576,0,1.0,0.0,0.0,0
0.25645329846462217,0,3.9650251245728865,-1.6994349900209527,-1.0223976130812507,0.7168853643458143,0,1,1.2362462780601402,1,1.0,0.0,0.0,0
0.34043014691166135,0,1.623779360951574,-0.31206022412828616,-1.0223976130812507,0.7168853643458143,1,1,-0.7160380733243803,1,0.0,0.0,1.0,0
-0.19492226193821346,1,0.9409160132286912,-1.0057476070746194,-1.0223976130812507,0.7168853643458143,1,1,-1.5925905636332605,1,0.0,0.0,1.0,0
1.8730076310701265,0,1.7213312677691288,-1.0057476070746194,-1.0223976130812507,0.7168853643458143,1,1,-1.0391228215860355,1,1.0,0.0,0.0,0
0.17247645001758297,1,1.2335717336813552,1.0753145417643806,0.25918199077329684,0.7168853643458143,1,1,1.257619492445962,0,1.0,0.0,0.0,0
0.17247645001758297,1,3.2821617768500038,-1.3525912985477861,-1.0223976130812507,0.7168853643458143,0,1,0.21283656351051572,1,1.0,0.0,0.0,0
0.26695040452050206,1,2.9895060563973397,0.38162715881804715,-1.0223976130812507,0.7168853643458143,0,1,0.8655771887991919,1,1.0,0.0,0.0,0
1.610579979673129,0,1.2335717336813552,0.03478346734488051,-1.0223976130812507,0.7168853643458143,0,1,1.471431964558129,1,1.0,0.0,0.0,0
1.3481523282761316,1,1.623779360951574,0.03478346734488051,-1.0223976130812507,0.7168853643458143,1,1,-1.608386082476435,1,1.0,0.0,0.0,0
1.1487073132144134,0,1.33112364049891,0.7284708502912138,0.4677365714759079,0.7168853643458143,0,1,-0.5815557375706927,0,1.0,0.0,0.0,0
1.9884757976848053,1,2.209090801856902,-1.6994349900209527,-1.0223976130812507,0.7168853643458143,1,1,-0.06091709459251389,1,0.0,0.0,1.0,0
-0.17392804982645366,1,2.891954149579785,1.422158233237547,-1.0223976130812507,0.7168853643458143,1,1,1.7311306071519554,1,1.0,0.0,0.0,0
0.7393201770350974,1,2.306642708674457,0.03478346734488051,-1.0223976130812507,0.7168853643458143,0,1,-1.0593726548825966,1,1.0,0.0,0.0,0
1.5161060251702099,1,1.9164350814042381,-1.3525912985477861,0.26548411300654706,0.7168853643458143,1,1,-1.2010968516473772,0,0.0,0.0,1.0,0
-1.3391068220291222,1,-0.9125702163048478,-0.31206022412828616,1.1643687335327062,-1.0457411022578735,0,0,0.22728176960964144,0,0.0,1.0,0.0,1
1.810024994734847,1,1.1360198268638007,0.7284708502912138,-1.0223976130812507,0.7168853643458143,0,1,1.366191889164704,1,0.0,0.0,1.0,0
-0.0059743529323753,1,1.1360198268638007,0.7284708502912138,-1.0223976130812507,0.7168853643458143,0,1,-0.4783290733804907,1,1.0,0.0,0.0,0
-0.13193962560293407,1,1.0384679200462459,1.7690019247107138,-1.0223976130812507,0.7168853643458143,1,1,0.7872521098384094,1,0.0,0.0,1.0,0
-0.28939621644113256,0,2.209090801856902,0.38162715881804715,-1.0223976130812507,0.7168853643458143,1,1,0.5891721778303581,1,1.0,0.0,0.0,0
-0.04796277715589489,0,4.0625770313904415,-0.31206022412828616,-1.0223976130812507,0.7168853643458143,1,1,1.5421890116278485,1,1.0,0.0,0.0,0
0.4349041014145804,0,0.7458121995935818,-1.6994349900209527,-1.0223976130812507,0.7168853643458143,1,1,0.4553971817988199,1,1.0,0.0,0.0,0
-0.05845988321177479,1,0.8433641064111366,-1.0057476070746194,-1.0223976130812507,0.7168853643458143,1,1,0.3486390238523399,1,0.0,0.0,1.0,0
-0.4783441254469707,1,2.501746522309566,1.422158233237547,-1.0223976130812507,0.7168853643458143,1,1,-0.8056500526933391,1,1.0,0.0,0.0,0
-0.016471458988255198,0,1.2335717336813552,-0.6589039156014528,-1.0223976130812507,0.7168853643458143,0,1,-1.455842728224968,1,1.0,0.0,0.0,0
1.0122449344879747,0,2.306642708674457,0.38162715881804715,-1.0223976130812507,0.7168853643458143,1,1,0.6364719867854218,1,1.0,0.0,0.0,0
1.50560891911433,1,2.1115388950393474,0.38162715881804715,0.40379995078809444,0.7168853643458143,1,1,0.5552627244689836,0,1.0,0.0,0.0,0
-0.8037544131792476,1,-1.4003297503926213,-1.3525912985477861,1.1329971314779517,-1.0457411022578735,1,0,-1.4318148645655129,0,0.0,1.0,0.0,1
-0.04796277715589489,1,1.2335717336813552,0.7284708502912138,-1.0223976130812507,0.7168853643458143,0,1,-0.9753420144544122,1,1.0,0.0,0.0,0
0.8442912375938965,0,0.6482602927760271,-1.0057476070746194,-1.0223976130812507,0.7168853643458143,0,1,1.3529509128942363,1,0.0,0.0,1.0,0
-0.27889911038525267,0,1.0384679200462459,-1.3525912985477861,-1.0223976130812507,0.7168853643458143,0,1,1.0955295676251413,1,0.0,0.0,1.0,0
-0.22641358010585316,1,0.7458121995935818,1.0753145417643806,-1.0223976130812507,0.7168853643458143,1,1,-0.6761877990736678,1,0.0,0.0,1.0,0
0.6973317528115779,0,1.0384679200462459,-0.31206022412828616,-1.0223976130812507,0.7168853643458143,0,1,-0.16900786877785268,1,1.0,0.0,0.0,0
-1.5910373673702398,0,-0.5223625890346291,-0.6589039156014528,0.6931772960782847,2.479511830949502,1,0,-0.9415205231335402,0,0.0,1.0,0.0,1
0.9282680860409356,0,0.7458121995935818,0.7284708502912138,-1.0223976130812507,0.7168853643458143,1,1,-0.5542071767608979,1,1.0,0.0,0.0,0
-0.15293383771469388,0,1.623779360951574,0.7284708502912138,-1.0223976130812507,0.7168853643458143,1,1,0.0312664298737453,1,1.0,0.0,0.0,0
0.22496198029698244,0,2.209090801856902,1.0753145417643806,-1.0223976130812507,0.7168853643458143,1,1,1.0448781793832305,1,0.0,0.0,1.0,0
0.3824185711351809,0,1.8188831745866834,1.422158233237547,-1.0223976130812507,0.7168853643458143,1,1,0.6209245660052035,1,0.0,0.0,1.0,0
0.13048802579406338,1,0.7458121995935818,-0.6589039156014528,-1.0223976130812507,0.7168853643458143,0,1,-1.582724414999595,1,1.0,0.0,0.0,0
0.4244069953587005,0,3.6723694041202224,0.7284708502912138,-1.0223976130812507,0.7168853643458143,0,1,1.545127672460265,1,1.0,0.0,0.0,0
0.09899670762642368,0,2.013986988221793,0.03478346734488051,-1.0223976130812507,0.7168853643458143,1,1,1.4818130467937909,1,1.0,0.0,0.0,0
1.3376552222202516,1,0.9409160132286912,0.7284708502912138,-1.0223976130812507,0.7168853643458143,1,1,1.4382116339282671,1,0.0,0.0,1.0,0
2.030464221908325,1,2.6968503359446756,-0.31206022412828616,-1.0223976130812507,0.7168853643458143,0,1,-0.6135275971089225,1,1.0,0.0,0.0,0
0.24595619240874225,0,1.9164350814042381,1.0753145417643806,-1.0223976130812507,0.7168853643458143,1,1,-0.5899721607399779,1,0.0,0.0,1.0,0
-2.9451640485787465,0,-0.9125702163048478,-0.31206022412828616,0.8307362348854155,4.242138297553191,1,0,0.34062771185578417,0,0.0,1.0,0.0,1
1.7365452523436877,1,1.1360198268638007,0.7284708502912138,-1.0223976130812507,0.7168853643458143,1,1,-1.555398061568862,1,1.0,0.0,0.0,0
0.20396776818522266,0,2.209090801856902,1.0753145417643806,-1.0223976130812507,0.7168853643458143,1,1,0.326329109157496,1,1.0,0.0,0.0,0
0.21446487424110255,0,1.0384679200462459,-0.6589039156014528,-1.0223976130812507,0.7168853643458143,1,1,1.5284592995228707,1,1.0,0.0,0.0,0
0.07800249551466389,1,1.623779360951574,1.0753145417643806,-1.0223976130812507,0.7168853643458143,1,1,0.6844041855583012,1,1.0,0.0,0.0,0
-0.8247486252910073,0,-0.7174664026697384,0.03478346734488051,0.6220122015926602,4.242138297553191,0,0,1.5294048480844877,0,0.0,1.0,0.0,1
0.3194359347999015,1,0.9409160132286912,-0.31206022412828616,-1.0223976130812507,0.7168853643458143,1,1,1.2349426355111512,1,1.0,0.0,0.0,0
-0.04796277715589489,1,1.9164350814042381,0.38162715881804715,-1.0223976130812507,0.7168853643458143,0,1,1.2198759697885917,1,0.0,0.0,1.0,0
-0.3943672769999315,1,1.33112364049891,1.0753145417643806,-1.0223976130812507,0.7168853643458143,1,1,0.40820806274876764,1,0.0,0.0,1.0,0
-0.04796277715589489,0,3.574817497302668,1.7690019247107138,-1.0223976130812507,0.7168853643458143,1,1,0.25958587235805425,1,0.0,0.0,1.0,0
1.3691465403878913,0,4.550336565478214,1.7690019247107138,-1.0223976130812507,0.7168853643458143,1,1,0.2918943124851901,1,1.0,0.0,0.0,0
-0.4888412315028506,0,0.6482602927760271,-1.3525912985477861,-1.0223976130812507,0.7168853643458143,1,1,1.7339773155554437,1,1.0,0.0,0.0,0
1.1801986313820532,1,0.9409160132286912,-1.0057476070746194,0.5326707395883996,0.7168853643458143,0,1,1.7032384860405925,0,1.0,0.0,0.0,0
-0.07945409532353459,1,0.7458121995935818,0.03478346734488051,-1.0223976130812507,0.7168853643458143,1,1,-0.39499657743156263,1,1.0,0.0,0.0,0
0.791805707314497,1,2.306642708674457,-1.0057476070746194,-1.0223976130812507,0.7168853643458143,1,1,-1.2886307061225657,1,1.0,0.0,0.0,0
0.6133549043645387,1,0.6482602927760271,-0.31206022412828616,-1.0223976130812507,0.7168853643458143,1,1,-0.7749972767723523,1,1.0,0.0,0.0,0
0.8023028133703768,1,2.501746522309566,-0.6589039156014528,-1.0223976130812507,0.7168853643458143,1,1,-0.4240391448754178,1,1.0,0.0,0.0,0
-0.9507138979615661,0,-0.3272587753995197,-1.3525912985477861,0.9595211698544025,-1.0457411022578735,1,0,-0.5806565122138374,0,0.0,1.0,0.0,1
0.06750538945878398,1,2.501746522309566,0.38162715881804715,-1.0223976130812507,0.7168853643458143,0,1,-1.4545328398506179,1,0.0,0.0,1.0,0
-0.446852807279331,1,1.2335717336813552,-0.6589039156014528,-1.0223976130812507,0.7168853643458143,1,1,-1.6336518340234385,1,1.0,0.0,0.0,0
0.7708114952027372,1,2.306642708674457,-1.0057476070746194,-1.0223976130812507,0.7168853643458143,1,1,1.505527404719147,1,0.0,0.0,1.0,0
-0.016471458988255198,0,1.7213312677691288,0.03478346734488051,-1.0223976130812507,0.7168853643458143,1,1,-1.005073184144333,1,0.0,0.0,1.0,0
0.9597594042085753,1,2.1115388950393474,-0.6589039156014528,-1.0223976130812507,0.7168853643458143,1,1,-0.37334837323470205,1,0.0,0.0,1.0,0
-0.4783441254469707,1,2.891954149579785,0.03478346734488051,0.3072432232677642,0.7168853643458143,1,1,0.8108191703823315,0,1.0,0.0,0.0,0
-0.16343094377057377,1,1.8188831745866834,0.03478346734488051,-1.0223976130812507,0.7168853643458143,1,1,0.3944511119054095,1,1.0,0.0,0.0,0
0.35092725296754124,0,0.9409160132286912,-1.0057476070746194,-1.0223976130812507,0.7168853643458143,1,1,-1.67534740267807,1,0.0,0.0,1.0,0
0.5083838438057396,0,1.623779360951574,1.0753145417643806,-1.0223976130812507,0.7168853643458143,1,1,-1.4802767440280464,1,1.0,0.0,0.0,0
1.0122449344879747,0,1.1360198268638007,-0.31206022412828616,-1.0223976130812507,0.7168853643458143,1,1,-1.7150378878966268,1,1.0,0.0,0.0,0
-0.5308296557263702,0,3.1846098700324488,1.0753145417643806,-1.0223976130812507,0.7168853643458143,1,1,1.2149579028021407,1,1.0,0.0,0.0,0
0.5083838438057396,0,1.8188831745866834,-0.6589039156014528,-1.0223976130812507,0.7168853643458143,1,1,-1.1377719897671172,1,0.0,0.0,1.0,0
-0.0059743529323753,1,2.4041946154920115,1.0753145417643806,-1.0223976130812507,0.7168853643458143,0,1,-0.7408100576775558,1,1.0,0.0,0.0,0
0.5293780559174995,0,1.623779360951574,-1.3525912985477861,-1.0223976130812507,0.7168853643458143,0,1,-0.7860046764956172,1,1.0,0.0,0.0,0
0.3824185711351809,0,0.6482602927760271,-0.31206022412828616,-1.0223976130812507,0.7168853643458143,1,1,-1.2686667928314257,1,0.0,0.0,1.0,0
0.3194359347999015,0,0.8433641064111366,0.7284708502912138,-1.0223976130812507,0.7168853643458143,1,1,1.3517076466570714,1,1.0,0.0,0.0,0
1.2431812677173326,0,2.6968503359446756,1.422158233237547,-1.0223976130812507,0.7168853643458143,1,1,-0.5567679651589654,1,1.0,0.0,0.0,0
-0.5833151860057697,1,3.477265590485113,-1.0057476070746194,-1.0223976130812507,0.7168853643458143,0,1,-0.8355358065609481,1,1.0,0.0,0.0,0
-0.43635570122345113,1,2.013986988221793,1.0753145417643806,-1.0223976130812507,0.7168853643458143,1,1,1.1426900599756213,1,1.0,0.0,0.0,0
-0.07945409532353459,1,0.8433641064111366,-1.3525912985477861,-1.0223976130812507,0.7168853643458143,1,1,0.7959999087421329,1,1.0,0.0,0.0,0
0.22496198029698244,0,1.0384679200462459,-1.3525912985477861,-1.0223976130812507,0.7168853643458143,1,1,0.04787234455752783,1,0.0,0.0,1.0,0
0.5503722680292593,0,0.6482602927760271,-1.0057476070746194,-1.0223976130812507,0.7168853643458143,0,1,1.0966461824035938,1,0.0,0.0,1.0,0
0.34043014691166135,0,0.7458121995935818,0.7284708502912138,-0.18454024757448406,0.7168853643458143,1,1,-0.4635783423241159,0,1.0,0.0,0.0,0
-0.22641358010585316,1,-0.1321549617644103,0.03478346734488051,0.8056395331173952,-1.0457411022578735,1,0,-0.07116545303925136,0,0.0,1.0,0.0,1
1.1592044192702933,1,0.9409160132286912,1.422158233237547,-1.0223976130812507,0.7168853643458143,0,1,1.3141320673038561,1,1.0,0.0,0.0,0
0.25645329846462217,1,2.79440224276223,0.7284708502912138,-1.0223976130812507,0.7168853643458143,0,1,1.1103916825671234,1,0.0,0.0,1.0,0
-0.23691068616173305,1,1.33112364049891,-1.3525912985477861,-1.0223976130812507,0.7168853643458143,1,1,1.3393792548699253,1,0.0,0.0,1.0,0
0.40341278324694074,1,0.7458121995935818,-0.31206022412828616,-1.0223976130812507,0.7168853643458143,1,1,0.6562212865773472,1,1.0,0.0,0.0,0
1.5161060251702099,0,0.7458121995935818,0.38162715881804715,-1.0223976130812507,0.7168853643458143,1,1,1.2195864063850432,1,0.0,0.0,1.0,0
-0.28939621644113256,0,1.0384679200462459,-0.31206022412828616,-1.0223976130812507,0.7168853643458143,1,1,1.6763425740743316,1,1.0,0.0,0.0,0
0.26695040452050206,0,1.5262274541340193,-1.6994349900209527,0.31619280060710264,0.7168853643458143,1,1,-0.7908026848390154,0,0.0,0.0,1.0,0
0.32993304085578146,1,1.33112364049891,-1.3525912985477861,-1.0223976130812507,0.7168853643458143,1,1,1.2547162246239254,1,1.0,0.0,0.0,0
0.5608693740851391,0,3.574817497302668,0.03478346734488051,-1.0223976130812507,0.7168853643458143,1,1,-1.5672982673284723,1,0.0,0.0,1.0,0
-0.43635570122345113,1,2.501746522309566,-1.6994349900209527,0.2914092317623143,0.7168853643458143,0,1,-1.1072030120030592,0,1.0,0.0,0.0,0
0.6343491164762984,0,2.013986988221793,-0.31206022412828616,-1.0223976130812507,0.7168853643458143,1,1,1.2286062456822746,1,1.0,0.0,0.0,0
-0.27889911038525267,1,1.1360198268638007,1.0753145417643806,-1.0223976130812507,0.7168853643458143,0,1,-0.35282250915620833,1,1.0,0.0,0.0,0
-0.5623209738940099,1,-0.3272587753995197,-1.3525912985477861,0.9654115802811816,-1.0457411022578735,1,0,0.9165450321927343,0,0.0,1.0,0.0,1
0.4663954195822201,1,2.013986988221793,0.7284708502912138,-1.0223976130812507,0.7168853643458143,0,1,-1.2511779613347864,1,0.0,0.0,1.0,0
1.5371002372819698,0,0.6482602927760271,0.7284708502912138,-1.0223976130812507,0.7168853643458143,1,1,0.497313956768325,1,0.0,0.0,1.0,0
0.34043014691166135,0,2.4041946154920115,-1.3525912985477861,-1.0223976130812507,0.7168853643458143,1,1,1.5061549366727924,1,0.0,0.0,1.0,0
0.781308601258617,1,3.0870579632148942,-0.6589039156014528,-1.0223976130812507,0.7168853643458143,1,1,0.71943320311566,1,0.0,0.0,1.0,0
1.0542333587114945,0,3.1846098700324488,-1.6994349900209527,0.3964316624957545,0.7168853643458143,1,1,0.9476974741426121,0,1.0,0.0,0.0,0
1.0647304647673743,1,2.209090801856902,-1.0057476070746194,-1.0223976130812507,0.7168853643458143,1,1,-0.9669092827411282,1,0.0,0.0,1.0,0
0.791805707314497,0,2.79440224276223,-1.3525912985477861,-1.0223976130812507,0.7168853643458143,1,1,1.354466740010355,1,0.0,0.0,1.0,0
0.28794461663226184,1,1.5262274541340193,0.38162715881804715,-1.0223976130812507,0.7168853643458143,1,1,-0.08371158123829277,1,1.0,0.0,0.0,0
-0.7197775647322083,0,-0.3272587753995197,-1.3525912985477861,0.6376680423712101,-1.0457411022578735,1,0,1.390605259045061,0,0.0,1.0,0.0,1
1.6420712978407686,0,2.306642708674457,1.7690019247107138,0.0192517811007658,0.7168853643458143,0,1,0.7068284335562836,0,1.0,0.0,0.0,0
-0.32088753460877223,0,0.9409160132286912,-1.0057476070746194,-1.0223976130812507,0.7168853643458143,1,1,-0.06798632793043116,1,0.0,0.0,1.0,0
0.886279661817416,1,1.4286755473164647,-0.6589039156014528,-1.0223976130812507,0.7168853643458143,1,1,-1.0548492893599397,1,0.0,0.0,1.0,0
-0.026968565044135095,0,1.5262274541340193,0.03478346734488051,-1.0223976130812507,0.7168853643458143,0,1,-0.9121429365571195,1,0.0,0.0,1.0,0
0.5713664801410191,0,4.160128938207996,0.38162715881804715,-1.0223976130812507,0.7168853643458143,1,1,-0.4760250578028256,1,1.0,0.0,0.0,0
-0.037465671100014995,1,1.623779360951574,0.7284708502912138,-1.0223976130812507,0.7168853643458143,1,1,-1.0018751480642802,1,0.0,0.0,1.0,0
-0.36287595883229185,0,1.9164350814042381,-1.0057476070746194,-1.0223976130812507,0.7168853643458143,1,1,-1.1526375746120776,1,0.0,0.0,1.0,0
0.991250722376215,1,1.33112364049891,1.0753145417643806,-1.0223976130812507,0.7168853643458143,0,1,1.3806438615746381,1,0.0,0.0,1.0,0
0.22496198029698244,0,1.0384679200462459,1.0753145417643806,-1.0223976130812507,0.7168853643458143,0,1,-0.028156873097589026,1,0.0,0.0,1.0,0
0.9177709799850557,1,1.5262274541340193,0.38162715881804715,0.4886025961715621,0.7168853643458143,0,1,0.7001424510023315,0,1.0,0.0,0.0,0
0.9072738739291758,1,3.1846098700324488,-1.6994349900209527,-1.0223976130812507,0.7168853643458143,0,1,-1.2123140070056873,1,1.0,0.0,0.0,0
1.5475973433378496,0,3.1846098700324488,1.0753145417643806,-1.0223976130812507,0.7168853643458143,0,1,0.8376753519594895,1,1.0,0.0,0.0,0
0.32993304085578146,0,0.7458121995935818,-0.6589039156014528,-1.0223976130812507,0.7168853643458143,0,1,0.09002784885194778,1,0.0,0.0,1.0,0
-0.15293383771469388,1,2.306642708674457,0.7284708502912138,-1.0223976130812507,0.7168853643458143,1,1,-0.6695673976860081,1,1.0,0.0,0.0,0
-0.43635570122345113,1,2.6968503359446756,0.7284708502912138,-1.0223976130812507,0.7168853643458143,1,1,-0.43604205976318894,1,1.0,0.0,0.0,0
-0.55182386783813,0,3.1846098700324488,-1.0057476070746194,-1.0223976130812507,0.7168853643458143,1,1,-0.8710634491763048,1,1.0,0.0,0.0,0
-0.2684020043293727,0,0.7458121995935818,1.7690019247107138,-1.0223976130812507,0.7168853643458143,1,1,0.5169348701500492,1,0.0,0.0,1.0,0
1.4636204948908105,1,1.2335717336813552,0.38162715881804715,-1.0223976130812507,0.7168853643458143,0,1,1.6485451813142793,1,1.0,0.0,0.0,0
0.371921465079301,1,1.5262274541340193,0.03478346734488051,-1.0223976130812507,0.7168853643458143,1,1,-0.19070187569402858,1,1.0,0.0,0.0,0
0.22496198029698244,1,2.6968503359446756,1.0753145417643806,-1.0223976130812507,0.7168853643458143,1,1,-0.9125251463701916,1,1.0,0.0,0.0,0
0.22496198029698244,0,2.1115388950393474,-1.0057476070746194,-1.0223976130812507,0.7168853643458143,1,1,-0.9696999522115155,1,1.0,0.0,0.0,0
0.11999091973818347,1,3.2821617768500038,-1.0057476070746194,-1.0223976130812507,0.7168853643458143,1,1,-0.5019214642161554,1,1.0,0.0,0.0,0
-1.5385518370908404,1,-0.7174664026697384,-1.6994349900209527,0.8088602598663753,-1.0457411022578735,1,0,-1.1557240533113744,0,0.0,1.0,0.0,1
-0.9192225797939264,0,-1.0101221231224025,-0.6589039156014528,0.5888922740498622,-1.0457411022578735,1,0,-1.640472969298399,0,0.0,1.0,0.0,1
0.8757825557615361,0,1.2335717336813552,-0.31206022412828616,-1.0223976130812507,0.7168853643458143,1,1,1.3743631636885647,1,1.0,0.0,0.0,0
0.21446487424110255,0,3.2821617768500038,1.0753145417643806,-1.0223976130812507,0.7168853643458143,1,1,0.9349797592412882,1,1.0,0.0,0.0,0
0.8337941315380165,0,2.4041946154920115,1.7690019247107138,-1.0223976130812507,0.7168853643458143,0,1,-1.7212611588884072,1,1.0,0.0,0.0,0
0.4454012074704603,1,1.4286755473164647,-0.31206022412828616,-1.0223976130812507,0.7168853643458143,0,1,0.20115669659003454,1,1.0,0.0,0.0,0
-0.43635570122345113,1,1.0384679200462459,-0.6589039156014528,-1.0223976130812507,0.7168853643458143,1,1,-0.8647220279881094,1,1.0,0.0,0.0,0
-0.5623209738940099,1,0.7458121995935818,-1.0057476070746194,-1.0223976130812507,0.7168853643458143,1,1,-0.6965851032468114,1,1.0,0.0,0.0,0
0.057008283402904085,0,0.8433641064111366,0.38162715881804715,-1.0223976130812507,0.7168853643458143,1,1,0.5149186830244433,1,1.0,0.0,0.0,0
-0.18442515588233357,1,3.769921310937777,0.38162715881804715,0.28113125564834035,0.7168853643458143,1,1,-0.7613723557373229,0,1.0,0.0,0.0,0
0.17247645001758297,0,1.8188831745866834,-0.31206022412828616,-1.0223976130812507,0.7168853643458143,1,1,-0.8679879006713901,1,0.0,0.0,1.0,0
-2.483291382120031,0,-0.42481068221707435,-1.3525912985477861,1.1609941786244227,-1.0457411022578735,0,0,0.863268835842804,0,0.0,1.0,0.0,1
0.6448462225321784,1,0.9409160132286912,1.422158233237547,-1.0223976130812507,0.7168853643458143,1,1,-0.4789850585385593,1,1.0,0.0,0.0,0
0.06750538945878398,1,0.7458121995935818,-0.6589039156014528,-1.0223976130812507,0.7168853643458143,0,1,1.32832206203892,1,1.0,0.0,0.0,0
0.791805707314497,1,0.7458121995935818,-1.6994349900209527,-1.0223976130812507,0.7168853643458143,1,1,1.468413842947507,1,1.0,0.0,0.0,0
2.030464221908325,0,4.160128938207996,-1.3525912985477861,-1.0223976130812507,0.7168853643458143,1,1,-0.6965026930510742,1,1.0,0.0,0.0,0
-1.0976733827438847,1,-0.5223625890346291,-0.6589039156014528,1.312613011191904,-1.0457411022578735,1,0,-0.7090533321239876,0,0.0,1.0,0.0,1
-0.07945409532353459,0,0.7458121995935818,-1.0057476070746194,-1.0223976130812507,0.7168853643458143,1,1,-0.5744582245235015,1,1.0,0.0,0.0,0
-0.29989332249701245,1,0.6482602927760271,1.422158233237547,-1.0223976130812507,0.7168853643458143,1,1,-0.04946433282196992,1,1.0,0.0,0.0,0
0.5083838438057396,0,1.1360198268638007,-0.31206022412828616,0.2189537525812121,0.7168853643458143,0,1,0.7884599830651944,0,1.0,0.0,0.0,0
0.23545908635286236,1,2.1115388950393474,0.38162715881804715,-1.0223976130812507,0.7168853643458143,1,1,-0.38831406478058944,1,1.0,0.0,0.0,0
-0.23691068616173305,1,3.769921310937777,0.03478346734488051,-1.0223976130812507,0.7168853643458143,1,1,1.0733492538065412,1,1.0,0.0,0.0,0
0.28794461663226184,1,0.7458121995935818,-1.6994349900209527,-1.0223976130812507,0.7168853643458143,1,1,-1.098859977281767,1,1.0,0.0,0.0,0
1.085724676879134,0,1.8188831745866834,-1.3525912985477861,-1.0223976130812507,0.7168853643458143,1,1,-1.294489637301613,1,0.0,0.0,1.0,0
0.7708114952027372,0,2.306642708674457,-1.0057476070746194,-1.0223976130812507,0.7168853643458143,1,1,1.0960641061789655,1,0.0,0.0,1.0,0
-0.4573499133352109,0,-1.79053737766284,-1.6994349900209527,0.8679360717968013,-1.0457411022578735,0,0,0.24018824723299093,0,0.0,1.0,0.0,1
1.5475973433378496,1,1.623779360951574,0.7284708502912138,-1.0223976130812507,0.7168853643458143,1,1,0.3303172421457331,1,1.0,0.0,0.0,0
1.2431812677173326,1,2.1115388950393474,0.7284708502912138,-1.0223976130812507,0.7168853643458143,1,1,0.20550656696377084,1,1.0,0.0,0.0,0
0.7498172830909774,0,2.9895060563973397,-1.3525912985477861,-1.0223976130812507,0.7168853643458143,1,1,0.5567676213907204,1,1.0,0.0,0.0,0
0.6763375406998181,1,1.5262274541340193,0.03478346734488051,-1.0223976130812507,0.7168853643458143,1,1,-1.652029307672849,1,1.0,0.0,0.0,0
0.5713664801410191,1,2.501746522309566,-0.31206022412828616,-1.0223976130812507,0.7168853643458143,1,1,-1.6747129309184676,1,1.0,0.0,0.0,0
0.6553433285880582,1,2.209090801856902,0.03478346734488051,-1.0223976130812507,0.7168853643458143,0,1,-1.224549231897863,1,1.0,0.0,0.0,0
-0.49933833755873047,1,1.4286755473164647,0.7284708502912138,-1.0223976130812507,0.7168853643458143,0,1,-0.8220331996059077,1,1.0,0.0,0.0,0
0.6973317528115779,1,0.9409160132286912,0.7284708502912138,-1.0223976130812507,0.7168853643458143,1,1,0.8844950998374898,1,1.0,0.0,0.0,0
0.40341278324694074,1,0.6482602927760271,-0.6589039156014528,-1.0223976130812507,0.7168853643458143,1,1,-1.1957285647494773,1,1.0,0.0,0.0,0
2.030464221908325,1,2.306642708674457,0.03478346734488051,-1.0223976130812507,0.7168853643458143,1,1,1.3971555683925567,1,0.0,0.0,1.0,0
0.371921465079301,1,0.7458121995935818,-1.0057476070746194,-1.0223976130812507,0.7168853643458143,1,1,0.10877243823647414,1,0.0,0.0,1.0,0
-0.20541936799409335,1,2.1115388950393474,-0.6589039156014528,-1.0223976130812507,0.7168853643458143,1,1,-0.5124973815040549,1,1.0,0.0,0.0,0
-0.5308296557263702,0,0.7458121995935818,1.0753145417643806,-1.0223976130812507,0.7168853643458143,1,1,1.4574343759432185,1,0.0,0.0,1.0,0
1.6525684038966486,0,3.2821617768500038,-1.0057476070746194,-1.0223976130812507,0.7168853643458143,0,1,0.5402538326310149,1,0.0,0.0,1.0,0
1.6210770857290089,0,0.6482602927760271,0.03478346734488051,-1.0223976130812507,0.7168853643458143,1,1,0.8051837009550938,1,1.0,0.0,0.0,0
1.7890307826230871,0,2.1115388950393474,-1.0057476070746194,-1.0223976130812507,0.7168853643458143,0,1,-0.6783275147453051,1,1.0,0.0,0.0,0
-0.0059743529323753,1,0.8433641064111366,-1.3525912985477861,-1.0223976130812507,0.7168853643458143,1,1,1.704560692570516,1,0.0,0.0,1.0,0
0.25645329846462217,0,2.4041946154920115,0.7284708502912138,-1.0223976130812507,0.7168853643458143,1,1,-0.7748142393902411,1,1.0,0.0,0.0,0
-0.12144251954705418,0,1.623779360951574,0.7284708502912138,-1.0223976130812507,0.7168853643458143,1,1,-1.4112837956325515,1,1.0,0.0,0.0,0
0.3824185711351809,1,2.891954149579785,-1.0057476070746194,-1.0223976130812507,0.7168853643458143,1,1,-0.6913547449923033,1,1.0,0.0,0.0,0
-0.04796277715589489,0,3.477265590485113,0.03478346734488051,-1.0223976130812507,0.7168853643458143,1,1,-1.7137236621435536,1,1.0,0.0,0.0,0
-0.07945409532353459,1,0.6482602927760271,0.7284708502912138,-1.0223976130812507,0.7168853643458143,0,1,-0.4252261986843322,1,1.0,0.0,0.0,0
0.04651117734702419,1,0.5507083859584725,-1.3525912985477861,1.2509831685872181,-1.0457411022578735,1,0,1.5619624272454735,0,0.0,1.0,0.0,1
0.4768925256381,1,-0.6199144958521837,1.0753145417643806,0.13200202311247863,-1.0457411022578735,1,1,0.4574818995082492,0,0.0,0.0,1.0,0
-1.0556849585203651,0,-0.8150183094872931,0.7284708502912138,-1.0223976130812507,0.7168853643458143,1,1,1.5082727919556658,1,1.0,0.0,0.0,0
-0.026968565044135095,0,-0.3272587753995197,-1.0057476070746194,0.441237858924036,-1.0457411022578735,1,1,-0.2246614691534411,0,1.0,0.0,0.0,0
1.8415163129024867,1,-0.9125702163048478,1.0753145417643806,0.48904636222274694,-1.0457411022578735,0,1,-1.5492377693161399,0,0.0,0.0,1.0,0
-0.6882862465645686,1,0.4531564791409178,-0.6589039156014528,-1.0223976130812507,0.7168853643458143,0,1,1.7212930852178614,1,1.0,0.0,0.0,0
-0.27889911038525267,0,-0.22970686858196498,1.0753145417643806,1.0168159577456453,0.7168853643458143,1,1,0.6019296231207849,0,1.0,0.0,0.0,0
1.0437362526556144,0,2.1115388950393474,-0.6589039156014528,0.8448811770940511,-1.0457411022578735,1,0,-0.10738343285216304,0,0.0,1.0,0.0,1
-0.4258585951675712,0,2.6968503359446756,-1.3525912985477861,1.1657058304440984,-1.0457411022578735,1,0,1.459560905983538,0,1.0,0.0,0.0,1
-2.2418579428347933,1,-0.22970686858196498,0.38162715881804715,0.1121939495689774,0.7168853643458143,0,1,-0.7421459703242441,0,0.0,0.0,1.0,0
0.32993304085578146,0,-0.42481068221707435,1.422158233237547,0.4438115409443011,0.7168853643458143,0,1,1.1115728375409744,0,0.0,1.0,0.0,0
-0.5833151860057697,0,0.4531564791409178,-1.0057476070746194,-1.0223976130812507,-1.0457411022578735,1,0,-0.8674712321179046,1,1.0,0.0,0.0,1
0.11999091973818347,0,0.06294885187069905,-1.6994349900209527,0.9444249092071834,-1.0457411022578735,1,0,0.22958717314849794,0,0.0,1.0,0.0,1
-0.24740779221761294,1,0.16050075868825375,0.03478346734488051,0.36564476852295996,0.7168853643458143,1,1,0.3047594982630964,0,0.0,1.0,0.0,0
-0.4888412315028506,0,-0.1321549617644103,1.7690019247107138,1.2385372624250064,0.7168853643458143,1,1,0.517887358517623,0,0.0,0.0,1.0,0
0.6763375406998181,1,0.16050075868825375,-0.6589039156014528,-1.0223976130812507,-1.0457411022578735,1,1,0.7835224846220642,1,1.0,0.0,0.0,0
0.09899670762642368,0,-1.1076740299399572,-1.3525912985477861,0.350381149281483,-1.0457411022578735,0,1,-0.6107405710366626,0,1.0,0.0,0.0,0
-0.8457428374027671,1,-0.22970686858196498,0.38162715881804715,-1.0223976130812507,0.7168853643458143,1,1,-0.8917582975298471,1,1.0,0.0,0.0,0
0.15148223790582316,1,1.2335717336813552,-0.6589039156014528,0.5382971454569602,-1.0457411022578735,1,0,1.3305294408186361,0,0.0,1.0,0.0,1
-1.6120315794819997,0,-0.1321549617644103,1.0753145417643806,-1.0223976130812507,0.7168853643458143,1,1,-0.03158114685183405,1,1.0,0.0,0.0,0
-0.9717081100733259,0,-0.3272587753995197,1.422158233237547,-1.0223976130812507,0.7168853643458143,1,1,0.10624444042155279,1,0.0,0.0,1.0,0
-1.045187852464485,0,-1.1076740299399572,-1.0057476070746194,-1.0223976130812507,0.7168853643458143,0,1,-1.651952449321877,1,1.0,0.0,0.0,0
0.4978867377498598,0,-0.5223625890346291,-1.6994349900209527,1.0796374450859625,0.7168853643458143,1,1,-0.4321634022139209,0,1.0,0.0,0.0,0
0.5398751619733794,0,0.4531564791409178,-1.6994349900209527,0.8943308899374159,-1.0457411022578735,1,0,1.4189502024951062,0,0.0,1.0,0.0,1
-0.646297822341049,0,0.6482602927760271,1.422158233237547,0.6850163498048629,-1.0457411022578735,0,0,1.5915638225640016,0,0.0,1.0,0.0,1
-0.15293383771469388,1,-1.2052259367575118,-1.3525912985477861,1.20084275925475,0.7168853643458143,0,1,0.3009549231424173,0,1.0,0.0,0.0,0
-0.5098354436146104,0,-0.42481068221707435,-0.31206022412828616,0.40752565269876717,-1.0457411022578735,1,1,1.1989972165771938,0,1.0,0.0,0.0,0
0.8127999194262567,1,0.06294885187069905,0.38162715881804715,-1.0223976130812507,-1.0457411022578735,1,1,-0.07943197639986932,1,0.0,0.0,1.0,0
-2.409811639728872,1,0.16050075868825375,1.0753145417643806,-1.0223976130812507,0.7168853643458143,1,1,-0.2922154487837888,1,0.0,0.0,1.0,0
0.6028577983086588,1,0.5507083859584725,0.7284708502912138,-1.0223976130812507,-1.0457411022578735,0,1,-1.6098701599803016,1,0.0,0.0,1.0,0
-0.016471458988255198,1,-0.03460305494685562,1.422158233237547,-1.0223976130812507,-1.0457411022578735,0,1,-0.16001943210257624,1,0.0,0.0,1.0,0
1.211689949549693,1,0.2580526655058084,1.7690019247107138,0.5244567991114063,-1.0457411022578735,1,1,-0.41444590411100424,0,0.0,0.0,1.0,0
0.26695040452050206,0,-0.5223625890346291,1.0753145417643806,0.18508900680949267,-1.0457411022578735,1,1,-1.161429441283627,0,1.0,0.0,0.0,0
-1.2341357614703234,1,-0.03460305494685562,1.0753145417643806,0.128666609819599,0.7168853643458143,1,1,-1.5552028795263264,0,0.0,0.0,1.0,0
-1.276124185693843,1,0.16050075868825375,0.7284708502912138,0.7777381654752449,-1.0457411022578735,1,0,-1.5889603511372465,0,0.0,1.0,0.0,1
0.5818635861968989,1,-1.4003297503926213,-1.0057476070746194,-1.0223976130812507,-1.0457411022578735,0,1,0.3733424776216917,1,1.0,0.0,0.0,0
-0.8772341555704068,1,0.2580526655058084,0.03478346734488051,-1.0223976130812507,0.7168853643458143,0,1,-1.4787741025432453,1,0.0,0.0,1.0,0
-1.0871762766880049,1,0.8433641064111366,-0.6589039156014528,0.8545982844638415,-1.0457411022578735,0,0,0.7979142542153224,0,0.0,0.0,1.0,1
0.6658404346439382,0,1.8188831745866834,-1.3525912985477861,1.588369235398124,4.242138297553191,0,0,-1.2590175131339107,0,0.0,1.0,0.0,1
1.2431812677173326,1,0.3556045723233631,0.38162715881804715,1.1355492292329323,0.7168853643458143,0,1,1.5289483823476777,0,1.0,0.0,0.0,0
0.9597594042085753,0,-1.2052259367575118,-1.3525912985477861,0.23046090428015556,-1.0457411022578735,0,1,1.4458357047524322,0,1.0,0.0,0.0,0
-1.3601010341408821,0,-1.3027778435750665,0.38162715881804715,-1.0223976130812507,0.7168853643458143,0,1,-0.05126833538044584,1,1.0,0.0,0.0,0
-1.4230836704761616,1,-0.1321549617644103,-1.0057476070746194,-1.0223976130812507,0.7168853643458143,1,1,-0.23146629588440334,1,1.0,0.0,0.0,0
-1.7484939582084382,1,0.06294885187069905,-1.3525912985477861,-1.0223976130812507,2.479511830949502,1,0,1.2378254309056154,1,1.0,0.0,0.0,1
-0.8457428374027671,1,0.5507083859584725,1.422158233237547,0.9029594415997994,-1.0457411022578735,1,0,0.3355928826341093,0,0.0,1.0,0.0,1
-0.4678470193910908,0,0.4531564791409178,-0.31206022412828616,1.2245622560363345,0.7168853643458143,1,1,-0.3918453850417187,0,1.0,0.0,0.0,0
-1.2551299735820831,0,0.8433641064111366,0.38162715881804715,0.6393226212742119,-1.0457411022578735,1,0,-1.4478858937051733,0,0.0,1.0,0.0,1
-1.2551299735820831,1,0.06294885187069905,-1.0057476070746194,-1.0223976130812507,0.7168853643458143,1,1,0.6582057240907007,1,1.0,0.0,0.0,0
0.8023028133703768,1,-0.5223625890346291,-0.6589039156014528,-1.0223976130812507,-1.0457411022578735,1,1,-1.596968713716271,1,1.0,0.0,0.0,0
-0.23691068616173305,0,0.2580526655058084,1.0753145417643806,0.07637019010778097,-1.0457411022578735,1,1,-1.6192501752066915,0,1.0,0.0,0.0,0
1.1487073132144134,1,-0.22970686858196498,0.03478346734488051,0.24013903111114887,-1.0457411022578735,0,1,0.9389208750441678,0,0.0,0.0,1.0,0
-0.8772341555704068,1,-0.7174664026697384,-1.0057476070746194,-1.0223976130812507,0.7168853643458143,1,1,-0.13456665278503652,1,1.0,0.0,0.0,0
-0.14243673165881396,1,-0.8150183094872931,0.03478346734488051,0.4988705855359269,-1.0457411022578735,1,1,1.1433467391142857,0,1.0,0.0,0.0,0
1.0437362526556144,0,-1.0101221231224025,0.38162715881804715,-1.0223976130812507,-1.0457411022578735,1,1,1.1221846683247003,1,1.0,0.0,0.0,0
-0.12144251954705418,1,0.3556045723233631,-0.31206022412828616,0.5609561138606859,-1.0457411022578735,1,1,-1.7182534469867203,0,1.0,0.0,0.0,0
-0.20541936799409335,1,-0.1321549617644103,1.0753145417643806,-1.0223976130812507,-1.0457411022578735,1,1,1.4981089256464524,1,0.0,0.0,1.0,0
-1.5385518370908404,1,0.5507083859584725,0.38162715881804715,-1.0223976130812507,0.7168853643458143,1,1,1.3151747731488688,1,1.0,0.0,0.0,0
2.030464221908325,1,-1.8880892844803947,1.0753145417643806,-1.0223976130812507,-1.0457411022578735,1,1,-0.5403284323229977,1,1.0,0.0,0.0,0
-2.4727942760641515,1,-0.42481068221707435,-1.0057476070746194,-1.0223976130812507,0.7168853643458143,1,1,-0.05375538834022218,1,1.0,0.0,0.0,0
-0.43635570122345113,1,-0.6199144958521837,0.7284708502912138,0.46272612255098833,-1.0457411022578735,1,1,-1.6821756512541366,0,1.0,0.0,0.0,0
-1.1606560190791642,0,-0.8150183094872931,0.03478346734488051,-1.0223976130812507,0.7168853643458143,0,1,1.7146435366451833,1,1.0,0.0,0.0,0
1.1697015253261733,0,0.8433641064111366,0.03478346734488051,0.661700349922813,-1.0457411022578735,1,0,-0.8948277737045497,0,0.0,1.0,0.0,1
-0.49933833755873047,0,3.1846098700324488,0.38162715881804715,0.8028757807013416,-1.0457411022578735,1,0,0.14824484005283772,0,0.0,1.0,0.0,1
-1.4545749886438013,1,0.16050075868825375,-0.31206022412828616,-1.0223976130812507,0.7168853643458143,0,1,1.6430505899479648,1,1.0,0.0,0.0,0
2.030464221908325,1,-0.42481068221707435,0.38162715881804715,-1.0223976130812507,-1.0457411022578735,0,1,-0.8139923934340354,1,1.0,0.0,0.0,0
-1.0136965342968456,1,0.8433641064111366,-1.3525912985477861,-1.0223976130812507,-1.0457411022578735,0,0,0.5060688689731545,1,0.0,0.0,1.0,1
-0.6672920344528088,1,0.4531564791409178,1.422158233237547,-1.0223976130812507,0.7168853643458143,1,1,-0.40521839112051555,1,1.0,0.0,0.0,0
0.08849960157054378,1,-1.3027778435750665,0.7284708502912138,0.4421229748773065,-1.0457411022578735,0,1,0.2176142729214902,0,1.0,0.0,0.0,0
0.025516965235264394,1,0.06294885187069905,1.0753145417643806,-0.18308653119991325,0.7168853643458143,1,1,0.14314651160665812,0,0.0,1.0,0.0,0
-1.171153125135044,0,0.5507083859584725,-1.3525912985477861,-1.0223976130812507,0.7168853643458143,1,1,-0.2966544956640703,1,0.0,0.0,1.0,0
-0.28939621644113256,1,-0.3272587753995197,-0.31206022412828616,1.7898195323666137,0.7168853643458143,0,1,1.0185298181069629,0,0.0,0.0,1.0,0
-0.037465671100014995,1,0.2580526655058084,-1.3525912985477861,0.662207741233605,-1.0457411022578735,1,0,-1.4675484459226382,0,0.0,1.0,0.0,1
0.5188809498616196,1,-0.6199144958521837,0.38162715881804715,0.49955838264611163,-1.0457411022578735,1,1,0.8195239424891225,0,1.0,0.0,0.0,0
-0.7512688828998481,1,-0.22970686858196498,1.7690019247107138,-1.0223976130812507,0.7168853643458143,1,1,1.3984574759900568,1,0.0,0.0,1.0,0
-0.8352457313468872,1,1.2335717336813552,-1.0057476070746194,0.7311950799979886,-1.0457411022578735,0,0,0.7128403874566787,0,0.0,0.0,1.0,1
-0.8877312616262867,0,-0.03460305494685562,0.7284708502912138,-1.0223976130812507,0.7168853643458143,1,1,0.5796301181348764,1,1.0,0.0,0.0,0
-0.21591647404997324,0,-0.9125702163048478,0.38162715881804715,1.5157906936895793,0.7168853643458143,1,1,0.024094660902816166,0,0.0,0.0,1.0,0
0.5083838438057396,1,0.2580526655058084,-0.31206022412828616,0.14142339383255026,0.7168853643458143,1,1,0.7425774559816628,0,0.0,1.0,0.0,0
0.4349041014145804,0,-1.1076740299399572,-1.3525912985477861,0.5065529732111381,-1.0457411022578735,1,1,-1.0301050642305913,0,1.0,0.0,0.0,0
0.07800249551466389,1,0.4531564791409178,1.422158233237547,2.0223775879082466,0.7168853643458143,1,1,-0.7566774035123836,0,1.0,0.0,0.0,0
0.025516965235264394,1,-0.7174664026697384,0.7284708502912138,1.387644749618977,0.7168853643458143,1,1,0.08362292843924748,0,0.0,0.0,1.0,0
-1.1921473372468037,1,0.3556045723233631,-0.31206022412828616,0.42469384173669045,2.479511830949502,1,0,-0.23821005232294573,0,1.0,0.0,0.0,1
0.4349041014145804,0,2.501746522309566,-1.3525912985477861,1.7056349379226727,-1.0457411022578735,1,0,-0.25943232592920634,0,0.0,1.0,0.0,1
1.9989729037406851,0,0.2580526655058084,-0.6589039156014528,0.6132307882306129,4.242138297553191,1,0,-1.4519538344619138,0,0.0,1.0,0.0,1
-0.6777891405086888,1,-1.1076740299399572,-0.6589039156014528,-1.0223976130812507,0.7168853643458143,1,1,-1.3891402627855227,1,1.0,0.0,0.0,0
-0.8037544131792476,1,1.1360198268638007,-1.6994349900209527,1.001487424631708,-1.0457411022578735,1,0,-0.7316729356596545,0,1.0,0.0,0.0,1
-1.3496039280850023,0,0.7458121995935818,1.422158233237547,1.161086958749825,-1.0457411022578735,1,0,0.5800362702784995,0,0.0,1.0,0.0,1
-1.7589910642643183,1,-0.03460305494685562,1.0753145417643806,-1.0223976130812507,0.7168853643458143,0,1,1.6877118846782448,1,1.0,0.0,0.0,0
-0.7617659889557279,0,-0.03460305494685562,-0.6589039156014528,-1.0223976130812507,0.7168853643458143,1,1,-1.6514692653321335,1,0.0,0.0,1.0,0
-0.5098354436146104,0,0.2580526655058084,-1.3525912985477861,0.32755095644494053,-1.0457411022578735,0,1,0.22257640767576706,0,0.0,0.0,1.0,0
1.705053934176048,1,-0.03460305494685562,1.422158233237547,0.9481211340988485,0.7168853643458143,1,1,1.4190832732743286,0,1.0,0.0,0.0,0
0.8757825557615361,1,-0.22970686858196498,0.7284708502912138,-1.0223976130812507,-1.0457411022578735,1,1,-1.5013612624860644,1,1.0,0.0,0.0,0
-1.5490489431467203,1,-0.3272587753995197,1.0753145417643806,-1.0223976130812507,0.7168853643458143,0,1,-0.5600827634742417,1,1.0,0.0,0.0,0
-1.4965634128673209,0,0.2580526655058084,0.7284708502912138,-1.0223976130812507,0.7168853643458143,1,1,-1.6648067049054014,1,1.0,0.0,0.0,0
-0.14243673165881396,0,1.2335717336813552,-1.0057476070746194,0.6726039475768238,-1.0457411022578735,1,0,-1.1233092606579504,0,1.0,0.0,0.0,1
-0.6253036102292893,1,0.5507083859584725,1.0753145417643806,0.23606379296415256,0.7168853643458143,0,1,0.1637695329685472,0,1.0,0.0,0.0,0
1.9359902674054057,0,-0.7174664026697384,-0.6589039156014528,1.5983453539513284,0.7168853643458143,1,1,0.46984134692705215,0,1.0,0.0,0.0,0
-0.8562399434586471,1,0.16050075868825375,0.03478346734488051,-1.0223976130812507,0.7168853643458143,1,1,0.3951348562873055,1,1.0,0.0,0.0,0
-0.49933833755873047,1,-0.6199144958521837,-0.31206022412828616,0.586486433853675,-1.0457411022578735,1,1,0.3622793859556234,0,0.0,0.0,1.0,0
0.9807536163203351,0,-1.2052259367575118,-1.3525912985477861,1.4180767918274304,0.7168853643458143,1,1,-1.3843505822092728,0,1.0,0.0,0.0,0
-0.8037544131792476,1,-0.7174664026697384,-1.0057476070746194,-1.0223976130812507,0.7168853643458143,0,1,-0.6193667498409929,1,1.0,0.0,0.0,0
-0.6777891405086888,0,-1.1076740299399572,-0.31206022412828616,-1.0223976130812507,0.7168853643458143,1,1,1.4548546765739185,1,1.0,0.0,0.0,0
-1.8324708066554776,1,0.6482602927760271,0.7284708502912138,1.4960908636257138,-1.0457411022578735,1,0,-0.4696454676818678,0,0.0,1.0,0.0,1
-1.7065055339849187,1,-0.03460305494685562,0.7284708502912138,-1.0223976130812507,0.7168853643458143,1,1,-1.6223522684693912,1,0.0,0.0,1.0,0
-1.968933185381916,0,1.33112364049891,1.0753145417643806,1.224512322288288,2.479511830949502,0,0,0.8740635305134924,0,0.0,1.0,0.0,1
0.23545908635286236,1,0.06294885187069905,-1.6994349900209527,0.37644978729373124,-1.0457411022578735,0,1,1.043000267891314,0,1.0,0.0,0.0,0
-0.9297196858498064,1,0.06294885187069905,0.03478346734488051,-1.0223976130812507,0.7168853643458143,1,1,0.5179924965778688,1,0.0,0.0,1.0,0
0.4349041014145804,1,0.2580526655058084,-0.6589039156014528,0.43704165224548247,-1.0457411022578735,1,1,-1.480895774719395,0,1.0,0.0,0.0,0
-0.10044830743529438,0,-1.5954335640277306,-0.6589039156014528,0.5557636483703077,0.7168853643458143,0,1,-0.6528728269811273,0,0.0,1.0,0.0,0
1.4321291767231707,1,1.5262274541340193,-1.0057476070746194,1.0549450456005103,-1.0457411022578735,0,0,-1.4067023092350064,0,0.0,1.0,0.0,1
-0.21591647404997324,1,-0.22970686858196498,0.03478346734488051,0.871203671838302,0.7168853643458143,1,1,0.20575986988119496,0,1.0,0.0,0.0,0
2.030464221908325,1,-0.5223625890346291,1.0753145417643806,0.15441808799345078,-1.0457411022578735,1,1,1.5019022235824517,0,1.0,0.0,0.0,0
-1.0031994282409655,0,-0.7174664026697384,-1.3525912985477861,0.2900589265691811,0.7168853643458143,1,1,-0.5981940958473234,0,1.0,0.0,0.0,0
-1.0241936403527254,0,-0.42481068221707435,0.03478346734488051,0.08902549585857379,0.7168853643458143,1,1,-0.5696598691898055,0,1.0,0.0,0.0,0
1.1697015253261733,0,0.5507083859584725,0.38162715881804715,-0.046218611035099194,-1.0457411022578735,1,1,1.3590284479609231,0,0.0,0.0,1.0,0
-1.0241936403527254,1,1.0384679200462459,-1.0057476070746194,1.3465524965090865,-1.0457411022578735,1,0,0.36134216516115447,0,1.0,0.0,0.0,1
-1.3601010341408821,1,0.8433641064111366,-1.3525912985477861,-1.0223976130812507,-1.0457411022578735,1,0,-1.3602271227227622,1,1.0,0.0,0.0,1
0.28794461663226184,1,-0.42481068221707435,1.422158233237547,0.5984840638197174,0.7168853643458143,1,1,1.5710015245042346,0,0.0,0.0,1.0,0
-0.5308296557263702,1,2.599298429127121,1.7690019247107138,1.0121068831516755,2.479511830949502,0,0,-1.5935864257880645,0,0.0,1.0,0.0,1
-1.171153125135044,1,-1.2052259367575118,0.7284708502912138,-1.0223976130812507,0.7168853643458143,0,1,0.9869205634299769,1,1.0,0.0,0.0,0
-1.2026444433026837,0,-1.2052259367575118,-1.0057476070746194,-1.0223976130812507,0.7168853643458143,1,1,-0.7780228586743779,1,0.0,0.0,1.0,0
-0.24740779221761294,1,-0.9125702163048478,0.7284708502912138,-1.0223976130812507,-1.0457411022578735,1,1,0.529353132424336,1,1.0,0.0,0.0,0
-2.325834791281833,1,1.5262274541340193,-0.6589039156014528,-1.0223976130812507,-1.0457411022578735,1,0,0.9923376024647232,1,1.0,0.0,0.0,1
0.17247645001758297,0,-0.6199144958521837,-1.6994349900209527,-1.0223976130812507,-1.0457411022578735,1,1,-0.4656658359559279,1,0.0,0.0,1.0,0
-0.29989332249701245,1,-0.03460305494685562,1.7690019247107138,0.8062380937875233,-1.0457411022578735,1,0,-0.9311333685676662,0,0.0,1.0,0.0,1
0.11999091973818347,1,-0.03460305494685562,1.7690019247107138,0.378613851503411,-1.0457411022578735,0,1,-1.086406842482547,0,1.0,0.0,0.0,0
-0.5308296557263702,1,-0.22970686858196498,-1.6994349900209527,0.49419598133576953,-1.0457411022578735,0,1,0.35435794444620844,0,0.0,0.0,1.0,0
-0.6358007162851692,1,-0.9125702163048478,-1.0057476070746194,-1.0223976130812507,0.7168853643458143,1,1,-1.702376385423553,1,0.0,0.0,1.0,0
0.9597594042085753,1,-0.6199144958521837,0.03478346734488051,1.470067649216527,0.7168853643458143,1,1,1.2652050473470668,0,1.0,0.0,0.0,0
-1.0871762766880049,0,-0.7174664026697384,-0.31206022412828616,-1.0223976130812507,0.7168853643458143,1,1,-0.1843595870300886,1,1.0,0.0,0.0,0
-1.1921473372468037,1,0.4531564791409178,1.422158233237547,-1.0223976130812507,0.7168853643458143,1,1,-0.3618335002008442,1,1.0,0.0,0.0,0
-1.2026444433026837,0,-0.7174664026697384,-0.6589039156014528,-1.0223976130812507,0.7168853643458143,1,1,0.26898653350716584,1,1.0,0.0,0.0,0
-1.0241936403527254,1,1.1360198268638007,0.03478346734488051,1.5983566293137905,-1.0457411022578735,0,0,0.8819606827020584,0,1.0,0.0,0.0,1
0.8127999194262567,1,-0.1321549617644103,-0.6589039156014528,0.27246195160448694,-1.0457411022578735,0,1,-0.3893402885864547,0,1.0,0.0,0.0,0
0.3194359347999015,0,-0.22970686858196498,-0.31206022412828616,0.5425898370228673,-1.0457411022578735,0,1,-0.6337527940943368,0,1.0,0.0,0.0,0
0.5188809498616196,0,0.3556045723233631,1.0753145417643806,0.5140609149214007,-1.0457411022578735,1,1,-0.416064960840731,0,0.0,0.0,1.0,0
-0.6148065041734093,1,2.1115388950393474,-0.31206022412828616,-1.0223976130812507,-1.0457411022578735,1,0,1.7004871999690105,1,1.0,0.0,0.0,1
0.6028577983086588,1,-0.1321549617644103,1.422158233237547,1.3690573146002953,0.7168853643458143,0,1,0.8946685083798936,0,1.0,0.0,0.0,0
-1.3286097159732424,0,0.2580526655058084,-0.31206022412828616,-1.0223976130812507,0.7168853643458143,0,1,0.8309220532877566,1,0.0,0.0,1.0,0
0.6238520104204186,0,0.5507083859584725,-1.3525912985477861,-1.0223976130812507,-1.0457411022578735,1,1,0.9090254054482191,1,1.0,0.0,0.0,0
-0.6358007162851692,1,0.2580526655058084,0.03478346734488051,-1.0223976130812507,0.7168853643458143,0,1,0.7172331111321983,1,0.0,0.0,1.0,0
0.6343491164762984,1,-0.3272587753995197,0.7284708502912138,-0.08059284211349657,0.7168853643458143,1,1,1.2621039950552608,0,0.0,1.0,0.0,0
0.8442912375938965,0,-0.6199144958521837,0.7284708502912138,1.0482640711885354,0.7168853643458143,0,1,1.5560623777161318,0,1.0,0.0,0.0,0
-0.9402167919056862,0,-1.2052259367575118,-1.0057476070746194,-1.0223976130812507,0.7168853643458143,1,1,-0.3654165220163517,1,1.0,0.0,0.0,0
1.1801986313820532,0,0.06294885187069905,1.0753145417643806,-1.0223976130812507,-1.0457411022578735,0,1,-1.3653653550531937,1,1.0,0.0,0.0,0
1.211689949549693,0,-0.3272587753995197,1.422158233237547,-1.0223976130812507,-1.0457411022578735,0,1,-1.2884669267019846,1,1.0,0.0,0.0,0
-0.11094541349117427,0,0.3556045723233631,-0.6589039156014528,0.5857343671774565,-1.0457411022578735,0,1,-1.332513007634192,0,0.0,0.0,1.0,0
-1.7274997460966786,0,-0.7174664026697384,0.7284708502912138,-1.0223976130812507,0.7168853643458143,1,1,-0.8718160711323222,1,1.0,0.0,0.0,0
-1.066182064576245,0,-1.2052259367575118,1.422158233237547,-1.0223976130812507,0.7168853643458143,0,1,1.0271679680765684,1,0.0,0.0,1.0,0
-0.36287595883229185,1,0.2580526655058084,-1.0057476070746194,1.024677623684003,-1.0457411022578735,1,0,0.04665805201023299,0,1.0,0.0,0.0,1
-0.6253036102292893,0,-0.9125702163048478,0.03478346734488051,-1.0223976130812507,0.7168853643458143,1,1,1.303156070202546,1,1.0,0.0,0.0,0
0.9072738739291758,1,-0.3272587753995197,0.38162715881804715,0.2563626669279658,-1.0457411022578735,1,1,1.6247314106685922,0,0.0,0.0,1.0,0
0.4349041014145804,1,-0.9125702163048478,0.03478346734488051,0.5105289881684684,-1.0457411022578735,1,1,0.9196911932232597,0,1.0,0.0,0.0,0
-2.409811639728872,1,-0.1321549617644103,0.03478346734488051,-1.0223976130812507,0.7168853643458143,1,1,0.3777247915882763,1,1.0,0.0,0.0,0
-0.6358007162851692,1,0.3556045723233631,0.7284708502912138,-1.0223976130812507,0.7168853643458143,1,1,0.37916948569333764,1,1.0,0.0,0.0,0
0.057008283402904085,1,2.013986988221793,-1.0057476070746194,0.6619548509612421,-1.0457411022578735,1,0,-1.5901553857230115,0,0.0,1.0,0.0,1
1.0332391465997346,0,-0.5223625890346291,0.38162715881804715,0.43631696859238633,0.7168853643458143,1,1,-0.9907600078535356,0,0.0,1.0,0.0,0
1.2431812677173326,0,-0.6199144958521837,-1.0057476070746194,0.7284883487006715,0.7168853643458143,1,1,1.0644989192698056,0,1.0,0.0,0.0,0
0.3824185711351809,0,0.4531564791409178,-1.3525912985477861,0.9415759472662378,-1.0457411022578735,1,0,-0.20331306457391518,0,0.0,1.0,0.0,1
-0.8247486252910073,1,-0.6199144958521837,-0.31206022412828616,-1.0223976130812507,0.7168853643458143,1,1,0.7305740206084446,1,1.0,0.0,0.0,0
1.0122449344879747,0,0.7458121995935818,-0.6589039156014528,0.7738119231893542,2.479511830949502,1,0,1.0385964405262635,0,0.0,1.0,0.0,1
-0.21591647404997324,1,-0.42481068221707435,-1.0057476070746194,-0.3763916674024282,0.7168853643458143,0,1,-0.801572743198557,0,0.0,1.0,0.0,0
-0.29989332249701245,0,-0.5223625890346291,-0.6589039156014528,-1.0223976130812507,-1.0457411022578735,1,1,1.5350788334347858,1,0.0,0.0,1.0,0
0.06750538945878398,1,-1.1076740299399572,1.0753145417643806,-1.0223976130812507,-1.0457411022578735,1,1,1.5318646623058834,1,0.0,0.0,1.0,0
0.20396776818522266,0,0.9409160132286912,-1.0057476070746194,0.9820780156895437,-1.0457411022578735,1,0,-1.4685510743882502,0,0.0,1.0,0.0,1
0.25645329846462217,1,-0.1321549617644103,1.0753145417643806,0.15635036296623198,0.7168853643458143,1,1,-1.291169634131869,0,0.0,1.0,0.0,0
-1.8744592308789971,0,-0.03460305494685562,-0.31206022412828616,1.7467326676371875,-1.0457411022578735,1,0,-0.8309158042403425,0,1.0,0.0,0.0,1
2.030464221908325,1,0.4531564791409178,-1.6994349900209527,0.7254256381027668,2.479511830949502,1,0,1.4631052383808356,0,0.0,1.0,0.0,1
-0.2684020043293727,0,-0.9125702163048478,-1.0057476070746194,0.537847097418118,0.7168853643458143,1,1,-1.1815064734118632,0,0.0,1.0,0.0,0
0.15148223790582316,1,-0.8150183094872931,-1.0057476070746194,-1.0223976130812507,-1.0457411022578735,0,1,0.04067160189672899,1,1.0,0.0,0.0,0
2.030464221908325,1,-0.6199144958521837,-0.31206022412828616,1.4904245107587162,0.7168853643458143,1,1,0.9015449886073601,0,1.0,0.0,0.0,0
-0.7827602010674878,1,0.06294885187069905,0.03478346734488051,-1.0223976130812507,0.7168853643458143,1,1,0.5235965633831519,1,1.0,0.0,0.0,0
0.6343491164762984,0,-1.0101221231224025,-1.3525912985477861,0.43594423732471244,-1.0457411022578735,0,1,-0.43222187007910706,0,1.0,0.0,0.0,0
0.025516965235264394,1,-0.6199144958521837,-0.6589039156014528,0.7106917998203991,0.7168853643458143,1,1,0.046899730752679204,0,0.0,0.0,1.0,0
1.1067188889908939,1,0.06294885187069905,-1.0057476070746194,0.2867223857400553,-1.0457411022578735,1,1,-1.4052055665852687,0,0.0,0.0,1.0,0
-0.23691068616173305,1,-0.1321549617644103,-1.3525912985477861,0.4224086479188469,0.7168853643458143,1,1,1.6215944448809594,0,0.0,1.0,0.0,0
0.7078288588674577,1,-0.22970686858196498,0.38162715881804715,0.5016304721134223,0.7168853643458143,1,1,-1.5456058218686368,0,0.0,1.0,0.0,0
-0.5833151860057697,1,-0.03460305494685562,-0.31206022412828616,-0.055715526683666666,-1.0457411022578735,1,1,-1.0703533363529276,0,1.0,0.0,0.0,0
-0.8562399434586471,1,-0.8150183094872931,-1.0057476070746194,-1.0223976130812507,0.7168853643458143,1,1,-0.303456025987203,1,0.0,0.0,1.0,0
-1.9479389732701564,1,-1.2052259367575118,1.0753145417643806,-1.0223976130812507,0.7168853643458143,1,1,1.3869594319856442,1,0.0,0.0,1.0,0
0.5293780559174995,1,0.3556045723233631,-1.0057476070746194,-0.7502813980309919,-1.0457411022578735,1,1,-0.3853509411321753,0,1.0,0.0,0.0,0
0.23545908635286236,0,-1.4003297503926213,0.38162715881804715,0.8291580062939422,0.7168853643458143,0,1,0.6255305152187468,0,1.0,0.0,0.0,0
-0.08995120137941448,1,1.0384679200462459,0.03478346734488051,-1.0223976130812507,-1.0457411022578735,1,0,0.8715150602709981,1,0.0,0.0,1.0,1
-0.32088753460877223,1,-0.42481068221707435,0.7284708502912138,0.798004824117738,0.7168853643458143,1,1,-0.7471972815850663,0,1.0,0.0,0.0,0
-1.5280547310349606,1,0.9409160132286912,0.38162715881804715,1.3893392755204155,-1.0457411022578735,0,0,-0.19788405437389303,0,0.0,1.0,0.0,1
0.3089388287440216,0,0.4531564791409178,-1.6994349900209527,-1.0223976130812507,-1.0457411022578735,1,1,1.2206995512605177,1,1.0,0.0,0.0,0
-0.4888412315028506,1,1.0384679200462459,0.38162715881804715,0.8119803137362298,-1.0457411022578735,1,0,1.6672918526405927,0,0.0,1.0,0.0,1
-0.961211004017446,0,0.8433641064111366,1.7690019247107138,1.2287465430459992,-1.0457411022578735,1,0,1.1474254365702592,0,0.0,1.0,0.0,1
-1.7274997460966786,1,0.06294885187069905,0.7284708502912138,-1.0223976130812507,0.7168853643458143,0,1,-0.49255931899010413,1,1.0,0.0,0.0,0
-0.4573499133352109,0,-0.9125702163048478,0.38162715881804715,1.9689444505836478,0.7168853643458143,1,1,-0.38986823432461987,0,1.0,0.0,0.0,0
-2.1683782004436343,1,-1.3027778435750665,1.422158233237547,0.17339001287208777,0.7168853643458143,0,1,1.6612115416515227,0,0.0,0.0,1.0,0
1.600082873617249,1,-0.5223625890346291,1.422158233237547,-1.0223976130812507,-1.0457411022578735,1,1,0.4221490919451303,1,0.0,0.0,1.0,0
0.3194359347999015,0,-0.9125702163048478,0.7284708502912138,0.48555438246825167,-1.0457411022578735,0,1,0.23139586007599477,0,0.0,0.0,1.0,0
-0.5833151860057697,1,0.5507083859584725,-1.3525912985477861,0.5961996753849069,0.7168853643458143,1,1,-0.6425406703774611,0,1.0,0.0,0.0,0
-0.31039042855289234,1,0.4531564791409178,1.0753145417643806,0.12511696463994065,-1.0457411022578735,0,1,0.48614295111962813,0,1.0,0.0,0.0,0
-0.07945409532353459,0,1.0384679200462459,-1.0057476070746194,-1.0223976130812507,-1.0457411022578735,1,0,-0.2576361306524318,1,0.0,0.0,1.0,1
-0.7617659889557279,0,-0.8150183094872931,0.03478346734488051,-1.0223976130812507,0.7168853643458143,1,1,1.4831748102176683,1,0.0,0.0,1.0,0
-2.483291382120031,0,1.623779360951574,-0.31206022412828616,0.45778880240546554,-1.0457411022578735,1,0,0.7834463202516878,0,0.0,0.0,1.0,1
0.18297355607346286,0,-0.6199144958521837,0.7284708502912138,0.3589620222683123,-1.0457411022578735,1,1,-0.07343372861623886,0,1.0,0.0,0.0,0
-0.4258585951675712,1,-0.9125702163048478,1.422158233237547,-1.0223976130812507,-1.0457411022578735,1,1,1.1671162684969985,1,1.0,0.0,0.0,0
1.2431812677173326,1,-1.1076740299399572,-0.31206022412828616,-1.0223976130812507,-1.0457411022578735,1,1,-1.02199659495064,1,0.0,0.0,1.0,0
0.03601407129114429,1,-0.42481068221707435,1.0753145417643806,0.6928533710224107,0.7168853643458143,0,1,1.4321859739111071,0,1.0,0.0,0.0,0
0.3614243590234211,0,0.5507083859584725,0.38162715881804715,1.1370936317370193,0.7168853643458143,1,1,1.6978027095297625,0,1.0,0.0,0.0,0
-1.1606560190791642,0,-1.1076740299399572,1.0753145417643806,-1.0223976130812507,0.7168853643458143,1,1,-1.4722019328069855,1,1.0,0.0,0.0,0
-0.961211004017446,1,-0.03460305494685562,0.03478346734488051,-1.0223976130812507,0.7168853643458143,0,1,-0.33108582243339785,1,1.0,0.0,0.0,0
1.0332391465997346,1,-0.8150183094872931,-0.31206022412828616,0.9623506415259495,0.7168853643458143,0,1,0.7715240806081648,0,1.0,0.0,0.0,0
0.08849960157054378,0,-0.42481068221707435,0.03478346734488051,0.06997109975735709,-1.0457411022578735,1,1,-1.2157157263905727,0,1.0,0.0,0.0,0
-2.000424503549556,1,-0.9125702163048478,0.38162715881804715,-1.0223976130812507,0.7168853643458143,1,1,-1.681451482502542,1,1.0,0.0,0.0,0
1.726048146287808,0,-1.0101221231224025,1.0753145417643806,-1.0223976130812507,-1.0457411022578735,1,1,-1.0923164342450793,1,1.0,0.0,0.0,0
0.896776767873296,0,-0.3272587753995197,-1.0057476070746194,0.25213988260932324,-1.0457411022578735,1,1,0.4733627779646928,0,1.0,0.0,0.0,0
0.40341278324694074,1,-1.0101221231224025,-1.6994349900209527,0.524273816086308,-1.0457411022578735,1,1,-0.7238411911422316,0,0.0,0.0,1.0,0
-0.5203325496704903,0,-0.22970686858196498,-0.31206022412828616,0.5604426016388432,-1.0457411022578735,1,1,-0.9246814309696084,0,0.0,0.0,1.0,0
-0.7617659889557279,0,0.5507083859584725,0.03478346734488051,0.5186504706732729,0.7168853643458143,1,1,0.11886621250552358,0,1.0,0.0,0.0,0
-0.8142515192351274,0,-0.9125702163048478,1.7690019247107138,0.15659487725505186,0.7168853643458143,1,1,0.5117322711193683,0,1.0,0.0,0.0,0
0.7183259649233377,1,0.5507083859584725,0.03478346734488051,-1.0223976130812507,-1.0457411022578735,1,1,0.3060893385795724,1,1.0,0.0,0.0,0
-1.5490489431467203,0,0.7458121995935818,-1.3525912985477861,-1.0223976130812507,-1.0457411022578735,1,0,-0.4939236848412154,1,1.0,0.0,0.0,1
-0.19492226193821346,0,0.2580526655058084,1.422158233237547,1.3023580690326741,-1.0457411022578735,1,0,-0.44646825073756996,0,0.0,1.0,0.0,1
0.3089388287440216,0,0.8433641064111366,0.03478346734488051,1.7309805030478909,-1.0457411022578735,1,0,1.274602585583498,0,0.0,1.0,0.0,1
0.10949381368230357,1,-0.7174664026697384,-0.6589039156014528,0.5805386801549463,-1.0457411022578735,1,1,1.560478696731905,0,1.0,0.0,0.0,0
-0.4783441254469707,1,-0.03460305494685562,0.7284708502912138,-1.0223976130812507,-1.0457411022578735,1,1,-0.6334587198169165,1,1.0,0.0,0.0,0
-1.5070605189232007,0,0.6482602927760271,-1.6994349900209527,1.629720982921248,2.479511830949502,1,0,-0.8639727024399216,0,1.0,0.0,0.0,1
-0.4678470193910908,0,-0.3272587753995197,-0.6589039156014528,-1.0223976130812507,-1.0457411022578735,1,1,-0.8953198059468884,1,1.0,0.0,0.0,0
-1.3286097159732424,1,-0.1321549617644103,-0.31206022412828616,-1.0223976130812507,0.7168853643458143,1,1,1.129987092161956,1,0.0,0.0,1.0,0
1.096221782935014,1,2.306642708674457,0.03478346734488051,0.5699145504133873,-1.0457411022578735,0,0,-0.2219460965776855,0,0.0,1.0,0.0,1
-2.2313608367789137,1,-0.22970686858196498,0.7284708502912138,-1.0223976130812507,0.7168853643458143,0,1,0.6771559052266974,1,1.0,0.0,0.0,0
-0.36287595883229185,1,0.3556045723233631,1.422158233237547,0.842326018883545,-1.0457411022578735,0,0,-0.4781137659006802,0,0.0,1.0,0.0,1
-3.218088806031624,0,2.1115388950393474,-0.6589039156014528,-1.0223976130812507,-1.0457411022578735,0,0,0.24432523905900164,1,1.0,0.0,0.0,1
0.6028577983086588,1,-1.3027778435750665,-1.0057476070746194,-1.0223976130812507,-1.0457411022578735,1,1,0.5771458410974829,1,0.0,0.0,1.0,0
-1.1921473372468037,1,-0.22970686858196498,-0.31206022412828616,-1.0223976130812507,0.7168853643458143,1,1,0.7199509126400389,1,1.0,0.0,0.0,0
-0.9822052161292057,1,-0.5223625890346291,1.0753145417643806,-1.0223976130812507,0.7168853643458143,0,1,-0.5360750252520612,1,1.0,0.0,0.0,0
0.06750538945878398,1,-0.42481068221707435,1.7690019247107138,-1.0223976130812507,-1.0457411022578735,1,1,0.24931461255165915,1,1.0,0.0,0.0,0
0.22496198029698244,0,0.5507083859584725,-1.0057476070746194,0.5563001945468944,0.7168853643458143,0,1,-1.1854706640695492,0,0.0,1.0,0.0,0
-2.294343473114193,0,1.5262274541340193,-1.0057476070746194,-1.0223976130812507,-1.0457411022578735,0,0,1.5970134786867456,1,0.0,0.0,1.0,1
-1.0241936403527254,0,0.4531564791409178,-1.3525912985477861,-1.0223976130812507,0.7168853643458143,1,1,1.6817276900016767,1,1.0,0.0,0.0,0
-0.28939621644113256,1,0.5507083859584725,0.03478346734488051,-1.0223976130812507,4.242138297553191,0,0,0.3098446410779579,1,1.0,0.0,0.0,1
-2.283846367058313,1,1.33112364049891,-0.6589039156014528,0.5270987776128702,4.242138297553191,1,0,1.7203936863658573,0,0.0,0.0,1.0,1
-0.016471458988255198,0,-0.6199144958521837,-1.0057476070746194,-1.0223976130812507,-1.0457411022578735,1,1,-0.4973429272361418,1,1.0,0.0,0.0,0
0.16197934396170308,0,-0.42481068221707435,-1.3525912985477861,1.2673345381530696,0.7168853643458143,1,1,1.1978058253895563,0,1.0,0.0,0.0,0
0.17247645001758297,1,-0.1321549617644103,-1.0057476070746194,-1.0223976130812507,-1.0457411022578735,1,1,-1.4936126221449741,1,1.0,0.0,0.0,0
0.20396776818522266,1,-0.7174664026697384,-0.6589039156014528,0.2499489186063412,-1.0457411022578735,1,1,0.4348400885935204,0,1.0,0.0,0.0,0
-1.3601010341408821,0,-0.6199144958521837,0.7284708502912138,-1.0223976130812507,0.7168853643458143,1,1,-0.9648734906636944,1,1.0,0.0,0.0,0
-1.4335807765320414,1,-0.42481068221707435,-0.6589039156014528,-1.0223976130812507,0.7168853643458143,1,1,0.08658015325259864,1,1.0,0.0,0.0,0
-1.5175576249790805,1,0.4531564791409178,-1.3525912985477861,-1.0223976130812507,0.7168853643458143,1,1,-0.819630118298209,1,1.0,0.0,0.0,0
-0.5308296557263702,0,-1.4978816572101759,1.7690019247107138,0.11186825267043086,-1.0457411022578735,0,1,-0.15298056041572033,0,0.0,0.0,1.0,0
-2.2313608367789137,1,0.4531564791409178,-0.6589039156014528,-1.0223976130812507,0.7168853643458143,1,1,1.0308665376612567,1,1.0,0.0,0.0,0
-0.05845988321177479,1,-0.42481068221707435,-0.31206022412828616,0.4524679588596264,-1.0457411022578735,1,1,0.42056161133250713,0,1.0,0.0,0.0,0
-0.31039042855289234,0,-1.6929854708452852,0.7284708502912138,0.5721483607937252,-1.0457411022578735,1,1,1.2048028847455228,0,1.0,0.0,0.0,0
0.9387651920968155,0,-0.42481068221707435,-0.31206022412828616,-1.0223976130812507,-1.0457411022578735,0,1,-0.5993738628599832,1,1.0,0.0,0.0,0
-0.6148065041734093,0,0.7458121995935818,0.7284708502912138,1.1000933687412116,-1.0457411022578735,0,0,1.479334495096312,0,0.0,1.0,0.0,1
1.0122449344879747,1,0.5507083859584725,-0.6589039156014528,1.201691310818322,-1.0457411022578735,1,0,-1.4606646788989173,0,0.0,1.0,0.0,1
0.6133549043645387,1,-1.6929854708452852,0.38162715881804715,0.20930945183760527,-1.0457411022578735,1,1,1.280361410061618,0,1.0,0.0,0.0,0
-0.8142515192351274,1,-1.0101221231224025,-0.31206022412828616,-1.0223976130812507,0.7168853643458143,1,1,1.3395921334176506,1,1.0,0.0,0.0,0
-0.18442515588233357,0,-0.3272587753995197,-1.3525912985477861,0.6369349827345704,0.7168853643458143,1,1,0.6832327463127892,0,1.0,0.0,0.0,0
0.7393201770350974,1,1.9164350814042381,0.03478346734488051,0.6997276373623064,-1.0457411022578735,1,0,-1.2809599651033408,0,0.0,1.0,0.0,1
-0.14243673165881396,1,-0.42481068221707435,-0.6589039156014528,0.3166658826006887,-1.0457411022578735,1,1,-1.3593818543572211,0,0.0,0.0,1.0,0
0.886279661817416,1,0.06294885187069905,0.03478346734488051,-1.0223976130812507,-1.0457411022578735,0,1,-1.0324097737888522,1,1.0,0.0,0.0,0
-0.25790489827349283,1,-0.8150183094872931,-1.0057476070746194,0.14619706014576697,0.7168853643458143,0,1,1.4402732767828899,0,0.0,1.0,0.0,0
-0.4678470193910908,0,2.306642708674457,1.0753145417643806,1.2446804020475415,-1.0457411022578735,1,0,1.626070793218259,0,0.0,1.0,0.0,1
-2.3783203215612323,1,-0.03460305494685562,1.422158233237547,-1.0223976130812507,0.7168853643458143,1,1,-1.5209077464489014,1,1.0,0.0,0.0,0
-0.25790489827349283,1,0.9409160132286912,0.38162715881804715,1.008234923682209,-1.0457411022578735,1,0,-0.6136176410912123,0,0.0,1.0,0.0,1
1.8730076310701265,1,-0.6199144958521837,1.0753145417643806,0.9909518870237797,0.7168853643458143,1,1,-1.2520372828073898,0,1.0,0.0,0.0,0
-0.7092804586763285,0,-1.6929854708452852,-0.6589039156014528,-1.0223976130812507,0.7168853643458143,0,1,-0.7653247487248821,1,1.0,0.0,0.0,0
-1.0241936403527254,1,-1.3027778435750665,0.03478346734488051,-1.0223976130812507,0.7168853643458143,1,1,1.101826227064915,1,0.0,0.0,1.0,0
-0.0059743529323753,0,0.2580526655058084,0.38162715881804715,0.6073630896053647,0.7168853643458143,1,1,-1.1187487671734246,0,0.0,0.0,1.0,0
0.10949381368230357,1,-0.03460305494685562,-1.3525912985477861,0.38222873270874264,-1.0457411022578735,1,1,-0.37902964538125455,0,0.0,0.0,1.0,0
0.03601407129114429,1,-0.7174664026697384,-1.3525912985477861,0.3396668166402277,-1.0457411022578735,1,1,0.6605071372411317,0,0.0,0.0,1.0,0
0.5608693740851391,1,-0.5223625890346291,1.7690019247107138,0.8835762881445107,0.7168853643458143,1,1,1.61723867567216,0,1.0,0.0,0.0,0
-0.4258585951675712,0,0.4531564791409178,-0.6589039156014528,0.924489907297681,-1.0457411022578735,1,0,-1.4044725495810793,0,0.0,0.0,1.0,1
1.2851696919408522,0,-1.2052259367575118,-0.31206022412828616,1.7854596718557543,0.7168853643458143,0,1,-1.0655620943203374,0,0.0,0.0,1.0,0
-1.0766791706321248,0,-0.8150183094872931,1.422158233237547,-1.0223976130812507,0.7168853643458143,1,1,-1.0304451147224756,1,1.0,0.0,0.0,0
-0.4573499133352109,1,-0.03460305494685562,1.422158233237547,0.05861407145576531,-1.0457411022578735,1,0,-0.3668896693258363,0,0.0,1.0,0.0,1
0.27744751057638195,0,1.8188831745866834,0.03478346734488051,1.5942707601107586,-1.0457411022578735,0,0,-1.569989350583379,0,0.0,1.0,0.0,1
-0.961211004017446,0,0.16050075868825375,-1.0057476070746194,-1.0223976130812507,0.7168853643458143,1,1,0.52469305272433,1,1.0,0.0,0.0,0
0.20396776818522266,1,-1.1076740299399572,-0.31206022412828616,-1.0223976130812507,-1.0457411022578735,0,1,0.14299574432224613,1,0.0,0.0,1.0,0
1.1067188889908939,0,-1.2052259367575118,0.7284708502912138,0.9702723890385693,0.7168853643458143,1,1,1.213441728695724,0,0.0,0.0,1.0,0
-0.37337306488817174,1,-1.2052259367575118,-1.0057476070746194,0.18950315013677663,-1.0457411022578735,0,1,-0.9627802716919679,0,1.0,0.0,0.0,0
-0.5833151860057697,1,-0.9125702163048478,1.422158233237547,-1.0223976130812507,-1.0457411022578735,1,1,-0.3351985249385598,1,1.0,0.0,0.0,0
-0.25790489827349283,1,0.3556045723233631,0.38162715881804715,-0.05638479998409228,0.7168853643458143,0,1,0.8407458691050858,0,0.0,1.0,0.0,0
0.22496198029698244,0,-1.5954335640277306,0.38162715881804715,0.8793522152130153,0.7168853643458143,1,1,1.6605290117356692,0,1.0,0.0,0.0,0
-0.6148065041734093,0,0.06294885187069905,0.03478346734488051,-1.0223976130812507,0.7168853643458143,1,1,-0.28817804317325835,1,0.0,0.0,1.0,0
0.9702565102644553,1,-0.1321549617644103,1.7690019247107138,1.9585456670147234,0.7168853643458143,1,1,0.6039931744220461,0,1.0,0.0,0.0,0
-1.3076155038614827,0,-0.1321549617644103,0.03478346734488051,-1.0223976130812507,0.7168853643458143,0,1,-1.6126681162469434,1,0.0,0.0,1.0,0
-1.2341357614703234,1,0.06294885187069905,-1.0057476070746194,-1.0223976130812507,0.7168853643458143,1,1,-0.8939106783473556,1,0.0,0.0,1.0,0
0.25645329846462217,0,-1.9856411912979492,-1.3525912985477861,0.570559662222823,-1.0457411022578735,1,1,-1.563489875314517,0,1.0,0.0,0.0,0
0.17247645001758297,1,0.2580526655058084,0.03478346734488051,-1.0223976130812507,-1.0457411022578735,1,1,-0.5908606293976003,1,1.0,0.0,0.0,0
-0.7932573071233676,0,0.8433641064111366,-1.3525912985477861,0.958025412485509,-1.0457411022578735,0,0,1.39729644645348,0,1.0,0.0,0.0,1
-1.2446328675262033,0,2.306642708674457,-0.6589039156014528,0.18650631987097183,-1.0457411022578735,0,0,-1.4232082907130106,0,1.0,0.0,0.0,1
-0.5623209738940099,0,0.3556045723233631,0.38162715881804715,-1.0223976130812507,-1.0457411022578735,1,1,-0.16092958765381363,1,0.0,0.0,1.0,0
-1.276124185693843,0,-1.1076740299399572,0.38162715881804715,-1.0223976130812507,0.7168853643458143,0,1,-0.8664005935539159,1,1.0,0.0,0.0,0
0.32993304085578146,1,-0.1321549617644103,0.7284708502912138,1.203075603175448,0.7168853643458143,1,1,0.24658345191735173,0,0.0,0.0,1.0,0
-1.1081704887997645,1,-0.1321549617644103,-0.6589039156014528,-1.0223976130812507,0.7168853643458143,1,1,-0.8524720560082754,1,1.0,0.0,0.0,0
-1.7170026400407987,0,-0.22970686858196498,-1.0057476070746194,-1.0223976130812507,0.7168853643458143,0,1,0.0009835456102572661,1,1.0,0.0,0.0,0
0.7603143891468572,1,0.7458121995935818,0.03478346734488051,0.8756877224128506,-1.0457411022578735,1,0,0.0746549641915438,0,0.0,1.0,0.0,1
-1.989927397493676,1,0.06294885187069905,0.03478346734488051,-1.0223976130812507,0.7168853643458143,1,1,-1.6013194515657516,1,0.0,0.0,1.0,0
-1.9374418672142766,0,-0.1321549617644103,-1.3525912985477861,-1.0223976130812507,0.7168853643458143,1,1,-0.8909966538260858,1,1.0,0.0,0.0,0
0.7078288588674577,1,-1.0101221231224025,0.03478346734488051,0.549905292188242,-1.0457411022578735,1,1,-0.055786843038932964,0,1.0,0.0,0.0,0
0.6448462225321784,0,-0.9125702163048478,-0.6589039156014528,-1.0223976130812507,-1.0457411022578735,0,1,0.6028727427503173,1,1.0,0.0,0.0,0
-0.16343094377057377,0,1.33112364049891,-0.31206022412828616,-1.0223976130812507,-1.0457411022578735,1,0,-0.15179211864561448,1,1.0,0.0,0.0,1
0.5083838438057396,0,1.5262274541340193,-0.6589039156014528,1.0053845120518041,2.479511830949502,1,0,-0.064195111936219,0,0.0,1.0,0.0,1
0.8337941315380165,1,-1.1076740299399572,0.03478346734488051,-0.1924866398079137,-1.0457411022578735,0,1,1.6034102448274463,0,1.0,0.0,0.0,0
-0.35237885277641195,0,-1.4003297503926213,0.7284708502912138,1.36423951329687,0.7168853643458143,1,1,0.16927453404379664,0,1.0,0.0,0.0,0
0.004522753123504598,0,0.9409160132286912,0.03478346734488051,1.2905959330654817,-1.0457411022578735,0,0,0.027777268933803896,0,0.0,1.0,0.0,1
1.1382102071585336,1,-0.22970686858196498,1.0753145417643806,0.4645092405860574,0.7168853643458143,1,1,-0.46477702030800794,0,0.0,1.0,0.0,0
-0.6148065041734093,1,0.2580526655058084,1.0753145417643806,-1.0223976130812507,0.7168853643458143,1,1,1.0798480350948072,1,0.0,0.0,1.0,0
0.6133549043645387,0,-0.3272587753995197,-0.6589039156014528,-1.0223976130812507,-1.0457411022578735,1,1,0.9073579435719433,1,1.0,0.0,0.0,0
-0.3313846406646521,0,1.623779360951574,1.0753145417643806,0.890752895274996,4.242138297553191,0,0,0.6270116433050815,0,0.0,1.0,0.0,1
-1.265627079637963,1,0.16050075868825375,1.422158233237547,-1.0223976130812507,0.7168853643458143,1,1,-1.5224993909450986,1,0.0,0.0,1.0,0
-0.7617659889557279,0,0.2580526655058084,-0.6589039156014528,-1.0223976130812507,0.7168853643458143,1,1,1.04759615438622,1,1.0,0.0,0.0,0
1.5685915554496093,1,0.16050075868825375,0.03478346734488051,0.27610421583294065,-1.0457411022578735,1,1,0.7481983518163913,0,1.0,0.0,0.0,0
-1.0241936403527254,0,0.7458121995935818,0.03478346734488051,-1.0223976130812507,-1.0457411022578735,1,0,-1.3655371152506248,1,1.0,0.0,0.0,1
1.085724676879134,0,-0.5223625890346291,-1.3525912985477861,0.8801471282665896,0.7168853643458143,0,1,0.9879958863629862,0,0.0,0.0,1.0,0
0.24595619240874225,0,-0.6199144958521837,0.03478346734488051,-1.0223976130812507,-1.0457411022578735,1,1,0.8843155323583574,1,1.0,0.0,0.0,0
-1.066182064576245,1,-0.6199144958521837,-0.31206022412828616,-1.0223976130812507,0.7168853643458143,1,1,-0.786068696205569,1,0.0,0.0,1.0,0
-0.016471458988255198,0,-0.03460305494685562,0.38162715881804715,-1.0223976130812507,-1.0457411022578735,1,1,1.5428172375620897,1,1.0,0.0,0.0,0
0.5923606922527789,1,-0.03460305494685562,0.38162715881804715,0.8618890949084065,0.7168853643458143,0,1,-0.41075375384682583,0,0.0,0.0,1.0,0
0.3089388287440216,0,-0.03460305494685562,-1.0057476070746194,0.4847939398084899,2.479511830949502,0,0,-1.5541048287288082,0,0.0,1.0,0.0,1
-1.5700431552584801,0,-0.9125702163048478,0.38162715881804715,-1.0223976130812507,0.7168853643458143,0,1,-0.08558012399216741,1,0.0,0.0,1.0,0
-0.7722630950116078,0,0.5507083859584725,1.0753145417643806,-1.0223976130812507,0.7168853643458143,1,1,-1.254057460321421,1,1.0,0.0,0.0,0
-1.6750142158172792,1,-0.42481068221707435,-1.0057476070746194,-1.0223976130812507,0.7168853643458143,1,1,-0.28846136075144563,1,1.0,0.0,0.0,0
2.030464221908325,1,-0.03460305494685562,-1.0057476070746194,0.5022253280215984,-1.0457411022578735,1,1,1.253453006444635,0,0.0,0.0,1.0,0
-0.06895698926765469,0,-0.6199144958521837,-0.31206022412828616,0.25735747605033127,-1.0457411022578735,1,1,0.32289425219916684,0,0.0,0.0,1.0,0
-2.294343473114193,1,2.013986988221793,0.7284708502912138,1.0264507549694628,-1.0457411022578735,1,0,-0.8353380220911787,0,0.0,1.0,0.0,1
-1.3391068220291222,0,-0.03460305494685562,-1.0057476070746194,-1.0223976130812507,-1.0457411022578735,1,0,0.8097927730813175,1,1.0,0.0,0.0,1
1.6735626160084083,0,-0.03460305494685562,0.03478346734488051,1.0857528795321627,2.479511830949502,1,0,-0.48245253258488563,0,0.0,1.0,0.0,1
0.6133549043645387,1,0.3556045723233631,-1.0057476070746194,0.3970250687144712,0.7168853643458143,1,1,-1.3598617419391354,0,0.0,1.0,0.0,0
0.14098513184994327,0,-0.5223625890346291,1.422158233237547,0.33904570524517563,0.7168853643458143,0,1,1.705516997831366,0,0.0,1.0,0.0,0
-0.9192225797939264,1,2.6968503359446756,-1.0057476070746194,-1.0223976130812507,-1.0457411022578735,1,0,0.5390596655209947,1,1.0,0.0,0.0,1
0.3824185711351809,1,0.16050075868825375,-1.6994349900209527,0.921985971448074,-1.0457411022578735,0,0,-1.2555571523886904,0,0.0,1.0,0.0,1
-1.4545749886438013,1,1.1360198268638007,-0.31206022412828616,-1.0223976130812507,-1.0457411022578735,0,0,0.12836281647198822,1,0.0,0.0,1.0,1
-0.4153614891116913,0,-1.4003297503926213,-0.31206022412828616,1.1891067176978267,0.7168853643458143,1,1,-0.14779166750180417,0,1.0,0.0,0.0,0
-0.7722630950116078,1,0.9409160132286912,-0.6589039156014528,0.44737052856714227,-1.0457411022578735,1,0,-0.6887089439712647,0,1.0,0.0,0.0,1
0.057008283402904085,0,-1.5954335640277306,-1.0057476070746194,1.013007784612393,0.7168853643458143,1,1,-0.040438421194526585,0,1.0,0.0,0.0,0
-0.9297196858498064,1,-0.8150183094872931,1.0753145417643806,0.15433738861354368,0.7168853643458143,1,1,-1.2613376637604254,0,1.0,0.0,0.0,0
-0.9192225797939264,0,0.3556045723233631,1.422158233237547,1.330943690099664,-1.0457411022578735,1,0,-1.1648394884356608,0,0.0,1.0,0.0,1
-0.37337306488817174,1,0.7458121995935818,0.38162715881804715,1.2500448973537694,-1.0457411022578735,0,0,-1.1300226554454313,0,0.0,1.0,0.0,1
-0.8142515192351274,1,1.7213312677691288,-0.31206022412828616,0.5777507662479022,-1.0457411022578735,0,0,-1.651498065526854,0,0.0,0.0,1.0,1
0.3194359347999015,0,-0.3272587753995197,-1.3525912985477861,0.761560436491309,0.7168853643458143,1,1,-0.8985728399891489,0,1.0,0.0,0.0,0
-0.3838701709440516,1,-1.0101221231224025,1.422158233237547,0.13578377968224856,-1.0457411022578735,0,1,1.5700377589519812,0,1.0,0.0,0.0,0
-1.1606560190791642,0,0.6482602927760271,-1.0057476070746194,-1.0223976130812507,-1.0457411022578735,0,0,1.701574841057593,1,0.0,0.0,1.0,1
0.015019859179384495,1,-0.9125702163048478,-0.31206022412828616,0.2704451114132404,-1.0457411022578735,1,1,-1.3723603324673725,0,1.0,0.0,0.0,0
0.4768925256381,0,-0.03460305494685562,-1.0057476070746194,-1.0223976130812507,-1.0457411022578735,1,1,1.0787064370149102,1,0.0,0.0,1.0,0
0.9702565102644553,1,-1.5954335640277306,-0.31206022412828616,0.5039991036134849,0.7168853643458143,1,1,-0.9971125327312619,0,0.0,1.0,0.0,0
-1.9479389732701564,0,-1.0101221231224025,0.03478346734488051,-1.0223976130812507,0.7168853643458143,1,1,-1.342100176068393,1,0.0,0.0,1.0,0
0.9177709799850557,1,-0.9125702163048478,-1.3525912985477861,-0.3216431785083285,-1.0457411022578735,1,1,0.34029581563589906,0,1.0,0.0,0.0,0
0.23545908635286236,0,0.06294885187069905,0.7284708502912138,0.4464261364226426,-1.0457411022578735,0,1,-1.624578211230042,0,0.0,0.0,1.0,0
-0.04796277715589489,1,-1.2052259367575118,-0.6589039156014528,1.200430564218459,0.7168853643458143,0,1,1.2019077711954849,0,1.0,0.0,0.0,0
-0.9927023221850857,0,0.06294885187069905,0.38162715881804715,1.080699423153281,-1.0457411022578735,1,0,-1.559008148627601,0,0.0,1.0,0.0,1
0.7183259649233377,0,-0.5223625890346291,-0.31206022412828616,-1.0223976130812507,-1.0457411022578735,1,1,-0.5523011590548565,1,1.0,0.0,0.0,0
-0.22641358010585316,0,0.5507083859584725,-1.0057476070746194,0.2511521608576482,0.7168853643458143,0,1,0.23557414374744867,0,0.0,1.0,0.0,0
-0.9087254737380465,0,0.4531564791409178,1.422158233237547,-1.0223976130812507,0.7168853643458143,0,1,-1.531898837628168,1,1.0,0.0,0.0,0
0.7603143891468572,1,-0.6199144958521837,0.38162715881804715,0.4868003100203075,-1.0457411022578735,1,1,-0.34342462392947926,0,1.0,0.0,0.0,0
-0.8352457313468872,0,0.16050075868825375,-1.3525912985477861,-1.0223976130812507,0.7168853643458143,1,1,0.15741891653745912,1,0.0,0.0,1.0,0
-0.5098354436146104,1,2.013986988221793,-1.3525912985477861,-1.0223976130812507,-1.0457411022578735,1,0,-0.5042457787262441,1,1.0,0.0,0.0,1
-1.045187852464485,0,0.16050075868825375,-0.31206022412828616,-1.0223976130812507,0.7168853643458143,0,1,0.09923783883239586,1,0.0,0.0,1.0,0
0.29844172268814173,1,-0.7174664026697384,0.7284708502912138,0.9499743204577888,0.7168853643458143,1,1,1.406281239730629,0,0.0,0.0,1.0,0
1.8520134189583666,1,-0.1321549617644103,1.0753145417643806,1.4135023772765782,0.7168853643458143,1,1,0.631797853978353,0,1.0,0.0,0.0,0
-0.4888412315028506,0,-0.3272587753995197,0.7284708502912138,0.2969156355589572,-1.0457411022578735,1,1,-0.6608503074236435,0,1.0,0.0,0.0,0
-0.12144251954705418,1,0.8433641064111366,1.422158233237547,1.427205969583128,-1.0457411022578735,1,0,0.38388560432644525,0,0.0,1.0,0.0,1
0.18297355607346286,0,-1.6929854708452852,1.422158233237547,0.9129440972131535,0.7168853643458143,1,1,-1.1407233157454049,0,1.0,0.0,0.0,0
-0.026968565044135095,0,-0.9125702163048478,-0.31206022412828616,0.5396422961986821,-1.0457411022578735,0,1,0.7233092582376943,0,1.0,0.0,0.0,0
-0.20541936799409335,0,2.4041946154920115,0.03478346734488051,-1.0223976130812507,-1.0457411022578735,1,0,-1.242586828550538,1,1.0,0.0,0.0,1
-0.016471458988255198,1,0.5507083859584725,1.0753145417643806,0.38656572034146497,-1.0457411022578735,0,1,1.5420313045374796,0,1.0,0.0,0.0,0
0.6553433285880582,0,-0.3272587753995197,1.0753145417643806,-1.0223976130812507,-1.0457411022578735,1,1,1.1355047583830764,1,0.0,0.0,1.0,0
-0.7827602010674878,1,-0.8150183094872931,-1.0057476070746194,-1.0223976130812507,0.7168853643458143,1,1,0.5606728236977738,1,1.0,0.0,0.0,0
-0.4573499133352109,1,-1.8880892844803947,0.03478346734488051,-1.0223976130812507,-1.0457411022578735,1,1,1.3392045452549621,1,0.0,0.0,1.0,0
0.6133549043645387,1,-0.7174664026697384,0.7284708502912138,-1.0223976130812507,-1.0457411022578735,1,1,0.8719342245507902,1,0.0,0.0,1.0,0
1.1487073132144134,1,-0.1321549617644103,-1.0057476070746194,0.5828939422966608,0.7168853643458143,0,1,0.8325541221536524,0,0.0,1.0,0.0,0
-0.04796277715589489,0,-0.03460305494685562,0.38162715881804715,0.9601628990550994,0.7168853643458143,1,1,1.5431414999954223,0,0.0,0.0,1.0,0
0.18297355607346286,0,-1.1076740299399572,-0.31206022412828616,0.25243255880351656,-1.0457411022578735,0,1,-0.8496019257596825,0,1.0,0.0,0.0,0
0.17247645001758297,1,-0.8150183094872931,-1.3525912985477861,0.010067192992397084,-1.0457411022578735,1,1,-0.3804793708456347,0,1.0,0.0,0.0,0
0.6238520104204186,1,-0.42481068221707435,1.422158233237547,-1.0223976130812507,-1.0457411022578735,1,1,-0.5728445461433912,1,0.0,0.0,1.0,0
0.5188809498616196,1,-0.8150183094872931,-0.6589039156014528,0.5628437706134388,-1.0457411022578735,1,1,0.1874939536125404,0,1.0,0.0,0.0,0
0.14098513184994327,1,-0.3272587753995197,-1.0057476070746194,0.979279470726464,0.7168853643458143,0,1,-0.2670537943261378,0,0.0,0.0,1.0,0
1.316661010108492,0,-0.5223625890346291,-1.0057476070746194,0.4996640489000416,-1.0457411022578735,0,1,0.037349690280347,0,1.0,0.0,0.0,0
-0.6043093981175295,0,-0.1321549617644103,-1.0057476070746194,-1.0223976130812507,0.7168853643458143,1,1,0.7638241924039214,1,0.0,0.0,1.0,0
-0.6253036102292893,1,-1.2052259367575118,0.03478346734488051,-1.0223976130812507,0.7168853643458143,0,1,-0.07901801697454486,1,0.0,0.0,1.0,0
-0.6882862465645686,1,0.16050075868825375,-1.0057476070746194,0.5865389448274267,0.7168853643458143,1,1,-0.19116424026590176,0,1.0,0.0,0.0,0
-1.5595460492026,0,-0.7174664026697384,0.7284708502912138,-1.0223976130812507,0.7168853643458143,1,1,-1.6237490779133508,1,1.0,0.0,0.0,0
-1.1186675948556444,0,0.6482602927760271,1.0753145417643806,0.769701892495332,-1.0457411022578735,0,0,-0.03626378092120013,0,0.0,1.0,0.0,1
1.6420712978407686,1,2.013986988221793,-1.0057476070746194,1.1533995776998092,-1.0457411022578735,1,0,1.5254118572320812,0,0.0,1.0,0.0,1
-2.157881094387754,0,-1.4978816572101759,1.422158233237547,-1.0223976130812507,0.7168853643458143,0,1,-0.8968293872376463,1,0.0,0.0,1.0,0
-1.5700431552584801,0,-0.42481068221707435,-0.31206022412828616,-1.0223976130812507,0.7168853643458143,1,1,-0.6770688074398865,1,0.0,0.0,1.0,0
-1.7694881703201981,0,-1.5954335640277306,0.38162715881804715,-1.0223976130812507,0.7168853643458143,1,1,-0.5780809767281117,1,1.0,0.0,0.0,0
-0.3838701709440516,1,-0.7174664026697384,-1.0057476070746194,1.6649055904074532,0.7168853643458143,1,1,0.6151789271584016,0,0.0,0.0,1.0,0
0.015019859179384495,1,-0.9125702163048478,0.03478346734488051,0.1920479994444603,0.7168853643458143,0,1,-0.7772355376885764,0,0.0,1.0,0.0,0
0.886279661817416,1,-0.6199144958521837,0.03478346734488051,-1.0223976130812507,-1.0457411022578735,1,1,-0.6050535735501955,1,1.0,0.0,0.0,0
1.2746725858849723,1,-0.03460305494685562,-0.6589039156014528,1.3135110132737027,0.7168853643458143,1,1,0.4682425891297493,0,1.0,0.0,0.0,0
-0.4783441254469707,0,-1.2052259367575118,-1.0057476070746194,0.7093197492853747,0.7168853643458143,1,1,0.36586726563530036,0,1.0,0.0,0.0,0
-1.3601010341408821,1,-0.1321549617644103,0.03478346734488051,0.4872563178935939,0.7168853643458143,1,1,0.6832259800019815,0,0.0,0.0,1.0,0
-0.29989332249701245,1,-0.8150183094872931,1.0753145417643806,0.41411722959407876,-1.0457411022578735,1,1,-1.502237412988113,0,1.0,0.0,0.0,0
-1.150158913023284,0,0.5507083859584725,0.03478346734488051,-1.0223976130812507,2.479511830949502,0,0,-1.6352705437628672,1,0.0,0.0,1.0,1
-0.4258585951675712,1,-1.4978816572101759,1.0753145417643806,0.1552809753750103,-1.0457411022578735,1,1,-0.6415947748255462,0,1.0,0.0,0.0,0
-0.6777891405086888,0,-0.7174664026697384,-1.0057476070746194,0.3322906355941645,0.7168853643458143,0,1,0.28924469457087526,0,1.0,0.0,0.0,0
-0.27889911038525267,0,-1.6929854708452852,-1.3525912985477861,0.3599325088230812,-1.0457411022578735,1,1,0.5792775759922697,0,0.0,0.0,1.0,0
-0.37337306488817174,1,0.16050075868825375,1.0753145417643806,1.782376987758631,2.479511830949502,1,0,1.2626485963277223,0,0.0,1.0,0.0,1
-0.446852807279331,1,1.1360198268638007,-0.31206022412828616,1.1860346646567392,-1.0457411022578735,1,0,0.4762941520008547,0,1.0,0.0,0.0,1
-0.8457428374027671,1,0.06294885187069905,-1.3525912985477861,-1.0223976130812507,0.7168853643458143,1,1,-0.5360892518542728,1,1.0,0.0,0.0,0
-0.9927023221850857,0,1.8188831745866834,-0.6589039156014528,-1.0223976130812507,2.479511830949502,1,0,-1.6162572103926631,1,1.0,0.0,0.0,1
-0.016471458988255198,0,-0.8150183094872931,-1.3525912985477861,0.31734063250573874,0.7168853643458143,1,1,1.4668319141796495,0,0.0,1.0,0.0,0
-1.3076155038614827,1,-0.22970686858196498,-0.31206022412828616,-1.0223976130812507,0.7168853643458143,1,1,0.5740116512322331,1,1.0,0.0,0.0,0
0.03601407129114429,1,-0.8150183094872931,-1.3525912985477861,0.33773486382065976,0.7168853643458143,1,1,-0.6805803492540385,0,0.0,1.0,0.0,0
-1.4335807765320414,1,1.0384679200462459,0.03478346734488051,0.929812844839406,-1.0457411022578735,1,0,-0.4708012923639765,0,1.0,0.0,0.0,1
1.6525684038966486,1,-0.9125702163048478,1.0753145417643806,0.541437172826033,0.7168853643458143,1,1,1.6926623952575441,0,0.0,1.0,0.0,0
-1.265627079637963,1,1.4286755473164647,-1.0057476070746194,1.2958806954514424,-1.0457411022578735,1,0,-1.6949405568359668,0,0.0,0.0,1.0,1
-1.0241936403527254,1,-0.42481068221707435,-0.31206022412828616,-1.0223976130812507,0.7168853643458143,1,1,-0.5723887743871771,1,1.0,0.0,0.0,0
0.08849960157054378,0,0.16050075868825375,0.38162715881804715,-1.0223976130812507,-1.0457411022578735,1,1,1.0780020467102926,1,1.0,0.0,0.0,0
0.5293780559174995,0,-0.5223625890346291,-1.0057476070746194,-0.0875681034857309,-1.0457411022578735,1,1,-0.284147403873536,0,1.0,0.0,0.0,0
0.24595619240874225,0,1.2335717336813552,0.03478346734488051,1.2832508398044924,-1.0457411022578735,0,0,-0.9007552354674206,0,0.0,1.0,0.0,1
1.7155510402319278,0,-0.9125702163048478,-0.6589039156014528,0.30398512674605294,-1.0457411022578735,0,1,0.2823073175461377,0,1.0,0.0,0.0,0
-0.14243673165881396,1,-0.5223625890346291,0.7284708502912138,0.5663059511957131,0.7168853643458143,1,1,-1.0316505590171758,0,0.0,1.0,0.0,0
-1.2971183978056027,0,-0.3272587753995197,1.0753145417643806,-1.0223976130812507,0.7168853643458143,1,1,1.5299931701344773,1,1.0,0.0,0.0,0
-0.5833151860057697,0,-1.2052259367575118,1.0753145417643806,0.2483716564745077,-1.0457411022578735,1,1,-1.318738186790495,0,1.0,0.0,0.0,0
0.371921465079301,0,0.5507083859584725,1.0753145417643806,-1.0223976130812507,-1.0457411022578735,0,1,1.029793643660332,1,0.0,0.0,1.0,0
-0.7197775647322083,0,-0.3272587753995197,-1.6994349900209527,-1.0223976130812507,0.7168853643458143,1,1,0.9676107268502671,1,1.0,0.0,0.0,0
-0.23691068616173305,0,0.6482602927760271,-1.0057476070746194,-1.0223976130812507,4.242138297553191,1,0,0.023004070396701513,1,1.0,0.0,0.0,1
0.4558983135263402,0,0.16050075868825375,-0.31206022412828616,1.3707347663814347,-1.0457411022578735,1,0,1.5634229094090866,0,0.0,1.0,0.0,1
-1.5280547310349606,1,-1.1076740299399572,1.0753145417643806,-1.0223976130812507,0.7168853643458143,1,1,-0.8783061776631426,1,1.0,0.0,0.0,0
0.6238520104204186,1,2.6968503359446756,0.03478346734488051,0.9332640722124314,-1.0457411022578735,0,0,-1.5552662052556825,0,0.0,1.0,0.0,1
-1.0766791706321248,1,-0.7174664026697384,-1.3525912985477861,-1.0223976130812507,0.7168853643458143,0,1,1.6125843213120676,1,1.0,0.0,0.0,0
0.004522753123504598,1,-0.6199144958521837,-0.6589039156014528,0.8916600787233707,0.7168853643458143,1,1,-0.46125420130917594,0,1.0,0.0,0.0,0
0.5083838438057396,0,0.06294885187069905,-0.6589039156014528,0.46312430392250514,-1.0457411022578735,1,1,-0.7841349192757004,0,1.0,0.0,0.0,0
-0.4153614891116913,1,-0.03460305494685562,0.7284708502912138,-1.0223976130812507,-1.0457411022578735,1,1,-1.257394466015759,1,0.0,0.0,1.0,0
-1.0136965342968456,0,-1.0101221231224025,-1.3525912985477861,-1.0223976130812507,0.7168853643458143,1,1,0.3672390917778154,1,0.0,0.0,1.0,0
-0.8877312616262867,1,-1.4003297503926213,-1.3525912985477861,-1.0223976130812507,0.7168853643458143,1,1,0.8977893391186768,1,1.0,0.0,0.0,0
1.0542333587114945,1,-0.5223625890346291,0.03478346734488051,0.22197103957605552,-1.0457411022578735,0,1,1.639980593287816,0,0.0,0.0,1.0,0
-0.4573499133352109,1,2.013986988221793,1.0753145417643806,0.4500964279806449,-1.0457411022578735,0,0,-1.244803576068296,0,0.0,1.0,0.0,1
0.4558983135263402,0,-0.8150183094872931,1.422158233237547,-1.0223976130812507,-1.0457411022578735,1,1,1.3056903138428286,1,1.0,0.0,0.0,0
-1.2341357614703234,0,-1.4003297503926213,-0.6589039156014528,-1.0223976130812507,0.7168853643458143,1,1,1.7080156749661202,1,1.0,0.0,0.0,0
-1.6015344734261199,1,1.7213312677691288,1.422158233237547,0.6562992902268868,-1.0457411022578735,0,0,-0.76088257893192,0,0.0,1.0,0.0,1
-0.3943672769999315,0,-0.8150183094872931,0.7284708502912138,0.11688385604676182,-1.0457411022578735,1,1,1.0624020568999515,0,1.0,0.0,0.0,0
1.610579979673129,1,-0.3272587753995197,-0.6589039156014528,0.5370568555861353,0.7168853643458143,1,1,0.36082514961737117,0,0.0,1.0,0.0,0
-1.2551299735820831,0,0.2580526655058084,-1.6994349900209527,-1.0223976130812507,0.7168853643458143,0,1,1.310736420249183,1,1.0,0.0,0.0,0
1.295666797996732,0,0.4531564791409178,-1.6994349900209527,-1.0223976130812507,-1.0457411022578735,0,1,-1.4575039442758824,1,1.0,0.0,0.0,0
0.015019859179384495,1,-0.3272587753995197,1.422158233237547,0.13460502107514494,-1.0457411022578735,1,1,-0.5477535042113509,0,0.0,0.0,1.0,0
1.190695737437933,1,-0.22970686858196498,-1.0057476070746194,0.4240725692650316,-1.0457411022578735,1,1,0.10772452753699406,0,1.0,0.0,0.0,0
-0.22641358010585316,0,-1.0101221231224025,-0.6589039156014528,0.2923687651078342,0.7168853643458143,1,1,0.9902712752410793,0,0.0,1.0,0.0,0
-0.5938122920616495,1,-0.6199144958521837,-1.3525912985477861,-1.0223976130812507,-1.0457411022578735,1,1,0.039427641678968624,1,1.0,0.0,0.0,0
0.9702565102644553,1,1.5262274541340193,-0.6589039156014528,1.3094913465559836,-1.0457411022578735,1,0,-0.11064323320523144,0,0.0,1.0,0.0,1
-1.6960084279290388,0,0.6482602927760271,-0.6589039156014528,0.41374433724979837,2.479511830949502,1,0,0.6151470040510003,0,0.0,0.0,1.0,1
-1.6120315794819997,1,-0.7174664026697384,-0.31206022412828616,-1.0223976130812507,0.7168853643458143,1,1,-1.3544514692151968,1,0.0,0.0,1.0,0
0.14098513184994327,0,-0.7174664026697384,1.422158233237547,-1.0223976130812507,-1.0457411022578735,0,1,-0.4069984513484403,1,1.0,0.0,0.0,0
-0.11094541349117427,0,0.7458121995935818,-0.31206022412828616,-1.0223976130812507,2.479511830949502,1,0,-0.11211586002926924,1,1.0,0.0,0.0,1
-1.0241936403527254,0,0.06294885187069905,-1.0057476070746194,-1.0223976130812507,0.7168853643458143,1,1,0.37193005361432957,1,0.0,0.0,1.0,0
-0.05845988321177479,0,0.2580526655058084,-0.31206022412828616,-0.40036485983940884,-1.0457411022578735,1,1,0.08957884340654156,0,1.0,0.0,0.0,0
1.705053934176048,0,1.0384679200462459,-1.3525912985477861,0.9211021441076563,4.242138297553191,0,0,1.1528872373534274,0,0.0,1.0,0.0,1
1.1801986313820532,0,-1.1076740299399572,-1.0057476070746194,-1.0223976130812507,-1.0457411022578735,1,1,-0.7258613686562625,1,1.0,0.0,0.0,0
-1.9164476551025167,1,1.5262274541340193,-0.6589039156014528,-1.0223976130812507,-1.0457411022578735,1,0,0.15086374932579355,1,1.0,0.0,0.0,1
0.9702565102644553,1,0.3556045723233631,-1.3525912985477861,1.0680017542549518,0.7168853643458143,0,1,0.7603407568038945,0,1.0,0.0,0.0,0
-0.8142515192351274,1,-0.1321549617644103,-0.31206022412828616,-1.0223976130812507,0.7168853643458143,1,1,-1.170519372621022,1,0.0,0.0,1.0,0
1.726048146287808,1,0.3556045723233631,-0.6589039156014528,0.39197241771862207,0.7168853643458143,1,1,-0.6089645011971628,0,0.0,1.0,0.0,0
-0.4573499133352109,1,-1.0101221231224025,0.7284708502912138,0.2123576655409157,0.7168853643458143,1,1,1.4880614745821648,0,0.0,1.0,0.0,0
0.6658404346439382,0,-0.1321549617644103,-1.0057476070746194,0.9158191535643685,0.7168853643458143,1,1,0.6724082104764865,0,1.0,0.0,0.0,0
-2.0109216096054356,0,-0.5223625890346291,0.38162715881804715,-1.0223976130812507,0.7168853643458143,1,1,-0.07308708530869565,1,0.0,0.0,1.0,0
-0.3943672769999315,1,0.5507083859584725,-0.6589039156014528,0.8616780845537596,-1.0457411022578735,1,0,-1.6419310225299277,0,1.0,0.0,0.0,1
0.9072738739291758,0,-0.22970686858196498,1.0753145417643806,0.471055716031521,-1.0457411022578735,1,1,-1.145412022144983,0,0.0,0.0,1.0,0
-0.4783441254469707,0,0.7458121995935818,0.03478346734488051,-1.0223976130812507,-1.0457411022578735,1,0,-0.3823220628223201,1,1.0,0.0,0.0,1
-1.150158913023284,1,-0.8150183094872931,0.38162715881804715,-1.0223976130812507,0.7168853643458143,1,1,-1.409504949870669,1,1.0,0.0,0.0,0
-0.5308296557263702,1,0.16050075868825375,1.422158233237547,0.5125635467864411,0.7168853643458143,0,1,-0.04732999549994912,0,0.0,1.0,0.0,0
-0.3838701709440516,1,0.06294885187069905,1.422158233237547,1.5466581259656742,-1.0457411022578735,1,0,-0.33191825215791887,0,0.0,1.0,0.0,1
1.49511181305845,0,-0.6199144958521837,-0.6589039156014528,0.6857540806630938,0.7168853643458143,1,1,-1.418767161890942,0,1.0,0.0,0.0,0
-0.5308296557263702,1,-0.6199144958521837,0.03478346734488051,0.31714202504980016,-1.0457411022578735,1,1,0.2979255243471154,0,1.0,0.0,0.0,0
-0.8352457313468872,1,-0.9125702163048478,0.7284708502912138,-1.0223976130812507,0.7168853643458143,1,1,-0.767550517990384,1,1.0,0.0,0.0,0
0.6133549043645387,1,0.16050075868825375,0.7284708502912138,-1.0223976130812507,-1.0457411022578735,1,1,0.7225292240481471,1,1.0,0.0,0.0,0
1.0017478284320949,1,-0.03460305494685562,-1.6994349900209527,1.3289147691629226,0.7168853643458143,1,1,0.6589453339105491,0,1.0,0.0,0.0,0
-2.2208637307230337,0,0.9409160132286912,0.7284708502912138,1.6883055112015422,-1.0457411022578735,1,0,-1.4411867255199036,0,0.0,1.0,0.0,1
-0.7407717768439681,0,-1.0101221231224025,-1.0057476070746194,-1.0223976130812507,0.7168853643458143,1,1,-0.13265890012750592,1,0.0,0.0,1.0,0
-1.7484939582084382,1,-0.5223625890346291,-1.3525912985477861,-1.0223976130812507,0.7168853643458143,1,1,-0.3282663527682899,1,1.0,0.0,0.0,0
-2.1473839883318746,0,-0.3272587753995197,1.0753145417643806,-1.0223976130812507,0.7168853643458143,1,1,0.8657616141424945,1,1.0,0.0,0.0,0
-1.4230836704761616,0,0.2580526655058084,-1.0057476070746194,-1.0223976130812507,0.7168853643458143,1,1,0.23206398989448776,1,1.0,0.0,0.0,0
-0.7722630950116078,1,-0.22970686858196498,1.0753145417643806,-1.0223976130812507,0.7168853643458143,0,1,-1.6333183763472132,1,1.0,0.0,0.0,0
1.096221782935014,0,-0.6199144958521837,-0.31206022412828616,0.644993162132981,0.7168853643458143,1,1,1.3516793669477973,0,0.0,0.0,1.0,0
1.6210770857290089,0,-0.3272587753995197,0.7284708502912138,-1.0223976130812507,-1.0457411022578735,1,1,-1.7268912499660283,1,1.0,0.0,0.0,0
0.8337941315380165,1,-0.6199144958521837,0.7284708502912138,-1.0223976130812507,-1.0457411022578735,0,1,-0.35793766663183324,1,0.0,0.0,1.0,0
2.030464221908325,0,-0.3272587753995197,0.03478346734488051,-1.0223976130812507,-1.0457411022578735,1,1,-0.32479697027532545,1,1.0,0.0,0.0,0
-1.276124185693843,0,-0.9125702163048478,0.03478346734488051,-1.0223976130812507,0.7168853643458143,0,1,-0.8154976373460701,1,1.0,0.0,0.0,0
0.7288230709792175,0,-1.2052259367575118,-1.3525912985477861,0.27878179226446337,-1.0457411022578735,1,1,-1.3964235891372077,0,0.0,0.0,1.0,0
-1.4965634128673209,1,-0.03460305494685562,-0.31206022412828616,0.7853712637088364,-1.0457411022578735,1,0,-1.4399490111275044,0,1.0,0.0,0.0,1
-0.8877312616262867,1,0.4531564791409178,-1.0057476070746194,1.2396330665797106,-1.0457411022578735,1,0,-1.2710782019062723,0,1.0,0.0,0.0,1
-0.08995120137941448,1,-0.6199144958521837,-1.6994349900209527,-1.0223976130812507,-1.0457411022578735,0,1,0.30551975400566617,1,1.0,0.0,0.0,0
-1.475569200755561,0,0.8433641064111366,1.422158233237547,1.0441949539525899,-1.0457411022578735,0,0,0.8657505104529639,0,0.0,1.0,0.0,1
-0.37337306488817174,1,0.3556045723233631,1.0753145417643806,0.08393579724320645,-1.0457411022578735,1,1,-0.4433824660188689,0,0.0,0.0,1.0,0
1.8415163129024867,0,-0.42481068221707435,0.38162715881804715,1.203522107528945,0.7168853643458143,0,1,0.8119154862283606,0,0.0,0.0,1.0,0
0.06750538945878398,1,-0.5223625890346291,0.03478346734488051,1.510924408327567,0.7168853643458143,1,1,-1.2349696975323297,0,1.0,0.0,0.0,0
0.6028577983086588,1,0.16050075868825375,1.422158233237547,-0.2730581248891958,-1.0457411022578735,1,1,-0.05250587627769623,0,1.0,0.0,0.0,0
-0.8982283676821666,0,-0.5223625890346291,1.422158233237547,-1.0223976130812507,0.7168853643458143,0,1,-0.3850549584081169,1,1.0,0.0,0.0,0
-0.3943672769999315,0,-0.03460305494685562,-1.3525912985477861,-1.0223976130812507,-1.0457411022578735,1,0,0.2208423236623061,1,0.0,0.0,1.0,1
-0.13193962560293407,0,-0.7174664026697384,0.03478346734488051,0.3629626819464527,-1.0457411022578735,1,1,-0.4474554381349281,0,0.0,0.0,1.0,0
-1.276124185693843,0,1.0384679200462459,-0.6589039156014528,-1.0223976130812507,-1.0457411022578735,0,0,-0.6574286360966322,1,1.0,0.0,0.0,1
-0.5203325496704903,0,0.06294885187069905,1.0753145417643806,0.6705711608015238,-1.0457411022578735,1,0,0.0868844637438052,0,0.0,1.0,0.0,1
-0.7617659889557279,0,0.9409160132286912,-1.0057476070746194,2.410889047500984,-1.0457411022578735,1,0,-0.42597153384409503,0,0.0,0.0,1.0,1
-2.073904245940715,1,0.7458121995935818,0.7284708502912138,0.7551861519383017,-1.0457411022578735,1,0,-1.6437707650890812,0,0.0,1.0,0.0,1
-0.7197775647322083,0,-1.6929854708452852,1.0753145417643806,-1.0223976130812507,0.7168853643458143,1,1,0.18044501920704703,1,1.0,0.0,0.0,0
-0.4153614891116913,0,1.2335717336813552,1.7690019247107138,1.6719905449487826,-1.0457411022578735,0,0,-0.1088484258896483,0,0.0,1.0,0.0,1
-1.8744592308789971,1,0.4531564791409178,-1.3525912985477861,-1.0223976130812507,0.7168853643458143,1,1,1.7037712896429273,1,0.0,0.0,1.0,0
1.1382102071585336,1,0.3556045723233631,-0.31206022412828616,0.9638604125596173,0.7168853643458143,1,1,-0.29225726111467876,0,1.0,0.0,0.0,0
0.28794461663226184,0,0.2580526655058084,0.7284708502912138,-1.0223976130812507,-1.0457411022578735,1,1,0.671092423267073,1,0.0,0.0,1.0,0
1.1697015253261733,1,1.0384679200462459,-1.3525912985477861,1.126117227456825,-1.0457411022578735,1,0,0.04655933327049715,0,0.0,1.0,0.0,1
-2.525279806343551,1,-0.6199144958521837,-1.6994349900209527,-1.0223976130812507,0.7168853643458143,0,1,-1.7147347918714626,1,1.0,0.0,0.0,0
0.22496198029698244,0,-0.6199144958521837,1.422158233237547,-1.0223976130812507,-1.0457411022578735,1,1,0.8413999458165164,1,1.0,0.0,0.0,0
-0.6043093981175295,1,-0.42481068221707435,1.0753145417643806,-1.0223976130812507,0.7168853643458143,1,1,1.2922451337820806,1,1.0,0.0,0.0,0
-1.150158913023284,0,1.0384679200462459,-1.0057476070746194,-1.0223976130812507,-1.0457411022578735,0,0,-0.5941632830524519,1,1.0,0.0,0.0,1
0.24595619240874225,0,-0.7174664026697384,1.422158233237547,0.9077149062564701,0.7168853643458143,1,1,0.024735031497482015,0,0.0,0.0,1.0,0
-0.4573499133352109,1,-0.42481068221707435,-0.6589039156014528,-1.0223976130812507,-1.0457411022578735,1,1,-1.0060791090177743,1,0.0,0.0,1.0,0
-0.43635570122345113,0,-0.9125702163048478,0.7284708502912138,1.2863224096157602,0.7168853643458143,1,1,0.46292669776682316,0,0.0,0.0,1.0,0
1.9884757976848053,0,-0.03460305494685562,0.03478346734488051,-1.0223976130812507,-1.0457411022578735,1,1,1.5250666018857293,1,1.0,0.0,0.0,0
-0.8352457313468872,1,-1.3027778435750665,-0.6589039156014528,-1.0223976130812507,0.7168853643458143,0,1,0.4301756715147911,1,1.0,0.0,0.0,0
-2.0109216096054356,1,-1.3027778435750665,-1.0057476070746194,0.23798350396161894,0.7168853643458143,1,1,-1.5482932617254161,0,1.0,0.0,0.0,0
1.3376552222202516,1,-1.4978816572101759,-1.0057476070746194,-1.0223976130812507,-1.0457411022578735,1,1,-1.6111779664128647,1,0.0,0.0,1.0,0
-0.07945409532353459,1,-0.9125702163048478,-1.0057476070746194,-0.297194810081876,-1.0457411022578735,1,1,1.2800846852990895,0,0.0,0.0,1.0,0
-1.6225286855378795,1,-0.8150183094872931,-0.31206022412828616,-1.0223976130812507,0.7168853643458143,1,1,-0.5803367606543769,1,1.0,0.0,0.0,0
-2.5777653366229503,1,-0.9125702163048478,-1.6994349900209527,-0.060815856355069475,0.7168853643458143,1,1,-0.8020750116546821,0,1.0,0.0,0.0,0
-0.6882862465645686,0,0.06294885187069905,-0.6589039156014528,-1.0223976130812507,2.479511830949502,1,0,0.7070928401632384,1,0.0,0.0,1.0,1
0.21446487424110255,1,-1.9856411912979492,1.0753145417643806,1.1488646269175744,0.7168853643458143,1,1,0.2627634360105342,0,0.0,0.0,1.0,0
-1.4335807765320414,0,0.3556045723233631,0.38162715881804715,-1.0223976130812507,0.7168853643458143,1,1,-1.132976410355804,1,0.0,0.0,1.0,0
-0.10044830743529438,1,-0.6199144958521837,0.03478346734488051,0.5407084622577718,-1.0457411022578735,1,1,-1.328641116395732,0,1.0,0.0,0.0,0
-0.446852807279331,0,0.5507083859584725,0.38162715881804715,0.8898371747664712,-1.0457411022578735,1,0,0.5877581923666556,0,0.0,1.0,0.0,1
-0.5623209738940099,1,0.16050075868825375,-0.31206022412828616,0.6340088650990633,0.7168853643458143,1,1,-1.0563165378343609,0,1.0,0.0,0.0,0
-1.0556849585203651,1,-0.3272587753995197,1.7690019247107138,-1.0223976130812507,0.7168853643458143,1,1,1.614156707846735,1,1.0,0.0,0.0,0
-0.7722630950116078,0,-0.03460305494685562,1.7690019247107138,-1.0223976130812507,0.7168853643458143,0,1,0.24088118685777968,1,1.0,0.0,0.0,0
-1.9059505490466369,0,0.6482602927760271,-1.6994349900209527,1.1402819820880725,-1.0457411022578735,1,0,-1.2472673806781167,0,1.0,0.0,0.0,1
0.5923606922527789,0,-0.1321549617644103,1.0753145417643806,-1.0223976130812507,-1.0457411022578735,1,1,-1.4453915539491424,1,1.0,0.0,0.0,0
-0.6253036102292893,0,0.06294885187069905,1.0753145417643806,1.5956149443928411,2.479511830949502,1,0,-1.1045074178742804,0,0.0,1.0,0.0,1
1.5475973433378496,1,-0.5223625890346291,0.7284708502912138,0.21062125972176096,-1.0457411022578735,0,1,-0.021863163075346862,0,0.0,0.0,1.0,0
0.6028577983086588,0,1.0384679200462459,-0.31206022412828616,0.47657065688831374,-1.0457411022578735,1,0,-1.5986207345242924,0,0.0,1.0,0.0,1
-0.4258585951675712,0,0.5507083859584725,0.7284708502912138,2.0898121481849996,0.7168853643458143,1,1,0.6537151491511894,0,0.0,0.0,1.0,0
-1.5385518370908404,0,-0.03460305494685562,-0.31206022412828616,-1.0223976130812507,-1.0457411022578735,1,0,0.33310929957731156,1,0.0,0.0,1.0,1
-0.8562399434586471,1,-1.4003297503926213,-1.0057476070746194,-1.0223976130812507,0.7168853643458143,1,1,0.35070656554202617,1,1.0,0.0,0.0,0
-0.13193962560293407,1,-0.8150183094872931,0.03478346734488051,-0.2986984602044931,-1.0457411022578735,1,1,-1.5431031543454576,0,1.0,0.0,0.0,0
-1.8114765945437177,0,0.06294885187069905,0.03478346734488051,-1.0223976130812507,0.7168853643458143,1,1,1.3100707193627747,1,0.0,0.0,1.0,0
-0.8142515192351274,1,0.06294885187069905,0.03478346734488051,-1.0223976130812507,0.7168853643458143,0,1,-1.037878687873126,1,1.0,0.0,0.0,0
1.4216320706672907,1,-0.42481068221707435,-1.3525912985477861,-1.0223976130812507,-1.0457411022578735,0,1,-0.2321935875486783,1,1.0,0.0,0.0,0
-1.3496039280850023,0,2.306642708674457,0.7284708502912138,1.1231616328023097,-1.0457411022578735,0,0,1.1935437435611738,0,0.0,1.0,0.0,1
0.004522753123504598,0,-0.03460305494685562,0.03478346734488051,0.9712549563388332,-1.0457411022578735,0,0,-0.9142144686352309,0,0.0,1.0,0.0,1
-0.6253036102292893,0,1.4286755473164647,-0.31206022412828616,0.40121692632464645,-1.0457411022578735,1,0,-0.5261917005986525,0,1.0,0.0,0.0,1
0.5083838438057396,0,2.501746522309566,-0.6589039156014528,1.449633148749956,2.479511830949502,0,0,0.8129991369285183,0,0.0,1.0,0.0,1
-0.5308296557263702,1,-0.8150183094872931,1.0753145417643806,1.8819381161452766,0.7168853643458143,1,1,-1.6967686752201427,0,0.0,0.0,1.0,0
0.9597594042085753,1,-0.42481068221707435,0.03478346734488051,0.3307984219106161,-1.0457411022578735,1,1,0.6469198646534182,0,1.0,0.0,0.0,0
-0.5728180799498898,1,-0.3272587753995197,0.7284708502912138,0.43699542325938817,0.7168853643458143,1,1,-0.8330924743786998,0,0.0,1.0,0.0,0
-1.1081704887997645,0,-0.03460305494685562,1.7690019247107138,-1.0223976130812507,0.7168853643458143,1,1,-1.7262305804389388,1,1.0,0.0,0.0,0
-0.9192225797939264,0,0.4531564791409178,0.7284708502912138,-1.0223976130812507,0.7168853643458143,1,1,-0.38187010795938203,1,1.0,0.0,0.0,0
0.4244069953587005,0,0.16050075868825375,0.7284708502912138,1.0769838690688236,0.7168853643458143,0,1,0.2990620910676941,0,0.0,0.0,1.0,0
-1.0766791706321248,0,-1.1076740299399572,-0.31206022412828616,-1.0223976130812507,0.7168853643458143,1,1,0.6136544252848367,1,0.0,0.0,1.0,0
-1.2551299735820831,1,-0.1321549617644103,-0.6589039156014528,-1.0223976130812507,0.7168853643458143,1,1,-1.3725251528588471,1,1.0,0.0,0.0,0
0.06750538945878398,0,-0.1321549617644103,0.7284708502912138,-1.0223976130812507,-1.0457411022578735,1,1,1.4833318233274417,1,1.0,0.0,0.0,0
-0.12144251954705418,0,-1.4003297503926213,-0.6589039156014528,-0.465913051976262,-1.0457411022578735,1,1,-1.5280661562933637,0,1.0,0.0,0.0,0
-0.49933833755873047,1,-0.6199144958521837,0.7284708502912138,0.13529523433442878,-1.0457411022578735,1,1,0.9058405549994842,0,1.0,0.0,0.0,0
-0.49933833755873047,1,0.2580526655058084,0.38162715881804715,-1.0223976130812507,-1.0457411022578735,0,1,0.2233156705053176,1,1.0,0.0,0.0,0
1.8520134189583666,1,-0.9125702163048478,-1.3525912985477861,0.5313835764250537,0.7168853643458143,0,1,-0.8800963006097049,0,0.0,1.0,0.0,0
-0.037465671100014995,1,1.9164350814042381,-1.3525912985477861,1.1135245805059997,-1.0457411022578735,1,0,-1.6415406584448564,0,0.0,1.0,0.0,1
-1.1291647009115244,0,-1.4003297503926213,1.422158233237547,-1.0223976130812507,0.7168853643458143,1,1,-1.4800385351885783,1,0.0,0.0,1.0,0
-1.6435228976496394,1,1.7213312677691288,-1.3525912985477861,0.5944020604552439,-1.0457411022578735,1,0,0.3257751391469928,0,1.0,0.0,0.0,1
-1.1921473372468037,1,0.2580526655058084,0.03478346734488051,-1.0223976130812507,0.7168853643458143,0,1,0.768005425492907,1,0.0,0.0,1.0,0
2.030464221908325,1,-0.22970686858196498,0.7284708502912138,-1.0223976130812507,-1.0457411022578735,1,1,-1.021898743686649,1,1.0,0.0,0.0,0
0.5188809498616196,0,0.7458121995935818,-0.31206022412828616,0.672363138049956,-1.0457411022578735,1,0,0.15590239544074444,0,0.0,1.0,0.0,1
0.8547883436497763,1,1.9164350814042381,-1.0057476070746194,1.131928549269763,4.242138297553191,1,0,-1.23771005340953,0,0.0,1.0,0.0,1
-0.24740779221761294,0,-0.42481068221707435,-0.6589039156014528,0.9593992348632058,0.7168853643458143,1,1,-1.06523540295492,0,1.0,0.0,0.0,0
-0.7092804586763285,1,1.623779360951574,0.7284708502912138,0.9099011990378606,-1.0457411022578735,1,0,-0.5995433676204786,0,0.0,1.0,0.0,1
-0.5413267617822501,1,0.06294885187069905,0.7284708502912138,-1.0223976130812507,-1.0457411022578735,0,1,0.34065200117663297,1,1.0,0.0,0.0,0
-0.06895698926765469,1,-0.6199144958521837,-1.3525912985477861,1.106837485182974,0.7168853643458143,1,1,1.3639798260159668,0,0.0,0.0,1.0,0
0.6553433285880582,0,0.3556045723233631,0.03478346734488051,1.1880089806238436,2.479511830949502,1,0,0.8567844546518981,0,0.0,1.0,0.0,1
1.2431812677173326,0,-0.8150183094872931,1.7690019247107138,2.055643289780018,0.7168853643458143,1,1,-0.061473320039953164,0,1.0,0.0,0.0,0
-1.58054026131436,1,-0.6199144958521837,1.0753145417643806,-1.0223976130812507,0.7168853643458143,0,1,1.4396486942467759,1,0.0,0.0,1.0,0
-0.4888412315028506,0,0.6482602927760271,-0.6589039156014528,-1.0223976130812507,-1.0457411022578735,1,0,-1.0658981544237967,1,0.0,0.0,1.0,1
1.810024994734847,0,-1.2052259367575118,1.0753145417643806,0.6115692830335274,0.7168853643458143,1,1,-1.3947120594931064,0,0.0,0.0,1.0,0
-0.3943672769999315,0,-0.5223625890346291,-1.0057476070746194,1.6793968473202807,0.7168853643458143,1,1,-0.598404371967815,0,1.0,0.0,0.0,0
0.8547883436497763,0,-0.5223625890346291,-0.6589039156014528,0.9449018570393279,0.7168853643458143,0,1,-1.2464935923139313,0,0.0,0.0,1.0,0
0.9597594042085753,1,0.5507083859584725,-1.0057476070746194,0.4741896224895431,-1.0457411022578735,0,1,-0.24668182044473652,0,1.0,0.0,0.0,0
1.3901407524996512,0,-1.1076740299399572,1.0753145417643806,0.043961093629911456,-1.0457411022578735,1,1,-0.35142292378986617,0,1.0,0.0,0.0,0
-0.6987833526204486,0,-0.03460305494685562,1.422158233237547,-1.0223976130812507,0.7168853643458143,1,1,0.8507603560910784,1,0.0,0.0,1.0,0
-0.19492226193821346,1,-0.8150183094872931,1.422158233237547,1.1812677635609998,0.7168853643458143,1,1,0.12022103612344417,0,0.0,0.0,1.0,0
-0.6253036102292893,0,2.1115388950393474,-1.6994349900209527,1.1002389819935783,-1.0457411022578735,0,0,-1.544281706892075,0,1.0,0.0,0.0,1
-0.8457428374027671,1,-1.2052259367575118,1.0753145417643806,-1.0223976130812507,0.7168853643458143,0,1,-1.1383459117197465,1,0.0,0.0,1.0,0
-1.0766791706321248,0,-0.3272587753995197,1.7690019247107138,0.1854931480154536,0.7168853643458143,0,1,1.5691164997112128,0,1.0,0.0,0.0,0
-1.4125865644202815,0,-0.42481068221707435,-0.6589039156014528,-1.0223976130812507,0.7168853643458143,1,1,-1.6624178501999143,1,1.0,0.0,0.0,0
-0.7302746707880883,1,0.06294885187069905,1.7690019247107138,-1.0223976130812507,0.7168853643458143,1,1,1.2265385304974394,1,1.0,0.0,0.0,0
1.5580944493937294,0,-1.2052259367575118,1.0753145417643806,-0.33439319730380246,0.7168853643458143,1,1,-1.2292464395597382,0,0.0,1.0,0.0,0
-1.4440778825879212,1,-0.22970686858196498,1.422158233237547,-1.0223976130812507,0.7168853643458143,0,1,0.7954542664987776,1,1.0,0.0,0.0,0
-0.7197775647322083,1,-0.1321549617644103,-1.0057476070746194,-1.0223976130812507,0.7168853643458143,0,1,1.528543965155544,1,0.0,0.0,1.0,0
-1.4230836704761616,1,0.06294885187069905,0.7284708502912138,-1.0223976130812507,0.7168853643458143,0,1,-1.7186434640814938,1,1.0,0.0,0.0,0
-0.4153614891116913,1,0.16050075868825375,0.03478346734488051,2.0381919280676914,0.7168853643458143,1,1,0.12724672217898222,0,1.0,0.0,0.0,0
-0.27889911038525267,1,-1.2052259367575118,0.7284708502912138,1.0689843215552157,0.7168853643458143,0,1,1.6878916256525263,0,1.0,0.0,0.0,0
-1.3915923523085219,0,-1.0101221231224025,0.7284708502912138,-1.0223976130812507,0.7168853643458143,0,1,0.8221433722475253,1,1.0,0.0,0.0,0
-0.25790489827349283,1,0.2580526655058084,1.0753145417643806,1.0265825156336623,4.242138297553191,1,0,-0.10129930496981694,0,0.0,1.0,0.0,1
-1.3601010341408821,0,-0.22970686858196498,0.38162715881804715,-1.0223976130812507,0.7168853643458143,1,1,0.0445306544941689,1,0.0,0.0,1.0,0
0.15148223790582316,1,-0.42481068221707435,0.7284708502912138,0.6947392559324912,0.7168853643458143,1,1,-1.2721687924123872,0,1.0,0.0,0.0,0
0.35092725296754124,0,-0.22970686858196498,1.7690019247107138,0.4556431009289382,-1.0457411022578735,1,1,0.6258200786222953,0,0.0,0.0,1.0,0
-0.35237885277641195,1,-1.4978816572101759,-1.3525912985477861,0.6852109303456365,0.7168853643458143,0,1,1.590990941582266,0,1.0,0.0,0.0,0
0.25645329846462217,1,-1.3027778435750665,0.03478346734488051,-1.0223976130812507,-1.0457411022578735,0,1,-0.1535890079029846,1,1.0,0.0,0.0,0
-1.3286097159732424,0,-0.42481068221707435,1.0753145417643806,-1.0223976130812507,0.7168853643458143,0,1,0.7314366384888776,1,1.0,0.0,0.0,0
-0.7092804586763285,1,-0.03460305494685562,-0.31206022412828616,-1.0223976130812507,-1.0457411022578735,1,0,-0.07339070181930663,1,1.0,0.0,0.0,1
0.4349041014145804,0,0.16050075868825375,-1.6994349900209527,0.460367961030355,-1.0457411022578735,1,1,0.7628272892782235,0,0.0,0.0,1.0,0
-0.7932573071233676,1,-0.42481068221707435,-1.3525912985477861,-1.0223976130812507,0.7168853643458143,0,1,-0.32163155128326987,1,0.0,0.0,1.0,0
-1.171153125135044,0,1.623779360951574,0.03478346734488051,-1.0223976130812507,-1.0457411022578735,0,0,-1.5558843684712862,1,1.0,0.0,0.0,1
-1.8219737005995975,0,0.5507083859584725,0.03478346734488051,1.1817181337530551,-1.0457411022578735,1,0,1.6073681896597711,0,1.0,0.0,0.0,1
0.9597594042085753,0,0.2580526655058084,-1.0057476070746194,0.4534134785403721,-1.0457411022578735,1,1,-0.495750241769051,0,1.0,0.0,0.0,0
-0.31039042855289234,1,0.5507083859584725,0.38162715881804715,-1.0223976130812507,-1.0457411022578735,1,1,0.2560084023873124,1,0.0,0.0,1.0,0
-0.13193962560293407,0,-1.2052259367575118,-0.31206022412828616,1.4494150510246187,0.7168853643458143,1,1,-0.2952327029186664,0,0.0,0.0,1.0,0
1.085724676879134,0,-0.6199144958521837,-1.0057476070746194,-1.0223976130812507,-1.0457411022578735,1,1,0.25767048591397135,1,0.0,0.0,1.0,0
-0.961211004017446,0,0.5507083859584725,-1.3525912985477861,-1.0223976130812507,0.7168853643458143,0,1,-0.17541747355957393,1,1.0,0.0,0.0,0
-1.5280547310349606,0,2.6968503359446756,-0.31206022412828616,-1.0223976130812507,-1.0457411022578735,1,0,-1.7014755986103576,1,0.0,0.0,1.0,1
-2.000424503549556,1,0.16050075868825375,-0.31206022412828616,0.4529362085550144,-1.0457411022578735,1,0,0.7199453607952733,0,1.0,0.0,0.0,1
-1.0346907464086053,1,0.06294885187069905,1.7690019247107138,1.3092993432409155,-1.0457411022578735,1,0,-1.3330577824018024,0,0.0,1.0,0.0,1
0.27744751057638195,1,-0.42481068221707435,1.422158233237547,0.8236941267214419,0.7168853643458143,0,1,-1.2903583708155164,0,0.0,0.0,1.0,0
-1.370598140196762,1,-0.3272587753995197,0.03478346734488051,-1.0223976130812507,0.7168853643458143,1,1,0.10244073277661833,1,0.0,0.0,1.0,0
-1.1396618069674043,0,-0.5223625890346291,-1.3525912985477861,0.26795212877288216,0.7168853643458143,0,1,-0.30306028355251524,0,1.0,0.0,0.0,0
0.34043014691166135,1,-0.03460305494685562,-1.0057476070746194,-1.0223976130812507,-1.0457411022578735,1,1,-0.2950078532056652,1,0.0,0.0,1.0,0
-1.5175576249790805,0,-0.1321549617644103,-1.3525912985477861,-1.0223976130812507,0.7168853643458143,0,1,0.9783637826852146,1,1.0,0.0,0.0,0
-0.7302746707880883,0,-0.42481068221707435,-1.3525912985477861,-1.0223976130812507,0.7168853643458143,1,1,-0.03089826994568297,1,0.0,0.0,1.0,0
0.4663954195822201,1,2.4041946154920115,-0.6589039156014528,0.9252846592746488,2.479511830949502,0,0,0.7809682890396556,0,0.0,1.0,0.0,1
0.14098513184994327,0,-1.1076740299399572,0.03478346734488051,0.25552957871862725,-1.0457411022578735,1,1,-1.2759445673383452,0,1.0,0.0,0.0,0
0.13048802579406338,0,1.1360198268638007,-0.31206022412828616,0.792144696093,-1.0457411022578735,0,0,1.1567374416982725,0,0.0,1.0,0.0,1
0.4454012074704603,1,-0.42481068221707435,1.0753145417643806,-1.0223976130812507,-1.0457411022578735,1,1,-0.402563394856584,1,0.0,0.0,1.0,0
1.0122449344879747,1,-0.5223625890346291,0.03478346734488051,0.951886944084565,0.7168853643458143,1,1,-0.2930811895769023,0,1.0,0.0,0.0,0
-0.04796277715589489,1,-0.8150183094872931,-1.0057476070746194,1.8152335550496372,0.7168853643458143,1,1,0.9108009548022721,0,1.0,0.0,0.0,0
-1.3076155038614827,1,1.33112364049891,1.422158233237547,1.1965254229680329,-1.0457411022578735,1,0,1.1013191007446201,0,0.0,1.0,0.0,1
-0.18442515588233357,0,-1.1076740299399572,-1.0057476070746194,-1.0223976130812507,-1.0457411022578735,1,1,-0.2910315178875548,1,0.0,0.0,1.0,0
-1.2236386554144434,1,0.9409160132286912,-1.0057476070746194,0.738963643657731,-1.0457411022578735,1,0,-0.19102804657399927,0,1.0,0.0,0.0,1
-1.4860663068114408,1,2.1115388950393474,1.422158233237547,0.8092908176358188,-1.0457411022578735,1,0,-1.4103311337698288,0,0.0,1.0,0.0,1
-1.475569200755561,0,0.6482602927760271,-0.31206022412828616,-1.0223976130812507,-1.0457411022578735,1,0,-0.07702976256791538,1,1.0,0.0,0.0,1
-0.6253036102292893,0,-0.22970686858196498,1.422158233237547,-1.0223976130812507,0.7168853643458143,1,1,-1.6058280700007503,1,1.0,0.0,0.0,0
0.6448462225321784,1,-0.3272587753995197,-0.6589039156014528,0.5490683381403453,-1.0457411022578735,1,1,-0.8015800299948117,0,1.0,0.0,0.0,0
0.9492622981526954,0,-0.6199144958521837,0.03478346734488051,0.06478958747622743,0.7168853643458143,0,1,-0.3876443735057562,0,0.0,1.0,0.0,0
0.34043014691166135,0,0.16050075868825375,-0.31206022412828616,0.23592623354211548,4.242138297553191,1,0,0.33910893532213343,0,0.0,1.0,0.0,1
0.4349041014145804,0,-0.1321549617644103,-1.0057476070746194,1.6543415422401566,0.7168853643458143,1,1,-0.48128699217443743,0,1.0,0.0,0.0,0
-0.9087254737380465,1,-0.42481068221707435,1.7690019247107138,-1.0223976130812507,0.7168853643458143,0,1,1.4516948094266284,1,0.0,0.0,1.0,0
0.5818635861968989,0,0.06294885187069905,0.03478346734488051,1.6047223768066479,0.7168853643458143,1,1,-1.3187572712568763,0,0.0,0.0,1.0,0
-0.7512688828998481,0,1.7213312677691288,-1.3525912985477861,1.0469986533670808,-1.0457411022578735,1,0,1.5053011670449543,0,0.0,0.0,1.0,1
2.030464221908325,1,-0.7174664026697384,0.38162715881804715,1.1037597944606554,0.7168853643458143,1,1,1.3711984386771048,0,1.0,0.0,0.0,0
0.08849960157054378,1,-0.03460305494685562,1.422158233237547,-1.0223976130812507,-1.0457411022578735,0,1,-0.21341412563921902,1,0.0,0.0,1.0,0
0.8547883436497763,1,-0.7174664026697384,1.422158233237547,0.25042651074491223,-1.0457411022578735,1,1,-1.4071736955546237,0,0.0,0.0,1.0,0
-0.5413267617822501,1,0.2580526655058084,0.03478346734488051,0.45327205327977677,-1.0457411022578735,1,1,-1.2367735265956568,0,1.0,0.0,0.0,0
0.886279661817416,1,-0.1321549617644103,1.422158233237547,0.6731230974798976,0.7168853643458143,1,1,0.8638311336204556,0,1.0,0.0,0.0,0
2.030464221908325,0,3.0870579632148942,-1.3525912985477861,0.5392011073732029,2.479511830949502,1,0,-0.649403097497865,0,0.0,1.0,0.0,1
0.07800249551466389,1,-1.4003297503926213,0.7284708502912138,-1.0223976130812507,-1.0457411022578735,0,1,-1.1121431128734232,1,1.0,0.0,0.0,0
-0.7932573071233676,1,-0.1321549617644103,0.7284708502912138,-1.0223976130812507,0.7168853643458143,1,1,-0.44055380111086817,1,1.0,0.0,0.0,0
1.316661010108492,0,1.4286755473164647,-1.3525912985477861,0.2915211800039017,-1.0457411022578735,1,0,1.4442924654027838,0,0.0,1.0,0.0,1
2.030464221908325,1,1.7213312677691288,-1.3525912985477861,1.711778399698421,-1.0457411022578735,0,0,0.9739460757082503,0,0.0,1.0,0.0,1
-0.06895698926765469,1,0.3556045723233631,-0.31206022412828616,2.1110684614984474,-1.0457411022578735,1,0,1.237570393036702,0,0.0,0.0,1.0,1
0.5818635861968989,0,-0.9125702163048478,-1.0057476070746194,-1.0223976130812507,-1.0457411022578735,1,1,0.7748534525159503,1,1.0,0.0,0.0,0
1.7155510402319278,1,-0.42481068221707435,1.7690019247107138,0.5434032738862006,-1.0457411022578735,1,1,-0.6967612008229659,0,0.0,0.0,1.0,0
-1.6015344734261199,0,0.4531564791409178,0.7284708502912138,0.6264709631399729,-1.0457411022578735,1,0,1.6478076534362178,0,0.0,1.0,0.0,1
-1.2341357614703234,1,0.06294885187069905,0.38162715881804715,-1.0223976130812507,0.7168853643458143,1,1,-0.22460907361846727,1,1.0,0.0,0.0,0
-0.31039042855289234,0,1.623779360951574,-1.0057476070746194,1.5458282592884673,-1.0457411022578735,1,0,0.016872404843551087,0,1.0,0.0,0.0,1
-1.0241936403527254,1,1.33112364049891,-1.0057476070746194,-1.0223976130812507,-1.0457411022578735,1,0,0.5083404409579713,1,1.0,0.0,0.0,1
-2.5567711245111906,1,-0.3272587753995197,-1.0057476070746194,-1.0223976130812507,0.7168853643458143,1,1,-0.6721335644336922,1,0.0,0.0,1.0,0
-1.779985276376078,1,-0.1321549617644103,-1.0057476070746194,-1.0223976130812507,0.7168853643458143,1,1,0.4685923553499732,1,1.0,0.0,0.0,0
0.4873896316939799,1,-0.1321549617644103,1.0753145417643806,0.68439717132909,0.7168853643458143,0,1,-0.4433635550476366,0,1.0,0.0,0.0,0
0.22496198029698244,1,1.0384679200462459,-1.0057476070746194,0.8611212427247412,-1.0457411022578735,1,0,1.6541022309342046,0,0.0,1.0,0.0,1
-1.968933185381916,0,0.9409160132286912,0.03478346734488051,-1.0223976130812507,-1.0457411022578735,1,0,1.055129834237797,1,1.0,0.0,0.0,1
-0.4888412315028506,0,1.1360198268638007,0.03478346734488051,1.0805301316397435,2.479511830949502,1,0,1.4754818618193821,0,0.0,0.0,1.0,1
-0.11094541349117427,0,1.8188831745866834,0.38162715881804715,0.4307066703844858,-1.0457411022578735,1,0,-1.488628973992231,0,0.0,1.0,0.0,1
-0.29989332249701245,0,-0.9125702163048478,1.422158233237547,0.13729419502234264,-1.0457411022578735,1,1,-1.1252227386553952,0,1.0,0.0,0.0,0
0.4558983135263402,0,2.013986988221793,0.03478346734488051,1.1947962655961748,-1.0457411022578735,1,0,0.7505996981726003,0,0.0,1.0,0.0,1
-1.171153125135044,0,-1.2052259367575118,-1.3525912985477861,-1.0223976130812507,0.7168853643458143,1,1,1.733649409723984,1,1.0,0.0,0.0,0
1.1382102071585336,1,-0.42481068221707435,0.03478346734488051,0.36374986332291,0.7168853643458143,1,1,0.07819235678288511,0,0.0,1.0,0.0,0
-1.276124185693843,1,-0.03460305494685562,-1.0057476070746194,0.8987999603875507,-1.0457411022578735,0,0,1.6687280454833568,0,1.0,0.0,0.0,1
0.5083838438057396,0,0.7458121995935818,-0.31206022412828616,0.8383282585843237,-1.0457411022578735,0,0,-0.4019658775637018,0,0.0,1.0,0.0,1
-1.4860663068114408,1,-0.5223625890346291,-1.0057476070746194,-1.0223976130812507,0.7168853643458143,1,1,0.6300538807414037,1,1.0,0.0,0.0,0
0.3929156771910608,1,0.06294885187069905,0.03478346734488051,0.22840089555833992,-1.0457411022578735,1,1,-1.2891733989483891,0,1.0,0.0,0.0,0
-0.9822052161292057,1,2.209090801856902,-1.3525912985477861,0.3013637660502342,-1.0457411022578735,1,0,0.12341247938783784,0,0.0,0.0,1.0,1
0.04651117734702419,0,-0.7174664026697384,0.7284708502912138,1.299719795293162,0.7168853643458143,1,1,-1.4785745831219865,0,1.0,0.0,0.0,0
1.316661010108492,1,-0.6199144958521837,1.422158233237547,-1.0223976130812507,-1.0457411022578735,1,1,-0.21073830995741727,1,1.0,0.0,0.0,0
-0.6358007162851692,1,-0.6199144958521837,-0.31206022412828616,-1.0223976130812507,0.7168853643458143,0,1,0.8117966420513499,1,0.0,0.0,1.0,0
0.03601407129114429,0,-0.22970686858196498,-1.6994349900209527,0.3377102190998499,-1.0457411022578735,1,1,1.4180782158766319,0,0.0,0.0,1.0,0
0.6238520104204186,1,0.2580526655058084,1.422158233237547,-1.0223976130812507,-1.0457411022578735,1,1,0.2351530710210184,1,1.0,0.0,0.0,0
-0.11094541349117427,1,-0.3272587753995197,0.38162715881804715,0.3310785341294946,-1.0457411022578735,0,1,1.1197737797353005,0,1.0,0.0,0.0,0
0.08849960157054378,1,-0.9125702163048478,-1.3525912985477861,1.9217886296948825,0.7168853643458143,1,1,-0.6242478623607239,0,0.0,0.0,1.0,0
-1.066182064576245,0,-1.4003297503926213,-1.0057476070746194,-1.0223976130812507,0.7168853643458143,0,1,1.7029058958401115,1,0.0,0.0,1.0,0
1.49511181305845,0,-1.5954335640277306,1.0753145417643806,1.783331044499527,0.7168853643458143,0,1,1.6121210892644502,0,1.0,0.0,0.0,0
-1.3181126099173626,0,0.3556045723233631,-1.0057476070746194,-1.0223976130812507,0.7168853643458143,0,1,-0.15920157597056475,1,1.0,0.0,0.0,0
-1.3391068220291222,0,-1.1076740299399572,-1.3525912985477861,-1.0223976130812507,0.7168853643458143,1,1,-1.0746919295419841,1,1.0,0.0,0.0,0
1.211689949549693,0,0.06294885187069905,-0.31206022412828616,0.9505670823700793,0.7168853643458143,1,1,0.7112544683003957,0,0.0,0.0,1.0,0
-0.7092804586763285,1,-0.9125702163048478,-1.0057476070746194,-1.0223976130812507,0.7168853643458143,0,1,-0.024173771468670766,1,1.0,0.0,0.0,0
1.316661010108492,1,-0.22970686858196498,-1.3525912985477861,1.3743444931353552,0.7168853643458143,1,1,1.664995123859182,0,1.0,0.0,0.0,0
-0.4888412315028506,1,0.16050075868825375,1.422158233237547,-1.0223976130812507,-1.0457411022578735,1,1,0.8655487355947692,1,1.0,0.0,0.0,0
-0.037465671100014995,0,-1.1076740299399572,0.38162715881804715,0.7132298839106054,0.7168853643458143,1,1,-1.1506925204975293,0,0.0,0.0,1.0,0
0.7393201770350974,1,2.013986988221793,0.03478346734488051,1.4353263245516865,-1.0457411022578735,1,0,-0.4837653703767675,0,0.0,1.0,0.0,1
0.29844172268814173,1,0.16050075868825375,-1.0057476070746194,1.6837109620748656,0.7168853643458143,1,1,1.17433106426486,0,1.0,0.0,0.0,0
-0.656794928396929,1,-0.1321549617644103,-1.0057476070746194,-1.0223976130812507,0.7168853643458143,0,1,-0.06678018965513535,1,1.0,0.0,0.0,0
-0.7722630950116078,0,-0.9125702163048478,1.7690019247107138,-1.0223976130812507,0.7168853643458143,1,1,0.20077275182547352,1,1.0,0.0,0.0,0
-0.016471458988255198,1,-0.1321549617644103,-1.3525912985477861,-1.0223976130812507,-1.0457411022578735,1,1,0.10977662815842643,1,0.0,0.0,1.0,0
-0.7617659889557279,0,2.6968503359446756,0.03478346734488051,-1.0223976130812507,-1.0457411022578735,1,0,-0.8702556557629307,1,1.0,0.0,0.0,1
-1.5280547310349606,1,0.6482602927760271,0.03478346734488051,0.07896803361903615,-1.0457411022578735,1,0,1.6212538739036284,0,1.0,0.0,0.0,1
-0.6987833526204486,1,0.4531564791409178,1.0753145417643806,-1.0223976130812507,0.7168853643458143,1,1,0.7618987432412009,1,1.0,0.0,0.0,0
-1.7694881703201981,0,-0.42481068221707435,-1.0057476070746194,-1.0223976130812507,0.7168853643458143,1,1,1.414978378050868,1,1.0,0.0,0.0,0
0.08849960157054378,0,0.4531564791409178,-1.0057476070746194,0.8512820392871475,4.242138297553191,1,0,-1.1116439673299787,0,0.0,1.0,0.0,1
-1.664517109761399,1,-0.42481068221707435,-1.0057476070746194,-1.0223976130812507,0.7168853643458143,1,1,0.8469101517462331,1,1.0,0.0,0.0,0
1.2536783737732125,0,-0.1321549617644103,-1.3525912985477861,0.47761282253301984,0.7168853643458143,1,1,1.6718983223395825,0,0.0,1.0,0.0,0
-1.779985276376078,1,-0.1321549617644103,0.38162715881804715,-1.0223976130812507,0.7168853643458143,1,1,0.46433894827903666,1,1.0,0.0,0.0,0
-1.5070605189232007,1,-0.9125702163048478,1.7690019247107138,-1.0223976130812507,0.7168853643458143,0,1,-1.2873138779422584,1,1.0,0.0,0.0,0
0.4454012074704603,1,-0.3272587753995197,-1.0057476070746194,1.6749213338058817,0.7168853643458143,1,1,-0.770129696874237,0,0.0,0.0,1.0,0
-1.5070605189232007,1,0.06294885187069905,0.7284708502912138,0.41182688132482415,0.7168853643458143,1,1,0.815864756303239,0,0.0,0.0,1.0,0
0.3194359347999015,1,0.5507083859584725,1.0753145417643806,0.5137600238202706,0.7168853643458143,1,1,-1.6989644298248812,0,0.0,1.0,0.0,0
1.316661010108492,0,-0.3272587753995197,-0.31206022412828616,-1.0223976130812507,-1.0457411022578735,1,1,0.3444178868791026,1,1.0,0.0,0.0,0
-0.12144251954705418,0,-0.03460305494685562,0.7284708502912138,-0.06288730151595374,-1.0457411022578735,1,1,1.1799342635943983,0,1.0,0.0,0.0,0
-0.9402167919056862,0,0.8433641064111366,-1.0057476070746194,-1.0223976130812507,-1.0457411022578735,0,0,0.19408590179577703,1,1.0,0.0,0.0,1
0.21446487424110255,1,-0.8150183094872931,-1.3525912985477861,0.23614465342066593,-1.0457411022578735,0,1,1.2927517396169288,0,1.0,0.0,0.0,0
-0.12144251954705418,1,0.4531564791409178,1.422158233237547,1.234626644569956,-1.0457411022578735,1,0,-1.5338863980542017,0,0.0,1.0,0.0,1
1.2221870556055727,1,0.4531564791409178,1.0753145417643806,0.295932423952267,0.7168853643458143,1,1,-1.1069883985038445,0,0.0,1.0,0.0,0
-1.0031994282409655,1,0.4531564791409178,-0.31206022412828616,-1.0223976130812507,4.242138297553191,0,0,-1.4086192571354295,1,1.0,0.0,0.0,1
0.6448462225321784,0,0.06294885187069905,-1.0057476070746194,-1.0223976130812507,-1.0457411022578735,1,1,-0.8254052513203277,1,0.0,0.0,1.0,0
0.5083838438057396,0,1.7213312677691288,-1.0057476070746194,1.2850194609449677,-1.0457411022578735,1,0,-0.19579274384880446,0,0.0,1.0,0.0,1
0.7498172830909774,0,0.4531564791409178,0.03478346734488051,-1.0223976130812507,-1.0457411022578735,1,1,0.3534887337501163,1,0.0,0.0,1.0,0
1.3691465403878913,1,-0.5223625890346291,-1.3525912985477861,1.0166519817601258,0.7168853643458143,0,1,-0.65147567054687,0,1.0,0.0,0.0,0
-1.3496039280850023,1,0.4531564791409178,0.7284708502912138,0.5476784081019881,0.7168853643458143,1,1,1.042871534490815,0,0.0,0.0,1.0,0
0.10949381368230357,1,0.16050075868825375,1.422158233237547,-1.0223976130812507,-1.0457411022578735,1,1,-0.052801685506605835,1,1.0,0.0,0.0,0
0.5713664801410191,0,-0.3272587753995197,1.0753145417643806,-1.0223976130812507,-1.0457411022578735,1,1,-0.5587515351965743,1,1.0,0.0,0.0,0
-1.5280547310349606,1,-0.5223625890346291,0.7284708502912138,-1.0223976130812507,0.7168853643458143,0,1,1.0166860851593837,1,1.0,0.0,0.0,0
-1.5700431552584801,1,0.2580526655058084,-0.6589039156014528,-0.07493985860484699,0.7168853643458143,1,1,0.6735511965175751,0,1.0,0.0,0.0,0
0.371921465079301,0,-0.22970686858196498,-0.6589039156014528,0.25898483300681757,-1.0457411022578735,0,1,1.362864425703557,0,1.0,0.0,0.0,0
-0.9402167919056862,0,-0.1321549617644103,0.7284708502912138,-1.0223976130812507,0.7168853643458143,1,1,-1.2322095632081527,1,1.0,0.0,0.0,0
1.0227420405438548,1,-0.1321549617644103,0.38162715881804715,-1.0223976130812507,-1.0457411022578735,1,1,0.2850197407043617,1,1.0,0.0,0.0,0
-0.5098354436146104,1,-0.42481068221707435,0.7284708502912138,0.3734299230731824,-1.0457411022578735,0,1,-0.6909152817800874,0,0.0,0.0,1.0,0
-0.0059743529323753,0,-0.8150183094872931,-0.31206022412828616,0.17477527168885332,-1.0457411022578735,1,1,-1.3321743451034989,0,1.0,0.0,0.0,0
0.7708114952027372,0,-1.5954335640277306,1.422158233237547,0.0368996562731458,-1.0457411022578735,1,1,0.7994378886131428,0,1.0,0.0,0.0,0
1.3061639040526118,1,-1.79053737766284,-1.6994349900209527,0.9914320563880563,0.7168853643458143,1,1,0.14899485958162126,0,1.0,0.0,0.0,0
-2.3468290033935926,1,-1.1076740299399572,-1.0057476070746194,-1.0223976130812507,0.7168853643458143,1,1,0.9366142570392687,1,0.0,0.0,1.0,0
1.2536783737732125,1,-0.1321549617644103,-1.0057476070746194,-1.0223976130812507,-1.0457411022578735,0,1,-1.5900589224202117,1,1.0,0.0,0.0,0
-1.3076155038614827,0,0.16050075868825375,0.03478346734488051,-1.0223976130812507,0.7168853643458143,0,1,1.342611295999166,1,1.0,0.0,0.0,0
-0.8982283676821666,0,-0.7174664026697384,-0.6589039156014528,-1.0223976130812507,0.7168853643458143,1,1,1.6474112170209347,1,0.0,0.0,1.0,0
0.057008283402904085,1,-0.42481068221707435,-1.0057476070746194,0.8739861091407215,0.7168853643458143,0,1,-0.7736637930577489,0,1.0,0.0,0.0,0
1.9359902674054057,0,1.33112364049891,-0.6589039156014528,0.7878300981085951,-1.0457411022578735,1,0,-0.24631522519506754,0,0.0,1.0,0.0,1
0.8442912375938965,0,0.4531564791409178,-1.3525912985477861,0.9997159041123143,-1.0457411022578735,1,0,0.6730987211691906,0,0.0,1.0,0.0,1
-1.066182064576245,0,1.2335717336813552,1.422158233237547,1.2039146512192307,-1.0457411022578735,1,0,1.7176307761192975,0,0.0,1.0,0.0,1
-1.4650720946996811,1,0.06294885187069905,-0.6589039156014528,-1.0223976130812507,0.7168853643458143,0,1,-1.51371220864257,1,0.0,0.0,1.0,0
1.0017478284320949,0,-0.22970686858196498,-1.3525912985477861,0.37635861793439523,-1.0457411022578735,1,1,0.09658371004420918,0,1.0,0.0,0.0,0
0.8652854497056562,0,-1.1076740299399572,0.38162715881804715,-1.0223976130812507,-1.0457411022578735,1,1,-0.7311298958435332,1,1.0,0.0,0.0,0
-0.8352457313468872,1,0.4531564791409178,0.38162715881804715,-1.0223976130812507,0.7168853643458143,1,1,0.8630377403044417,1,0.0,0.0,1.0,0
-1.8114765945437177,0,-0.6199144958521837,-0.6589039156014528,-1.0223976130812507,0.7168853643458143,1,1,0.6883832967987937,1,1.0,0.0,0.0,0
-0.17392804982645366,1,0.06294885187069905,-0.6589039156014528,-1.0223976130812507,-1.0457411022578735,1,1,0.10901810736734571,1,0.0,0.0,1.0,0
-1.0766791706321248,1,0.3556045723233631,-1.3525912985477861,-1.0223976130812507,0.7168853643458143,0,1,1.45353004111191,1,0.0,0.0,1.0,0
-1.4440778825879212,1,0.3556045723233631,1.0753145417643806,-1.0223976130812507,0.7168853643458143,1,1,0.030745250446388046,1,1.0,0.0,0.0,0
0.28794461663226184,0,-1.1076740299399572,1.422158233237547,0.9515970061926838,0.7168853643458143,0,1,0.6614018517241153,0,1.0,0.0,0.0,0
-0.35237885277641195,1,0.7458121995935818,-0.31206022412828616,-1.0223976130812507,-1.0457411022578735,1,0,-1.6337083934419865,1,0.0,0.0,1.0,1
0.28794461663226184,0,-1.4003297503926213,1.422158233237547,0.2543583907120338,-1.0457411022578735,0,1,1.6804891081335331,0,0.0,0.0,1.0,0
-0.23691068616173305,0,-0.22970686858196498,-1.3525912985477861,-1.0223976130812507,-1.0457411022578735,1,1,0.7676658954864694,1,0.0,0.0,1.0,0
-1.5490489431467203,1,-1.2052259367575118,1.7690019247107138,-1.0223976130812507,0.7168853643458143,1,1,-1.622800406439053,1,1.0,0.0,0.0,0
-1.1081704887997645,1,1.33112364049891,-1.3525912985477861,-1.0223976130812507,-1.0457411022578735,0,0,-0.6268216628949604,1,1.0,0.0,0.0,1
-1.5385518370908404,0,-0.8150183094872931,-1.6994349900209527,-1.0223976130812507,0.7168853643458143,1,1,0.5350566119499507,1,1.0,0.0,0.0,0
0.6238520104204186,1,-0.7174664026697384,1.0753145417643806,0.7426482710337208,0.7168853643458143,1,1,-0.8364218462864854,0,1.0,0.0,0.0,0
0.29844172268814173,0,-0.8150183094872931,-0.31206022412828616,0.3460866858729032,0.7168853643458143,0,1,1.6417865042929298,0,0.0,1.0,0.0,0
1.8730076310701265,1,-1.0101221231224025,-1.0057476070746194,1.6123261590978377,0.7168853643458143,1,1,0.951545770040819,0,1.0,0.0,0.0,0
-1.1081704887997645,1,-0.7174664026697384,-1.3525912985477861,-1.0223976130812507,0.7168853643458143,1,1,1.4815068278559462,1,1.0,0.0,0.0,0
-2.1263897762201145,0,1.1360198268638007,1.7690019247107138,0.47393254422540837,-1.0457411022578735,1,0,0.9478107664748572,0,0.0,1.0,0.0,1
-0.8352457313468872,0,-0.42481068221707435,-1.0057476070746194,-1.0223976130812507,0.7168853643458143,1,1,-0.2720449027702843,1,1.0,0.0,0.0,0
-1.8534650187672372,1,0.5507083859584725,1.7690019247107138,1.0652932511149622,-1.0457411022578735,1,0,-1.6350340698748886,0,0.0,1.0,0.0,1
-1.5175576249790805,1,0.16050075868825375,0.03478346734488051,-1.0223976130812507,0.7168853643458143,1,1,0.8109895426185711,1,1.0,0.0,0.0,0
-1.7065055339849187,1,0.16050075868825375,0.7284708502912138,-1.0223976130812507,0.7168853643458143,0,1,1.0124843796428258,1,1.0,0.0,0.0,0
1.0437362526556144,0,-1.2052259367575118,0.03478346734488051,0.6148033791408551,0.7168853643458143,0,1,0.9498351078724622,0,1.0,0.0,0.0,0
-1.6120315794819997,1,-0.6199144958521837,-0.31206022412828616,-1.0223976130812507,0.7168853643458143,1,1,0.9251344300254931,1,1.0,0.0,0.0,0
-0.6672920344528088,1,0.2580526655058084,0.38162715881804715,-1.0223976130812507,0.7168853643458143,1,1,-0.010012750423476746,1,1.0,0.0,0.0,0
-1.381095246252642,0,-0.8150183094872931,0.03478346734488051,-1.0223976130812507,0.7168853643458143,0,1,0.858485748082213,1,0.0,0.0,1.0,0
1.3796436464437711,0,0.2580526655058084,0.38162715881804715,-1.0223976130812507,-1.0457411022578735,1,1,-1.2863318953993683,1,1.0,0.0,0.0,0
1.0227420405438548,0,1.623779360951574,-0.6589039156014528,1.5807422580755837,-1.0457411022578735,1,0,-1.5897839326091725,0,0.0,1.0,0.0,1
-0.6358007162851692,1,-0.22970686858196498,-1.0057476070746194,-1.0223976130812507,0.7168853643458143,0,1,0.4483867633163867,1,0.0,0.0,1.0,0
-0.3943672769999315,0,1.623779360951574,-1.6994349900209527,-1.0223976130812507,2.479511830949502,0,0,-0.6749476557491837,1,1.0,0.0,0.0,1
0.18297355607346286,1,-1.0101221231224025,0.03478346734488051,-1.0223976130812507,-1.0457411022578735,1,1,0.9058466273296966,1,1.0,0.0,0.0,0
-0.446852807279331,1,0.7458121995935818,-0.31206022412828616,-1.0223976130812507,-1.0457411022578735,1,0,-0.4395333026449173,1,1.0,0.0,0.0,1
1.190695737437933,1,-0.7174664026697384,-0.6589039156014528,1.4750558695697356,0.7168853643458143,1,1,1.4981432776859387,0,1.0,0.0,0.0,0
-0.6882862465645686,1,-1.0101221231224025,0.03478346734488051,-1.0223976130812507,0.7168853643458143,1,1,-0.8866762776276661,1,1.0,0.0,0.0,0
-1.9584360793260362,1,-0.42481068221707435,1.422158233237547,-1.0223976130812507,0.7168853643458143,0,1,-0.18563876676307983,1,0.0,0.0,1.0,0
1.316661010108492,0,3.2821617768500038,0.03478346734488051,1.3722798131919478,-1.0457411022578735,1,0,-1.684775996546158,0,0.0,1.0,0.0,1
-1.2341357614703234,0,-0.03460305494685562,1.0753145417643806,0.6759255082815359,-1.0457411022578735,0,0,-0.33203796381067396,0,0.0,1.0,0.0,1
0.5713664801410191,1,0.4531564791409178,-1.0057476070746194,-0.3935015467087619,0.7168853643458143,1,1,1.3135331620497825,0,0.0,1.0,0.0,0
1.5161060251702099,0,-0.6199144958521837,-0.31206022412828616,0.1884239368725523,-1.0457411022578735,1,1,-1.072462169888057,0,1.0,0.0,0.0,0
0.28794461663226184,0,0.2580526655058084,0.38162715881804715,1.1554194783465812,0.7168853643458143,1,1,0.3861007903878631,0,1.0,0.0,0.0,0
0.5188809498616196,1,-1.4978816572101759,-1.0057476070746194,0.48047885859426526,0.7168853643458143,0,1,0.47665068453188625,0,0.0,1.0,0.0,0
0.04651117734702419,1,0.2580526655058084,0.03478346734488051,-1.0223976130812507,-1.0457411022578735,0,1,-0.1983745251598913,1,1.0,0.0,0.0,0
-0.8772341555704068,0,-1.1076740299399572,-0.31206022412828616,-1.0223976130812507,0.7168853643458143,1,1,1.0034263714128322,1,1.0,0.0,0.0,0
-0.4153614891116913,0,-1.2052259367575118,-1.0057476070746194,1.650636297058522,0.7168853643458143,0,1,1.1992118300764085,0,1.0,0.0,0.0,0
1.5895857675613692,1,0.2580526655058084,-1.6994349900209527,-1.0223976130812507,-1.0457411022578735,1,1,-0.3439511817064533,1,1.0,0.0,0.0,0
-0.6672920344528088,1,-0.7174664026697384,1.422158233237547,-1.0223976130812507,0.7168853643458143,0,1,-1.3744537249342481,1,1.0,0.0,0.0,0
-0.05845988321177479,1,-1.0101221231224025,1.7690019247107138,0.25917586986224594,-1.0457411022578735,1,1,-0.4341931219611426,0,1.0,0.0,0.0,0
-0.18442515588233357,1,-0.1321549617644103,0.03478346734488051,0.559160431850302,-1.0457411022578735,0,1,1.2781967110885364,0,1.0,0.0,0.0,0
-0.9402167919056862,1,0.3556045723233631,-1.0057476070746194,-1.0223976130812507,0.7168853643458143,1,1,1.1844687328065857,1,1.0,0.0,0.0,0
0.8652854497056562,0,-1.1076740299399572,1.0753145417643806,0.5710752684405516,-1.0457411022578735,1,1,0.12589450098829533,0,0.0,0.0,1.0,0
0.7288230709792175,0,-0.7174664026697384,1.422158233237547,0.8255062385456992,0.7168853643458143,1,1,-0.02663219772887506,0,1.0,0.0,0.0,0
2.030464221908325,1,-0.22970686858196498,-1.3525912985477861,0.6540424458918052,0.7168853643458143,0,1,-0.5399101355189502,0,1.0,0.0,0.0,0
-0.49933833755873047,1,-0.42481068221707435,-1.3525912985477861,-1.0223976130812507,-1.0457411022578735,1,1,1.4133659141368002,1,1.0,0.0,0.0,0
0.991250722376215,1,1.1360198268638007,-1.0057476070746194,0.5382476949387337,-1.0457411022578735,1,0,-0.3904917758898404,0,0.0,1.0,0.0,1
-0.15293383771469388,0,0.06294885187069905,-0.31206022412828616,-1.0223976130812507,-1.0457411022578735,1,1,-0.3971715126184308,1,1.0,0.0,0.0,0
0.791805707314497,0,0.9409160132286912,-0.31206022412828616,0.636089330549917,-1.0457411022578735,1,0,0.3667555607977739,0,0.0,1.0,0.0,1
2.030464221908325,1,-1.0101221231224025,1.422158233237547,0.5466178797241296,-1.0457411022578735,1,1,1.3209925859776221,0,0.0,0.0,1.0,0
-1.3391068220291222,1,-1.0101221231224025,1.422158233237547,-1.0223976130812507,0.7168853643458143,1,1,-0.8183483361379839,1,1.0,0.0,0.0,0
0.15148223790582316,1,-0.6199144958521837,0.38162715881804715,0.9735473986039734,0.7168853643458143,1,1,0.8140883394734416,0,0.0,0.0,1.0,0
2.030464221908325,0,-0.6199144958521837,0.03478346734488051,-1.0223976130812507,-1.0457411022578735,1,1,-1.6635238817742828,1,0.0,0.0,1.0,0
-0.36287595883229185,0,-0.03460305494685562,-0.31206022412828616,0.5664739540963978,-1.0457411022578735,1,1,0.18640978242693595,0,1.0,0.0,0.0,0
-0.3943672769999315,0,0.9409160132286912,-0.31206022412828616,-1.0223976130812507,-1.0457411022578735,0,0,-1.4160439820334851,1,1.0,0.0,0.0,1
1.6630655099525284,0,0.06294885187069905,0.38162715881804715,-1.0223976130812507,-1.0457411022578735,1,1,-0.2523613576398,1,0.0,0.0,1.0,0
0.07800249551466389,0,0.2580526655058084,0.03478346734488051,-1.0223976130812507,-1.0457411022578735,1,1,0.908086102711963,1,1.0,0.0,0.0,0
-1.1186675948556444,0,0.3556045723233631,1.7690019247107138,1.0507760608684724,-1.0457411022578735,1,0,-0.6353558892703628,0,0.0,1.0,0.0,1
-0.5098354436146104,0,0.2580526655058084,-0.6589039156014528,0.42348786118307125,-1.0457411022578735,0,0,1.7278577946627176,0,0.0,0.0,1.0,1
-0.4048643830558114,0,0.3556045723233631,-1.0057476070746194,-1.0223976130812507,4.242138297553191,0,0,0.1975030622489165,1,1.0,0.0,0.0,1
-0.07945409532353459,0,0.6482602927760271,0.03478346734488051,0.4721784199795275,-1.0457411022578735,1,0,1.2778315038000583,0,1.0,0.0,0.0,1
-1.0976733827438847,0,-0.42481068221707435,0.03478346734488051,-1.0223976130812507,0.7168853643458143,1,1,-1.7065364521043702,1,1.0,0.0,0.0,0
-1.3915923523085219,1,-0.9125702163048478,0.7284708502912138,-1.0223976130812507,0.7168853643458143,1,1,0.09950172495390414,1,1.0,0.0,0.0,0
-0.14243673165881396,1,0.6482602927760271,0.03478346734488051,-1.0223976130812507,-1.0457411022578735,1,0,0.7425573305443879,1,1.0,0.0,0.0,1
-0.5623209738940099,1,-0.03460305494685562,1.0753145417643806,-0.06623447340111518,-1.0457411022578735,1,1,1.5917043536346274,0,1.0,0.0,0.0,0
0.7393201770350974,1,0.7458121995935818,-0.6589039156014528,0.8339798345125327,4.242138297553191,1,0,0.5385011846366193,0,0.0,1.0,0.0,1
-1.0031994282409655,1,-0.42481068221707435,-0.31206022412828616,0.3490374482292202,0.7168853643458143,1,1,-1.2230755641029318,0,0.0,0.0,1.0,0
-0.11094541349117427,1,-0.8150183094872931,0.03478346734488051,0.5563905585231974,-1.0457411022578735,1,1,-1.5086525696145998,0,1.0,0.0,0.0,0
1.6315741917848887,1,-0.03460305494685562,-0.6589039156014528,1.0251727731726934,0.7168853643458143,1,1,1.303106971075401,0,0.0,0.0,1.0,0
-2.5042855942317908,1,-0.3272587753995197,0.7284708502912138,-1.0223976130812507,0.7168853643458143,1,1,-0.18798997302125134,1,1.0,0.0,0.0,0
-1.3181126099173626,0,1.4286755473164647,0.03478346734488051,1.0336234962613895,-1.0457411022578735,1,0,0.7249987539978828,0,1.0,0.0,0.0,1
-0.6777891405086888,1,-0.9125702163048478,0.7284708502912138,-1.0223976130812507,0.7168853643458143,1,1,-0.14776477575372143,1,1.0,0.0,0.0,0
-2.5777653366229503,0,-0.3272587753995197,-1.0057476070746194,-1.0223976130812507,0.7168853643458143,1,1,-0.10215099265586791,1,1.0,0.0,0.0,0
-1.7170026400407987,1,-0.22970686858196498,1.422158233237547,-1.0223976130812507,0.7168853643458143,1,1,-0.5880978926461892,1,1.0,0.0,0.0,0
-1.5595460492026,0,0.2580526655058084,0.03478346734488051,-1.0223976130812507,0.7168853643458143,1,1,-0.09616436904721509,1,1.0,0.0,0.0,0
0.6343491164762984,1,-0.22970686858196498,-1.0057476070746194,0.6365276199964774,0.7168853643458143,0,1,-0.8766369808353779,0,0.0,0.0,1.0,0
-0.04796277715589489,0,-0.22970686858196498,0.38162715881804715,0.7900155855069527,0.7168853643458143,0,1,0.18577340222069522,0,1.0,0.0,0.0,0
-1.1291647009115244,1,-0.7174664026697384,-0.31206022412828616,-1.0223976130812507,0.7168853643458143,0,1,-1.2843630724494175,1,1.0,0.0,0.0,0
0.20396776818522266,0,-0.42481068221707435,-1.3525912985477861,-0.006084602657875936,-1.0457411022578735,1,1,-1.0247976741299627,0,1.0,0.0,0.0,0
-0.22641358010585316,1,0.3556045723233631,-1.3525912985477861,1.3416709088694474,0.7168853643458143,0,1,1.1215331940405038,0,1.0,0.0,0.0,0
1.7995278886789672,1,0.3556045723233631,1.7690019247107138,-1.0223976130812507,-1.0457411022578735,1,1,1.498261254387205,1,0.0,0.0,1.0,0
-0.31039042855289234,0,-0.8150183094872931,0.38162715881804715,-1.0223976130812507,-1.0457411022578735,1,1,0.23759917912564946,1,0.0,0.0,1.0,0
0.015019859179384495,0,0.06294885187069905,-0.31206022412828616,-1.0223976130812507,-1.0457411022578735,1,1,0.8295922129712806,1,1.0,0.0,0.0,0
1.3481523282761316,1,-0.22970686858196498,-1.0057476070746194,-1.0223976130812507,-1.0457411022578735,0,1,-0.6575901600802773,1,1.0,0.0,0.0,0
-1.3076155038614827,1,0.3556045723233631,-1.3525912985477861,1.539118452163911,-1.0457411022578735,1,0,0.02202208785381104,0,1.0,0.0,0.0,1
-1.8639621248231173,0,-1.2052259367575118,-1.3525912985477861,-1.0223976130812507,0.7168853643458143,1,1,-1.3983126043186547,1,1.0,0.0,0.0,0
0.8652854497056562,1,-0.9125702163048478,-0.6589039156014528,-0.06582839927587486,0.7168853643458143,1,1,0.10098025061300517,0,0.0,1.0,0.0,0
-0.19492226193821346,1,0.3556045723233631,1.0753145417643806,1.316077768999884,-1.0457411022578735,1,0,1.6266580742973547,0,0.0,1.0,0.0,1
2.030464221908325,1,-0.6199144958521837,-0.31206022412828616,-1.0223976130812507,-1.0457411022578735,1,1,1.403721665798604,1,1.0,0.0,0.0,0
-0.17392804982645366,0,-0.42481068221707435,-0.6589039156014528,0.23121007157745532,-1.0457411022578735,1,1,1.1941886250297116,0,0.0,0.0,1.0,0
0.8232970254821367,1,0.7458121995935818,-1.0057476070746194,0.6905707544302729,-1.0457411022578735,1,0,0.2543043330346146,0,0.0,1.0,0.0,1
-0.5938122920616495,1,1.4286755473164647,0.7284708502912138,0.6892286641440765,-1.0457411022578735,1,0,-0.10555357951649787,0,0.0,1.0,0.0,1
0.3824185711351809,1,-0.03460305494685562,0.7284708502912138,2.1723759898133252,0.7168853643458143,1,1,-1.482263263483187,0,1.0,0.0,0.0,0
-1.3286097159732424,1,1.33112364049891,-1.3525912985477861,0.6966647656877951,-1.0457411022578735,0,0,0.1777768373117976,0,1.0,0.0,0.0,1
-0.6043093981175295,1,1.9164350814042381,-0.31206022412828616,-1.0223976130812507,-1.0457411022578735,0,0,1.3305957159655237,1,1.0,0.0,0.0,1
-2.0109216096054356,1,-0.5223625890346291,0.03478346734488051,-1.0223976130812507,0.7168853643458143,0,1,-0.36460907559327554,1,1.0,0.0,0.0,0
-0.4783441254469707,0,1.0384679200462459,-1.0057476070746194,0.4098209943428263,2.479511830949502,0,0,1.0708365235647244,0,1.0,0.0,0.0,1
1.4636204948908105,1,-0.6199144958521837,0.03478346734488051,0.6330374120846546,0.7168853643458143,0,1,0.3143605463092113,0,0.0,0.0,1.0,0
-0.6987833526204486,1,0.06294885187069905,1.422158233237547,-1.0223976130812507,0.7168853643458143,1,1,0.08704095636813161,1,1.0,0.0,0.0,0
-0.31039042855289234,0,-1.3027778435750665,-0.31206022412828616,-1.0223976130812507,-1.0457411022578735,1,1,1.6412696622442955,1,0.0,0.0,1.0,0
-0.36287595883229185,0,-0.7174664026697384,-1.3525912985477861,0.4222813973996325,-1.0457411022578735,1,1,0.9124432598819542,0,1.0,0.0,0.0,0
0.3089388287440216,0,0.2580526655058084,0.7284708502912138,1.4276672929844325,0.7168853643458143,0,1,0.5666490375974913,0,1.0,0.0,0.0,0
-1.6120315794819997,0,-0.22970686858196498,1.422158233237547,-1.0223976130812507,0.7168853643458143,1,1,-1.4476251304963457,1,0.0,0.0,1.0,0
-1.0556849585203651,0,1.5262274541340193,-0.31206022412828616,1.3938381451427717,-1.0457411022578735,1,0,0.9941599955089849,0,1.0,0.0,0.0,1
-0.446852807279331,0,-0.03460305494685562,-0.31206022412828616,0.14692190487546988,-1.0457411022578735,1,1,-0.41068262083576856,0,1.0,0.0,0.0,0
-0.55182386783813,1,-0.22970686858196498,0.38162715881804715,0.8497933692889444,0.7168853643458143,1,1,-0.34838224780988425,0,1.0,0.0,0.0,0
0.27744751057638195,1,-0.8150183094872931,-0.31206022412828616,0.04377376153643483,-1.0457411022578735,1,1,0.2684552913611712,0,1.0,0.0,0.0,0
1.5266031312260897,0,0.2580526655058084,-0.31206022412828616,0.43949565434704335,0.7168853643458143,0,1,1.205271668637906,0,0.0,1.0,0.0,0
0.25645329846462217,0,-0.1321549617644103,0.7284708502912138,0.09885422931673857,-1.0457411022578735,1,1,-0.4785998993079557,0,1.0,0.0,0.0,0
-0.12144251954705418,1,-0.03460305494685562,-1.3525912985477861,0.07420870312380687,-1.0457411022578735,0,1,1.1546324250564197,0,0.0,0.0,1.0,0
-0.7827602010674878,1,-0.5223625890346291,0.38162715881804715,-1.0223976130812507,0.7168853643458143,0,1,-0.4639725233024634,1,0.0,0.0,1.0,0
-0.29989332249701245,1,-0.6199144958521837,1.422158233237547,1.3798394604929294,0.7168853643458143,1,1,-1.4454141083185021,0,1.0,0.0,0.0,0
-0.8037544131792476,0,1.7213312677691288,-1.3525912985477861,1.0936383848082971,-1.0457411022578735,1,0,0.12500429737918398,0,1.0,0.0,0.0,1
-1.0766791706321248,0,1.5262274541340193,0.38162715881804715,0.7293910220040614,-1.0457411022578735,1,0,-1.0201391558862967,0,0.0,1.0,0.0,1
0.6028577983086588,0,-0.5223625890346291,1.7690019247107138,0.638645777373276,0.7168853643458143,1,1,-0.8681974828112861,0,0.0,0.0,1.0,0
0.3929156771910608,0,1.9164350814042381,-1.3525912985477861,1.2844162290532481,-1.0457411022578735,0,0,0.05057297004562534,0,0.0,1.0,0.0,1
-1.475569200755561,0,0.7458121995935818,-1.3525912985477861,0.6680646477262111,-1.0457411022578735,1,0,0.27890455719035867,0,1.0,0.0,0.0,1
-0.3943672769999315,0,-0.3272587753995197,-0.31206022412828616,0.4339462430964379,-1.0457411022578735,1,1,-1.3733598380203043,0,1.0,0.0,0.0,0
-0.446852807279331,1,-0.6199144958521837,0.7284708502912138,0.5797154176186103,0.7168853643458143,1,1,-0.8431265663165205,0,0.0,1.0,0.0,0
-0.22641358010585316,1,0.4531564791409178,1.7690019247107138,0.9459296868660468,0.7168853643458143,0,1,1.3780881045358895,0,1.0,0.0,0.0,0
0.28794461663226184,1,-0.03460305494685562,0.03478346734488051,0.6700339703185105,0.7168853643458143,1,1,1.7113851242533062,0,1.0,0.0,0.0,0
1.0122449344879747,0,-0.03460305494685562,-1.3525912985477861,0.8672713086413605,-1.0457411022578735,1,0,0.38702812195884345,0,0.0,1.0,0.0,1
1.3586494343320115,1,-0.1321549617644103,0.7284708502912138,1.6498024034661507,0.7168853643458143,1,1,-0.5679525034292784,0,1.0,0.0,0.0,0
-0.7617659889557279,0,-0.1321549617644103,-1.3525912985477861,-1.0223976130812507,0.7168853643458143,1,1,1.3992375101796033,1,1.0,0.0,0.0,0
-0.24740779221761294,1,0.3556045723233631,1.7690019247107138,-1.0223976130812507,-1.0457411022578735,0,1,-0.3522895320587243,1,0.0,0.0,1.0,0
-2.4203087457847516,0,-0.42481068221707435,-0.6589039156014528,-1.0223976130812507,0.7168853643458143,1,1,-0.6676575630866907,1,1.0,0.0,0.0,0
-1.4230836704761616,1,-1.5954335640277306,0.03478346734488051,-1.0223976130812507,0.7168853643458143,1,1,0.001992419901230225,1,1.0,0.0,0.0,0
1.2641754798290923,1,-0.1321549617644103,-1.3525912985477861,-1.0223976130812507,-1.0457411022578735,1,1,0.47059015198979337,1,1.0,0.0,0.0,0
1.4741176009466903,1,-0.9125702163048478,-1.3525912985477861,-1.0223976130812507,-1.0457411022578735,0,1,0.8722938799945027,1,1.0,0.0,0.0,0
0.34043014691166135,0,1.623779360951574,-1.3525912985477861,0.2065655118441632,-1.0457411022578735,1,0,-0.9949748990014117,0,0.0,1.0,0.0,1
-1.7274997460966786,0,1.33112364049891,1.0753145417643806,0.9974424688867528,-1.0457411022578735,1,0,-1.556232226244872,0,0.0,1.0,0.0,1
1.831019206846607,0,0.5507083859584725,1.7690019247107138,-1.0223976130812507,-1.0457411022578735,0,1,-0.9019020384017855,1,0.0,0.0,1.0,0
1.3691465403878913,0,0.3556045723233631,-1.0057476070746194,0.17736490029317195,0.7168853643458143,0,1,-0.9618518991500938,0,0.0,1.0,0.0,0
-0.29989332249701245,0,0.7458121995935818,-1.3525912985477861,-0.26742463164994484,4.242138297553191,1,0,-1.1874263013881816,0,1.0,0.0,0.0,1
-1.2446328675262033,0,-0.8150183094872931,1.0753145417643806,-1.0223976130812507,0.7168853643458143,1,1,-1.0153050605519232,1,0.0,0.0,1.0,0
-0.9192225797939264,1,0.2580526655058084,-0.31206022412828616,0.9144437204206056,-1.0457411022578735,1,0,1.1005911150997496,0,1.0,0.0,0.0,1
0.7183259649233377,1,0.06294885187069905,-1.3525912985477861,-0.2028240531897232,0.7168853643458143,1,1,1.462736387694231,0,0.0,1.0,0.0,0
-1.3076155038614827,1,0.5507083859584725,-0.6589039156014528,1.3711290819143929,-1.0457411022578735,1,0,-0.43156866084342127,0,1.0,0.0,0.0,1
-1.7065055339849187,1,-1.3027778435750665,0.38162715881804715,-1.0223976130812507,0.7168853643458143,0,1,0.17825724537915869,1,1.0,0.0,0.0,0
2.030464221908325,1,-0.8150183094872931,0.38162715881804715,0.3700998253083206,-1.0457411022578735,1,1,1.5457657876179947,0,1.0,0.0,0.0,0
0.3089388287440216,1,-0.42481068221707435,0.38162715881804715,1.33219010088154,0.7168853643458143,1,1,-0.1887019971124212,0,1.0,0.0,0.0,0
-0.026968565044135095,0,-0.1321549617644103,0.03478346734488051,-1.0223976130812507,-1.0457411022578735,0,1,-0.489626383497602,1,1.0,0.0,0.0,0
-1.0241936403527254,1,-0.03460305494685562,-0.6589039156014528,1.3272969157262255,-1.0457411022578735,1,0,-0.753007460627267,0,0.0,0.0,1.0,1
-0.4258585951675712,0,-0.7174664026697384,1.0753145417643806,-1.0223976130812507,-1.0457411022578735,0,1,-0.40350530002007384,1,1.0,0.0,0.0,0
0.7393201770350974,1,-0.03460305494685562,-1.0057476070746194,-0.019260991231021943,-1.0457411022578735,1,1,-0.7014898111067956,0,0.0,0.0,1.0,0
1.600082873617249,0,-0.03460305494685562,-1.0057476070746194,1.4704756562610461,0.7168853643458143,1,1,1.3027178214563724,0,1.0,0.0,0.0,0
1.4426262827790506,1,1.8188831745866834,-0.6589039156014528,0.8631081226671603,-1.0457411022578735,1,0,-0.11063230301084961,0,0.0,1.0,0.0,1
0.32993304085578146,1,0.16050075868825375,0.38162715881804715,-1.0223976130812507,-1.0457411022578735,1,1,-0.8991762561170946,1,1.0,0.0,0.0,0
-0.5098354436146104,1,-0.5223625890346291,-0.31206022412828616,-1.0223976130812507,-1.0457411022578735,0,1,0.5336783664869257,1,1.0,0.0,0.0,0
-0.14243673165881396,1,-0.22970686858196498,0.7284708502912138,1.5719769523741967,0.7168853643458143,0,1,-0.2675085251114584,0,1.0,0.0,0.0,0
0.26695040452050206,1,0.16050075868825375,-0.31206022412828616,-1.0223976130812507,-1.0457411022578735,0,1,0.09783287511643722,1,1.0,0.0,0.0,0
1.2536783737732125,0,-0.9125702163048478,0.7284708502912138,1.8475210386895233,0.7168853643458143,1,1,0.2794122039961002,0,1.0,0.0,0.0,0
-0.49933833755873047,1,-1.3027778435750665,1.7690019247107138,-1.0223976130812507,-1.0457411022578735,0,1,0.17664495496024002,1,1.0,0.0,0.0,0
-0.7407717768439681,1,-0.9125702163048478,-0.6589039156014528,-1.0223976130812507,0.7168853643458143,1,1,0.7377869079296683,1,1.0,0.0,0.0,0
-1.7694881703201981,1,-0.42481068221707435,-0.6589039156014528,-1.0223976130812507,0.7168853643458143,1,1,0.4556980223870481,1,1.0,0.0,0.0,0
-1.4020894583644017,0,0.16050075868825375,-1.0057476070746194,0.6361664862444789,-1.0457411022578735,1,0,0.5029362405642449,0,1.0,0.0,0.0,1
-0.5728180799498898,1,-0.3272587753995197,1.0753145417643806,-1.0223976130812507,-1.0457411022578735,1,1,-1.3396309931089556,1,1.0,0.0,0.0,0
0.9387651920968155,0,-1.6929854708452852,1.0753145417643806,1.6656982483885354,0.7168853643458143,0,1,1.6456021831031398,0,1.0,0.0,0.0,0
0.20396776818522266,1,-1.0101221231224025,-1.3525912985477861,0.0964251940892008,0.7168853643458143,1,1,0.49875830388308867,0,0.0,1.0,0.0,0
-0.4678470193910908,0,1.33112364049891,0.03478346734488051,1.309551750283459,-1.0457411022578735,0,0,-0.024480857882260107,0,0.0,0.0,1.0,1
-0.5203325496704903,0,0.9409160132286912,-0.31206022412828616,0.7828017696803428,2.479511830949502,1,0,1.2813430456142103,0,1.0,0.0,0.0,1
0.7078288588674577,1,0.2580526655058084,0.03478346734488051,-1.0223976130812507,-1.0457411022578735,0,1,0.2782919458195202,1,0.0,0.0,1.0,0
-0.35237885277641195,0,0.16050075868825375,0.7284708502912138,-1.0223976130812507,-1.0457411022578735,1,1,-1.2805588443190365,1,0.0,0.0,1.0,0
-1.1921473372468037,0,-0.42481068221707435,1.0753145417643806,-1.0223976130812507,0.7168853643458143,0,1,0.7961378373855245,1,1.0,0.0,0.0,0
-0.9717081100733259,1,0.16050075868825375,-0.31206022412828616,-1.0223976130812507,-1.0457411022578735,1,0,-0.24736920822475994,1,1.0,0.0,0.0,1
-0.5623209738940099,1,-0.8150183094872931,0.38162715881804715,1.0643256639391119,0.7168853643458143,1,1,-1.3954346667883604,0,0.0,0.0,1.0,0
-0.8352457313468872,0,-0.3272587753995197,1.7690019247107138,-1.0223976130812507,0.7168853643458143,1,1,-1.293441032621537,1,1.0,0.0,0.0,0
0.7183259649233377,0,0.5507083859584725,1.7690019247107138,-1.0223976130812507,-1.0457411022578735,0,1,-0.10298671878821822,1,1.0,0.0,0.0,0
-1.066182064576245,1,1.2335717336813552,0.03478346734488051,-1.0223976130812507,2.479511830949502,1,0,1.551207636459037,1,1.0,0.0,0.0,1
-1.6540200037055193,0,1.8188831745866834,-1.3525912985477861,-1.0223976130812507,-1.0457411022578735,0,0,0.5492643031902044,1,1.0,0.0,0.0,1
-0.49933833755873047,1,2.209090801856902,-1.3525912985477861,-1.0223976130812507,-1.0457411022578735,1,0,-1.340523452155003,1,0.0,0.0,1.0,1
-1.6540200037055193,0,-0.03460305494685562,1.422158233237547,-1.0223976130812507,0.7168853643458143,0,1,1.4457106147500607,1,1.0,0.0,0.0,0
0.4558983135263402,1,-0.03460305494685562,1.422158233237547,0.0401060472041382,-1.0457411022578735,1,1,0.02145909609556387,0,1.0,0.0,0.0,0
-0.9402167919056862,1,-0.42481068221707435,1.7690019247107138,-1.0223976130812507,0.7168853643458143,0,1,1.0732094167165112,1,0.0,0.0,1.0,0
-1.7589910642643183,0,0.7458121995935818,1.0753145417643806,0.4604745937439245,-1.0457411022578735,1,0,0.8242640034527815,0,0.0,1.0,0.0,1
-0.4153614891116913,1,0.3556045723233631,-1.6994349900209527,0.10684395115734359,-1.0457411022578735,1,1,0.3663717895283614,0,0.0,0.0,1.0,0
0.9387651920968155,0,-1.4003297503926213,-0.31206022412828616,-1.0223976130812507,-1.0457411022578735,0,1,-0.097306661107708,1,1.0,0.0,0.0,0
1.3481523282761316,0,-0.42481068221707435,1.422158233237547,0.11001087831971887,-1.0457411022578735,1,1,-0.5397997926042367,0,1.0,0.0,0.0,0
2.030464221908325,1,-0.42481068221707435,-1.0057476070746194,0.13863789607460542,-1.0457411022578735,1,1,0.27853466553285994,0,1.0,0.0,0.0,0
0.8547883436497763,1,-0.3272587753995197,-0.6589039156014528,-1.0223976130812507,-1.0457411022578735,1,1,-1.4584501868180952,1,0.0,0.0,1.0,0
1.0017478284320949,0,0.3556045723233631,-0.6589039156014528,0.025342570826156055,0.7168853643458143,0,1,0.7013657652973706,0,0.0,1.0,0.0,0
0.13048802579406338,1,-0.9125702163048478,1.422158233237547,-1.0223976130812507,-1.0457411022578735,1,1,-0.10083537894160327,1,0.0,0.0,1.0,0
-0.29989332249701245,1,-0.42481068221707435,-0.31206022412828616,1.5345554740521279,0.7168853643458143,1,1,0.4593965919717365,0,1.0,0.0,0.0,0
-0.20541936799409335,1,-0.5223625890346291,-1.6994349900209527,1.1079369940996298,0.7168853643458143,0,1,-0.4359100299548604,0,1.0,0.0,0.0,0
1.085724676879134,1,-0.03460305494685562,-0.6589039156014528,0.4472951447152533,-1.0457411022578735,0,1,-0.3301831271735642,0,0.0,0.0,1.0,0
2.030464221908325,0,0.6482602927760271,-1.3525912985477861,0.9407217580214347,-1.0457411022578735,0,0,-1.610871226989573,0,0.0,1.0,0.0,1
-0.5938122920616495,0,-0.9125702163048478,0.38162715881804715,0.17649718061341435,0.7168853643458143,1,1,-0.06354277017627759,0,0.0,1.0,0.0,0
-1.2026444433026837,0,-1.3027778435750665,0.7284708502912138,-1.0223976130812507,0.7168853643458143,0,1,-0.3005027915622772,1,1.0,0.0,0.0,0
-1.4860663068114408,0,1.9164350814042381,-1.0057476070746194,1.101442707474705,-1.0457411022578735,1,0,-0.31709586760503977,0,1.0,0.0,0.0,1
-0.7092804586763285,1,-0.42481068221707435,0.38162715881804715,-1.0223976130812507,0.7168853643458143,1,1,1.3564425027662625,1,1.0,0.0,0.0,0
0.09899670762642368,0,-0.22970686858196498,1.0753145417643806,-1.0223976130812507,-1.0457411022578735,0,1,1.0228125458580664,1,1.0,0.0,0.0,0
0.4978867377498598,0,0.16050075868825375,0.38162715881804715,0.5151251480612111,-1.0457411022578735,0,1,1.392314880242524,0,1.0,0.0,0.0,0
-0.037465671100014995,1,-0.3272587753995197,0.38162715881804715,0.856769758197425,0.7168853643458143,1,1,-1.3159502932424907,0,0.0,0.0,1.0,0
0.5608693740851391,1,-1.6929854708452852,-0.31206022412828616,0.7354468581058193,0.7168853643458143,1,1,-0.7550789927053785,0,1.0,0.0,0.0,0
0.6343491164762984,1,-0.3272587753995197,-0.31206022412828616,-1.0223976130812507,-1.0457411022578735,1,1,1.1773285399527602,1,1.0,0.0,0.0,0
0.4663954195822201,1,-1.2052259367575118,0.03478346734488051,0.324206683938698,-1.0457411022578735,0,1,-0.7029773585136405,0,0.0,0.0,1.0,0
-0.8667370495145269,1,-0.22970686858196498,-1.3525912985477861,-1.0223976130812507,0.7168853643458143,0,1,-0.4858643146884086,1,0.0,0.0,1.0,0
0.4663954195822201,1,-0.3272587753995197,1.7690019247107138,1.5498975376010196,0.7168853643458143,1,1,-0.4951546329228067,0,0.0,0.0,1.0,0
0.025516965235264394,1,-0.22970686858196498,-1.0057476070746194,0.2048527842861785,0.7168853643458143,1,1,0.8562424558066704,0,0.0,1.0,0.0,0
-0.12144251954705418,1,-0.9125702163048478,-1.3525912985477861,1.0737096648864526,0.7168853643458143,0,1,1.6787519012073915,0,1.0,0.0,0.0,0
-0.8037544131792476,1,0.6482602927760271,1.0753145417643806,0.6486294665269905,-1.0457411022578735,1,0,-0.9071173025783376,0,0.0,1.0,0.0,1
-0.37337306488817174,0,0.4531564791409178,0.03478346734488051,-1.0223976130812507,-1.0457411022578735,1,1,-0.904519733208699,1,1.0,0.0,0.0,0
-0.026968565044135095,1,0.4531564791409178,1.422158233237547,0.34148907629070085,0.7168853643458143,0,1,-0.3059111558395778,0,0.0,1.0,0.0,0
0.3929156771910608,1,-0.22970686858196498,-0.6589039156014528,0.5485865580100027,-1.0457411022578735,1,1,0.30234652773190923,0,1.0,0.0,0.0,0
-0.7512688828998481,0,-0.8150183094872931,0.38162715881804715,-1.0223976130812507,0.7168853643458143,1,1,0.6600463341255988,1,1.0,0.0,0.0,0
1.3691465403878913,0,0.3556045723233631,1.7690019247107138,1.3291380213396708,0.7168853643458143,1,1,-0.35051641163675623,0,1.0,0.0,0.0,0
-1.3915923523085219,1,1.33112364049891,-1.0057476070746194,0.3933733009662279,-1.0457411022578735,1,0,1.2870878169852684,0,1.0,0.0,0.0,1
-0.8037544131792476,1,-0.1321549617644103,1.422158233237547,-1.0223976130812507,0.7168853643458143,0,1,-0.39218491504815606,1,1.0,0.0,0.0,0
1.2221870556055727,0,-0.5223625890346291,1.7690019247107138,-1.0223976130812507,-1.0457411022578735,1,1,-0.015502136935323436,1,0.0,0.0,1.0,0
-0.7407717768439681,0,-0.5223625890346291,0.7284708502912138,-1.0223976130812507,0.7168853643458143,1,1,1.1892709050335581,1,0.0,0.0,1.0,0
-2.1473839883318746,0,-0.6199144958521837,0.03478346734488051,-1.0223976130812507,0.7168853643458143,0,1,-0.42392186215474753,1,1.0,0.0,0.0,0
-1.2026444433026837,0,-0.9125702163048478,0.7284708502912138,-1.0223976130812507,0.7168853643458143,0,1,1.6818291846637954,1,1.0,0.0,0.0,0
0.5398751619733794,0,-0.42481068221707435,-0.31206022412828616,-1.0223976130812507,-1.0457411022578735,1,1,-0.6392477324509488,1,1.0,0.0,0.0,0
0.08849960157054378,0,-0.6199144958521837,1.7690019247107138,-1.0223976130812507,-1.0457411022578735,1,1,-1.3398364113652776,1,0.0,0.0,1.0,0
0.4978867377498598,1,-0.22970686858196498,0.7284708502912138,0.9109562508110949,0.7168853643458143,0,1,0.015408452776959318,0,1.0,0.0,0.0,0
-0.7197775647322083,0,-0.3272587753995197,0.7284708502912138,-1.0223976130812507,0.7168853643458143,1,1,0.15658874224987412,1,0.0,0.0,1.0,0
-0.9402167919056862,1,-0.22970686858196498,0.7284708502912138,-1.0223976130812507,0.7168853643458143,0,1,-1.662387662044002,1,1.0,0.0,0.0,0
-0.6043093981175295,1,-1.3027778435750665,-0.6589039156014528,-1.0223976130812507,0.7168853643458143,1,1,0.365665490777106,1,0.0,0.0,1.0,0
1.085724676879134,1,0.3556045723233631,-1.6994349900209527,0.2338866815493382,0.7168853643458143,1,1,-0.03135456218734384,0,0.0,1.0,0.0,0
0.27744751057638195,0,0.06294885187069905,-1.0057476070746194,-0.2542962439055659,0.7168853643458143,1,1,-0.23758651075772522,0,0.0,1.0,0.0,0
0.9807536163203351,1,0.16050075868825375,0.03478346734488051,1.6883092159634943,2.479511830949502,1,0,-1.375150654947462,0,0.0,1.0,0.0,1
-1.1921473372468037,1,-0.1321549617644103,-0.6589039156014528,-1.0223976130812507,0.7168853643458143,1,1,-0.3608339946479131,1,0.0,0.0,1.0,0
0.5923606922527789,1,0.4531564791409178,0.03478346734488051,0.36920987705685204,-1.0457411022578735,1,1,0.5254737808944725,0,1.0,0.0,0.0,0
-0.7932573071233676,1,-0.3272587753995197,-0.31206022412828616,-1.0223976130812507,0.7168853643458143,0,1,-0.2312653885019533,1,1.0,0.0,0.0,0
-0.3838701709440516,1,2.209090801856902,0.03478346734488051,-1.0223976130812507,-1.0457411022578735,0,0,-1.181017737577354,1,1.0,0.0,0.0,1
-0.5833151860057697,1,0.06294885187069905,-0.6589039156014528,0.14778591979327574,-1.0457411022578735,1,0,-1.0051564618158149,0,1.0,0.0,0.0,1
-1.6540200037055193,1,0.06294885187069905,0.38162715881804715,-1.0223976130812507,0.7168853643458143,1,1,-0.3175761021772518,1,0.0,0.0,1.0,0
-1.1396618069674043,1,1.0384679200462459,1.422158233237547,0.7242831217321484,-1.0457411022578735,0,0,0.4738024146720574,0,0.0,1.0,0.0,1
1.1697015253261733,1,-1.3027778435750665,-1.6994349900209527,0.2403798406380168,-1.0457411022578735,1,1,-1.585700897774476,0,1.0,0.0,0.0,0
-0.8037544131792476,0,-0.3272587753995197,1.0753145417643806,-1.0223976130812507,0.7168853643458143,0,1,-1.5502933138021724,1,1.0,0.0,0.0,0
-0.5938122920616495,0,1.9164350814042381,1.0753145417643806,0.8899539553062566,-1.0457411022578735,0,0,-1.622250773807273,0,0.0,1.0,0.0,1
1.3376552222202516,1,-1.0101221231224025,-1.0057476070746194,0.10890363772594619,0.7168853643458143,1,1,1.379965148552061,0,0.0,1.0,0.0,0
0.23545908635286236,1,0.16050075868825375,-1.3525912985477861,-1.0223976130812507,-1.0457411022578735,1,1,-1.436824710485743,1,1.0,0.0,0.0,0
0.015019859179384495,1,-0.6199144958521837,1.0753145417643806,-1.0223976130812507,-1.0457411022578735,1,1,-0.3348964698842893,1,1.0,0.0,0.0,0
-1.066182064576245,1,-0.6199144958521837,1.7690019247107138,-1.0223976130812507,0.7168853643458143,0,1,1.195248853884765,1,0.0,0.0,1.0,0
-0.9822052161292057,1,-0.6199144958521837,0.38162715881804715,-1.0223976130812507,0.7168853643458143,1,1,-1.3878489383921069,1,0.0,0.0,1.0,0
-0.7512688828998481,1,0.3556045723233631,-1.0057476070746194,-1.0223976130812507,0.7168853643458143,1,1,-1.4062795015570868,1,1.0,0.0,0.0,0
-1.884956336934877,1,-0.7174664026697384,1.422158233237547,-1.0223976130812507,0.7168853643458143,0,1,1.463389249939619,1,0.0,0.0,1.0,0
0.5818635861968989,0,-0.8150183094872931,-1.3525912985477861,0.4203911634211739,-1.0457411022578735,1,1,1.3515199249059393,0,1.0,0.0,0.0,0
-0.026968565044135095,1,0.3556045723233631,0.7284708502912138,0.5764985567081887,-1.0457411022578735,1,1,-0.5570184921540068,0,1.0,0.0,0.0,0
0.886279661817416,1,0.06294885187069905,0.7284708502912138,1.2912677835916129,0.7168853643458143,0,1,1.2927826217534366,0,0.0,0.0,1.0,0
-0.6253036102292893,0,-0.5223625890346291,-1.0057476070746194,-1.0223976130812507,0.7168853643458143,1,1,-1.6484285893521515,1,0.0,0.0,1.0,0
0.7183259649233377,1,-0.1321549617644103,0.38162715881804715,0.9805638955874977,0.7168853643458143,0,1,1.3406096824660696,0,1.0,0.0,0.0,0
-0.7197775647322083,0,-1.4003297503926213,-1.6994349900209527,-1.0223976130812507,0.7168853643458143,1,1,0.709117528551141,1,1.0,0.0,0.0,0
-0.6777891405086888,1,-0.03460305494685562,-1.6994349900209527,-1.0223976130812507,-1.0457411022578735,1,0,-0.5851493425902843,1,0.0,0.0,1.0,1
0.6133549043645387,0,-0.5223625890346291,-0.6589039156014528,0.3504235124290188,-1.0457411022578735,1,1,-0.548703737141989,0,1.0,0.0,0.0,0
0.10949381368230357,0,-0.22970686858196498,-0.6589039156014528,0.9353688602308822,0.7168853643458143,1,1,1.5116302700775763,0,0.0,0.0,1.0,0
-0.7197775647322083,1,-0.7174664026697384,-0.31206022412828616,0.5820441021202357,0.7168853643458143,0,1,-1.1075336937569016,0,1.0,0.0,0.0,0
-2.0529100338289554,0,-1.3027778435750665,0.38162715881804715,-1.0223976130812507,0.7168853643458143,1,1,-1.4644260537275149,1,0.0,0.0,1.0,0
-1.8009794884878378,1,-0.1321549617644103,0.03478346734488051,-1.0223976130812507,0.7168853643458143,0,1,1.2233639162624907,1,1.0,0.0,0.0,0
-1.475569200755561,0,-0.5223625890346291,-0.6589039156014528,-1.0223976130812507,0.7168853643458143,1,1,-0.7118162423705475,1,0.0,0.0,1.0,0
-0.6777891405086888,0,-0.42481068221707435,1.422158233237547,-1.0223976130812507,0.7168853643458143,1,1,-1.3750082154301984,1,1.0,0.0,0.0,0
-0.7512688828998481,0,0.5507083859584725,-0.31206022412828616,-1.0223976130812507,0.7168853643458143,0,1,0.03495667169128583,1,0.0,0.0,1.0,0
-1.2446328675262033,1,0.16050075868825375,1.0753145417643806,-1.0223976130812507,0.7168853643458143,1,1,-1.2866263166670864,1,0.0,0.0,1.0,0
-0.8667370495145269,1,-0.22970686858196498,-0.6589039156014528,-1.0223976130812507,0.7168853643458143,1,1,-1.5814768113837072,1,0.0,0.0,1.0,0
-1.1606560190791642,0,1.33112364049891,-1.0057476070746194,-1.0223976130812507,-1.0457411022578735,1,0,0.6526672384517094,1,1.0,0.0,0.0,1
0.7498172830909774,0,-0.9125702163048478,-1.3525912985477861,-1.0223976130812507,-1.0457411022578735,1,1,-0.2889976342567592,1,0.0,0.0,1.0,0
-0.5728180799498898,0,1.7213312677691288,-0.6589039156014528,0.844403262802267,2.479511830949502,1,0,-1.657528236417886,0,1.0,0.0,0.0,1
-1.5280547310349606,0,-0.9125702163048478,1.422158233237547,-1.0223976130812507,0.7168853643458143,0,1,0.7106945994548293,1,0.0,0.0,1.0,0
0.6868346467556979,0,0.16050075868825375,0.38162715881804715,0.4140039927396385,0.7168853643458143,0,1,0.922479607256711,0,0.0,1.0,0.0,0
-0.08995120137941448,1,-0.22970686858196498,1.0753145417643806,1.3445164882016543,0.7168853643458143,1,1,0.52617331333492,0,0.0,0.0,1.0,0
-0.7302746707880883,1,0.7458121995935818,1.422158233237547,0.7148267973884443,-1.0457411022578735,1,0,0.6890774508896251,0,0.0,1.0,0.0,1
-0.8352457313468872,0,-0.8150183094872931,1.0753145417643806,0.46711159424229765,0.7168853643458143,0,1,0.4635963890416566,0,1.0,0.0,0.0,0
0.09899670762642368,0,0.5507083859584725,-1.0057476070746194,0.9478028467242057,-1.0457411022578735,0,0,-0.5402418582436862,0,0.0,1.0,0.0,1
-0.21591647404997324,0,0.9409160132286912,-1.3525912985477861,1.7293297899834472,-1.0457411022578735,1,0,0.18731698856064147,0,1.0,0.0,0.0,1
-1.171153125135044,1,-0.03460305494685562,-1.3525912985477861,0.39979816357370795,0.7168853643458143,1,1,-1.3083383670787498,0,1.0,0.0,0.0,0
-1.276124185693843,0,1.1360198268638007,-1.3525912985477861,1.2373876586836972,2.479511830949502,0,0,-0.5236498231718174,0,0.0,0.0,1.0,1
0.22496198029698244,0,-1.3027778435750665,1.7690019247107138,0.21737874552187103,0.7168853643458143,0,1,0.5515082894463428,0,0.0,1.0,0.0,0
0.21446487424110255,0,0.4531564791409178,-0.6589039156014528,1.1233824688299592,0.7168853643458143,1,1,-0.06552512574784408,0,0.0,0.0,1.0,0
0.6448462225321784,0,0.06294885187069905,0.7284708502912138,0.47801068175132366,0.7168853643458143,1,1,1.579374400391141,0,0.0,1.0,0.0,0
0.7393201770350974,1,-0.6199144958521837,-1.3525912985477861,-0.06766724981682787,-1.0457411022578735,1,1,-0.9315679739157122,0,1.0,0.0,0.0,0
0.4978867377498598,0,0.06294885187069905,-1.3525912985477861,0.9852694264961221,-1.0457411022578735,1,0,0.29142865150548714,0,0.0,1.0,0.0,1
2.030464221908325,1,0.06294885187069905,-0.31206022412828616,1.0356999347970786,0.7168853643458143,0,1,0.9026072994042009,0,1.0,0.0,0.0,0
2.030464221908325,1,-0.5223625890346291,-0.6589039156014528,0.5960431089232913,0.7168853643458143,1,1,0.638904909258735,0,0.0,0.0,1.0,0
-1.3181126099173626,1,0.5507083859584725,-0.6589039156014528,-1.0223976130812507,0.7168853643458143,1,1,-1.1328681493828776,1,1.0,0.0,0.0,0
-0.8772341555704068,1,-1.2052259367575118,1.0753145417643806,0.36722525218692537,0.7168853643458143,1,1,-0.16545035074923656,0,1.0,0.0,0.0,0
0.9702565102644553,1,0.2580526655058084,0.03478346734488051,-0.09509666300163842,-1.0457411022578735,1,1,-0.669436582343722,0,1.0,0.0,0.0,0
-1.0766791706321248,0,0.06294885187069905,1.7690019247107138,-1.0223976130812507,0.7168853643458143,1,1,-1.4108916965959912,1,1.0,0.0,0.0,0
-1.685511321873159,0,0.4531564791409178,-0.6589039156014528,-1.0223976130812507,0.7168853643458143,0,1,1.7313414037578938,1,0.0,0.0,1.0,0
1.3796436464437711,0,1.0384679200462459,-0.31206022412828616,1.191696829531965,-1.0457411022578735,1,0,1.4654212251237766,0,0.0,1.0,0.0,1
-1.1396618069674043,0,-0.9125702163048478,-0.31206022412828616,-1.0223976130812507,0.7168853643458143,0,1,-0.8855266987709185,1,1.0,0.0,0.0,0
-0.037465671100014995,0,-0.6199144958521837,-0.31206022412828616,0.3269886380112976,-1.0457411022578735,0,1,-1.314971086621983,0,1.0,0.0,0.0,0
-1.0241936403527254,0,0.3556045723233631,0.7284708502912138,-1.0223976130812507,0.7168853643458143,1,1,1.5671240814210092,1,1.0,0.0,0.0,0
2.030464221908325,0,0.06294885187069905,0.7284708502912138,0.2542954097588532,-1.0457411022578735,0,1,1.5128279070905748,0,1.0,0.0,0.0,0
-0.17392804982645366,0,0.4531564791409178,1.422158233237547,0.503843342534902,-1.0457411022578735,1,0,1.462438323028385,0,0.0,1.0,0.0,1
-1.171153125135044,0,-0.6199144958521837,0.38162715881804715,-1.0223976130812507,0.7168853643458143,1,1,-0.8266391488194507,1,1.0,0.0,0.0,0
-0.8247486252910073,0,-0.3272587753995197,-1.0057476070746194,-1.0223976130812507,0.7168853643458143,0,1,-1.2721304499844757,1,1.0,0.0,0.0,0
0.5398751619733794,0,0.2580526655058084,0.03478346734488051,-1.0223976130812507,-1.0457411022578735,0,1,0.9939603025925772,1,0.0,0.0,1.0,0
-1.5070605189232007,0,0.3556045723233631,1.7690019247107138,-1.0223976130812507,0.7168853643458143,0,1,-0.4608440587771277,1,0.0,0.0,1.0,0
0.9387651920968155,1,-1.4003297503926213,-0.6589039156014528,1.1922825040735652,0.7168853643458143,0,1,1.221899964195899,0,1.0,0.0,0.0,0
0.19347066212934275,1,-0.42481068221707435,-1.3525912985477861,0.9849282662433421,0.7168853643458143,0,1,1.1095700095418353,0,1.0,0.0,0.0,0
1.316661010108492,1,-1.4978816572101759,1.7690019247107138,0.557001361015427,-1.0457411022578735,1,1,0.7438380717337196,0,0.0,0.0,1.0,0
-1.045187852464485,1,0.3556045723233631,-0.31206022412828616,-1.0223976130812507,0.7168853643458143,0,1,-0.22677949793146332,1,0.0,0.0,1.0,0
-0.5413267617822501,0,1.8188831745866834,-1.0057476070746194,-1.0223976130812507,2.479511830949502,1,0,-0.573589881303154,1,0.0,0.0,1.0,1
0.5923606922527789,1,0.6482602927760271,-0.31206022412828616,1.0883202795647706,-1.0457411022578735,1,0,-0.44603121645743926,0,0.0,1.0,0.0,1
0.4349041014145804,1,-0.03460305494685562,1.7690019247107138,0.5080060452792824,-1.0457411022578735,1,1,0.09566956410454672,0,0.0,0.0,1.0,0
0.5083838438057396,1,-1.3027778435750665,-1.6994349900209527,0.5488127095656699,-1.0457411022578735,0,1,-0.6909697592568486,0,1.0,0.0,0.0,0
-0.15293383771469388,0,0.06294885187069905,1.0753145417643806,1.043635857051079,-1.0457411022578735,1,0,-0.6579083501833976,0,0.0,1.0,0.0,1
1.295666797996732,1,1.2335717336813552,-0.31206022412828616,1.018849710980585,-1.0457411022578735,1,0,1.6576715466329475,0,0.0,1.0,0.0,1
0.14098513184994327,1,0.16050075868825375,-1.0057476070746194,1.6345445829825114,2.479511830949502,0,0,1.3413671622862569,0,0.0,1.0,0.0,1
-0.8982283676821666,1,-0.42481068221707435,-1.3525912985477861,0.5774964262860797,0.7168853643458143,0,1,1.4979317870994044,0,1.0,0.0,0.0,0
-0.4153614891116913,0,-0.8150183094872931,1.0753145417643806,-1.0223976130812507,-1.0457411022578735,1,1,-0.12303772664411644,1,1.0,0.0,0.0,0
-1.2341357614703234,0,-0.9125702163048478,-0.31206022412828616,-1.0223976130812507,0.7168853643458143,1,1,0.020916229774591545,1,1.0,0.0,0.0,0
-1.276124185693843,1,-0.03460305494685562,1.0753145417643806,1.030930295399027,-1.0457411022578735,0,0,-0.6755528068286186,0,0.0,1.0,0.0,1
-0.5413267617822501,0,-0.22970686858196498,0.38162715881804715,-1.0223976130812507,-1.0457411022578735,0,1,-1.7179970211566158,1,1.0,0.0,0.0,0
-0.43635570122345113,0,2.209090801856902,-1.3525912985477861,0.657111116324154,-1.0457411022578735,1,0,-0.6396413929438496,0,1.0,0.0,0.0,1
0.6658404346439382,0,-0.42481068221707435,-0.6589039156014528,0.8832605779955736,0.7168853643458143,1,1,0.6316382384413464,0,1.0,0.0,0.0,0
-0.016471458988255198,0,-1.0101221231224025,-0.6589039156014528,0.8108450458129085,0.7168853643458143,0,1,-0.3967726472710626,0,0.0,0.0,1.0,0
2.030464221908325,0,0.6482602927760271,0.03478346734488051,0.6513471510335566,-1.0457411022578735,1,0,-0.6875699483186012,0,0.0,1.0,0.0,1
0.40341278324694074,1,0.06294885187069905,-0.31206022412828616,0.03299564255896582,-1.0457411022578735,1,1,-1.7084004839843727,0,0.0,0.0,1.0,0
-0.18442515588233357,0,-1.0101221231224025,1.0753145417643806,0.5535875034151329,-1.0457411022578735,1,1,1.3620958421938385,0,0.0,0.0,1.0,0
-0.10044830743529438,1,-0.6199144958521837,1.422158233237547,0.28165217739408677,-1.0457411022578735,1,1,0.5010040250907165,0,0.0,0.0,1.0,0
-0.5203325496704903,0,-0.5223625890346291,1.0753145417643806,0.44825951035897127,-1.0457411022578735,0,1,0.5397600654371871,0,1.0,0.0,0.0,0
-0.4048643830558114,1,-0.1321549617644103,-1.0057476070746194,1.6865599240158111,0.7168853643458143,0,1,0.027058652026974963,0,1.0,0.0,0.0,0
1.190695737437933,1,0.6482602927760271,-0.31206022412828616,0.7617783731400397,-1.0457411022578735,1,0,-1.276054563262761,0,0.0,1.0,0.0,1
-0.35237885277641195,1,0.5507083859584725,-1.3525912985477861,0.3197856143173301,-1.0457411022578735,0,1,-0.32764263770792057,0,0.0,0.0,1.0,0
-1.4860663068114408,1,0.2580526655058084,1.0753145417643806,-1.0223976130812507,0.7168853643458143,1,1,1.480616797741984,1,1.0,0.0,0.0,0
1.7680365705113275,1,-0.9125702163048478,-0.6589039156014528,1.3756144211017947,0.7168853643458143,0,1,-0.49482186922717697,0,1.0,0.0,0.0,0
-0.19492226193821346,1,-0.1321549617644103,-1.0057476070746194,0.42292441521318225,0.7168853643458143,1,1,-1.0829346840672,0,0.0,1.0,0.0,0
1.1172159950467737,0,-0.3272587753995197,0.7284708502912138,0.8404791145122621,0.7168853643458143,1,1,0.08662057762229691,0,1.0,0.0,0.0,0
-0.7407717768439681,1,0.3556045723233631,0.38162715881804715,-1.0223976130812507,0.7168853643458143,1,1,0.41112486319242003,1,0.0,0.0,1.0,0
0.35092725296754124,1,-0.6199144958521837,-1.0057476070746194,0.2032017490685219,-1.0457411022578735,0,1,0.9040667405969206,0,0.0,0.0,1.0,0
-0.12144251954705418,0,-0.03460305494685562,0.03478346734488051,0.6114072399672872,0.7168853643458143,0,1,-1.6536393426548315,0,1.0,0.0,0.0,0
-1.3286097159732424,0,-0.22970686858196498,-1.0057476070746194,-1.0223976130812507,0.7168853643458143,1,1,-1.4745666716867727,1,0.0,0.0,1.0,0
-0.5728180799498898,1,-0.1321549617644103,-0.6589039156014528,0.7106721484743939,0.7168853643458143,0,1,0.926622324422636,0,0.0,0.0,1.0,0
-0.341881746720532,0,-0.3272587753995197,0.7284708502912138,0.9049878793067212,0.7168853643458143,1,1,-1.6502608716199014,0,0.0,0.0,1.0,0
-0.7197775647322083,0,0.16050075868825375,1.7690019247107138,0.9996696751262197,-1.0457411022578735,1,0,0.3780558203324165,0,0.0,1.0,0.0,1
-0.24740779221761294,0,-0.5223625890346291,-0.31206022412828616,0.4732795396622495,-1.0457411022578735,1,1,1.0426983863321921,0,0.0,0.0,1.0,0
-0.36287595883229185,0,1.9164350814042381,0.7284708502912138,0.860946313529973,-1.0457411022578735,1,0,0.3591696589063712,0,0.0,1.0,0.0,1
1.3691465403878913,1,0.4531564791409178,-1.6994349900209527,1.1073162048577911,-1.0457411022578735,1,0,-1.3664231549761623,0,0.0,1.0,0.0,1
0.9387651920968155,1,-1.4003297503926213,1.7690019247107138,0.0855166030603854,-1.0457411022578735,0,1,-0.8972513274398211,0,0.0,0.0,1.0,0
-1.5700431552584801,1,-0.5223625890346291,0.7284708502912138,-1.0223976130812507,0.7168853643458143,1,1,-0.2481431700840946,1,1.0,0.0,0.0,0
1.5685915554496093,0,-0.1321549617644103,-1.0057476070746194,1.1971442792905922,0.7168853643458143,0,1,-0.4247437086751842,0,0.0,0.0,1.0,0
-0.7407717768439681,0,-0.03460305494685562,0.38162715881804715,-1.0223976130812507,0.7168853643458143,1,1,-1.0718145124971366,1,1.0,0.0,0.0,0
0.41390988930282063,0,-1.1076740299399572,-1.0057476070746194,0.5260208529614986,0.7168853643458143,1,1,-1.6261684677650479,0,0.0,1.0,0.0,0
-1.4230836704761616,1,-1.3027778435750665,0.7284708502912138,-1.0223976130812507,0.7168853643458143,1,1,1.0091355762783611,1,1.0,0.0,0.0,0
0.6238520104204186,0,-0.9125702163048478,1.7690019247107138,0.3942129933164371,-1.0457411022578735,1,1,1.4368543813782613,0,1.0,0.0,0.0,0
1.2746725858849723,1,0.16050075868825375,1.0753145417643806,0.6574930289584042,0.7168853643458143,1,1,0.30870859484282615,0,0.0,0.0,1.0,0
-0.24740779221761294,1,-0.6199144958521837,0.03478346734488051,1.6086296120529597,0.7168853643458143,1,1,-0.43891513942931354,0,0.0,0.0,1.0,0
-0.7092804586763285,0,0.6482602927760271,-1.3525912985477861,-1.0223976130812507,-1.0457411022578735,0,0,0.455001612859281,1,0.0,0.0,1.0,1
-0.7617659889557279,0,-0.1321549617644103,1.0753145417643806,-1.0223976130812507,0.7168853643458143,0,1,0.019458870523658838,1,0.0,0.0,1.0,0
-0.14243673165881396,0,0.6482602927760271,-0.31206022412828616,-0.29522645394921615,-1.0457411022578735,1,0,-0.6730981974616905,0,1.0,0.0,0.0,1
-0.6672920344528088,0,0.06294885187069905,1.0753145417643806,1.416168195115819,-1.0457411022578735,1,0,-1.2567816811497714,0,0.0,1.0,0.0,1
0.21446487424110255,1,-0.1321549617644103,-0.6589039156014528,0.40092408905384636,-1.0457411022578735,0,1,0.3163283282882683,0,1.0,0.0,0.0,0
2.030464221908325,0,-0.7174664026697384,-0.31206022412828616,0.4481142192598174,-1.0457411022578735,1,1,1.0832249446733972,0,0.0,0.0,1.0,0
-0.7092804586763285,1,-0.6199144958521837,-1.0057476070746194,-1.0223976130812507,0.7168853643458143,0,1,-1.565706449337126,1,1.0,0.0,0.0,0
1.1801986313820532,1,0.06294885187069905,1.422158233237547,-1.0223976130812507,-1.0457411022578735,1,1,-0.9020155042291796,1,0.0,0.0,1.0,0
-0.32088753460877223,1,0.4531564791409178,-0.31206022412828616,1.194639699134559,-1.0457411022578735,1,0,0.5331240494861246,0,1.0,0.0,0.0,1
-0.0059743529323753,1,-0.03460305494685562,1.7690019247107138,-1.0223976130812507,-1.0457411022578735,1,1,0.6386045891559535,1,1.0,0.0,0.0,0
0.28794461663226184,1,-0.6199144958521837,1.422158233237547,0.5923858645704236,0.7168853643458143,0,1,-0.5571609316712705,0,1.0,0.0,0.0,0
-1.5280547310349606,0,0.16050075868825375,1.422158233237547,0.9814211452878263,-1.0457411022578735,1,0,1.7193478576081642,0,0.0,1.0,0.0,1
-1.3391068220291222,0,-0.7174664026697384,0.7284708502912138,-1.0223976130812507,0.7168853643458143,1,1,1.3182900520428862,1,1.0,0.0,0.0,0
0.5188809498616196,1,-0.6199144958521837,0.03478346734488051,0.4006889172082093,0.7168853643458143,1,1,0.07752058356626468,0,0.0,1.0,0.0,0
-0.8037544131792476,1,-0.42481068221707435,0.38162715881804715,-1.0223976130812507,0.7168853643458143,1,1,1.047593204968688,1,1.0,0.0,0.0,0
-0.05845988321177479,0,0.3556045723233631,-1.3525912985477861,0.8565088140947317,-1.0457411022578735,1,0,-0.9539077297761703,0,0.0,1.0,0.0,1
1.2746725858849723,1,-0.5223625890346291,0.03478346734488051,0.8537305647840838,0.7168853643458143,1,1,-1.1616551584723727,0,0.0,0.0,1.0,0
0.057008283402904085,1,-0.1321549617644103,0.03478346734488051,0.5062369409089875,-1.0457411022578735,1,1,-0.8931505960999346,0,0.0,0.0,1.0,0
-0.22641358010585316,1,-0.9125702163048478,-1.3525912985477861,-1.0223976130812507,-1.0457411022578735,0,1,-1.2985777034956278,1,1.0,0.0,0.0,0
1.610579979673129,1,-0.6199144958521837,1.422158233237547,0.9246920584389648,0.7168853643458143,0,1,-0.3611651968872024,0,1.0,0.0,0.0,0
1.4741176009466903,1,-0.8150183094872931,1.7690019247107138,0.09569052368649525,-1.0457411022578735,1,1,-0.43505712780276684,0,1.0,0.0,0.0,0
2.030464221908325,1,0.06294885187069905,0.38162715881804715,0.5378408154304605,-1.0457411022578735,1,1,0.3811268579634595,0,1.0,0.0,0.0,0
-0.7197775647322083,1,1.0384679200462459,0.38162715881804715,1.113860908460582,2.479511830949502,1,0,-1.1003178570181467,0,0.0,1.0,0.0,1
-1.58054026131436,1,-0.1321549617644103,0.03478346734488051,-1.0223976130812507,0.7168853643458143,1,1,0.48284047095992516,1,1.0,0.0,0.0,0
0.23545908635286236,0,-0.1321549617644103,1.0753145417643806,0.2239144288346922,0.7168853643458143,0,1,1.3039805191502163,0,0.0,1.0,0.0,0
0.27744751057638195,0,-0.3272587753995197,0.38162715881804715,1.998282621556676,0.7168853643458143,1,1,-1.0711113366585616,0,1.0,0.0,0.0,0
0.25645329846462217,1,-0.6199144958521837,-0.6589039156014528,1.375782907232299,0.7168853643458143,1,1,-0.15174301951846994,0,1.0,0.0,0.0,0
-0.8562399434586471,0,-0.7174664026697384,0.38162715881804715,-1.0223976130812507,0.7168853643458143,1,1,-0.06986979126711274,1,0.0,0.0,1.0,0
0.15148223790582316,0,0.5507083859584725,-1.6994349900209527,0.34264657278573313,0.7168853643458143,0,1,-1.1284060276477896,0,0.0,1.0,0.0,0
-0.656794928396929,0,-0.8150183094872931,1.7690019247107138,-1.0223976130812507,0.7168853643458143,1,1,0.42260122030321745,1,1.0,0.0,0.0,0
-1.4650720946996811,1,2.306642708674457,-1.3525912985477861,-0.31732245961287275,2.479511830949502,1,0,1.5274969219318082,0,1.0,0.0,0.0,1
1.0542333587114945,1,-1.0101221231224025,0.7284708502912138,0.9252078257333002,0.7168853643458143,1,1,0.5471317008196726,0,1.0,0.0,0.0,0
-0.24740779221761294,1,2.4041946154920115,-0.31206022412828616,0.8227767954468512,-1.0457411022578735,1,0,-0.44861213029278146,0,0.0,0.0,1.0,1
-1.4650720946996811,1,0.2580526655058084,-1.0057476070746194,-1.0223976130812507,0.7168853643458143,0,1,-0.4125044933945833,1,1.0,0.0,0.0,0
-0.13193962560293407,1,0.5507083859584725,0.03478346734488051,0.1590761013031281,-1.0457411022578735,1,0,0.9967848036170043,0,1.0,0.0,0.0,1
2.030464221908325,1,-1.5954335640277306,-0.6589039156014528,-1.0223976130812507,-1.0457411022578735,1,1,0.7750363164029127,1,0.0,0.0,1.0,0
0.371921465079301,1,-1.0101221231224025,0.03478346734488051,-0.030456137542979902,-1.0457411022578735,1,1,-0.5123953663564895,0,1.0,0.0,0.0,0
0.6868346467556979,0,-0.3272587753995197,-1.0057476070746194,1.6183549343296872,0.7168853643458143,1,1,-1.4685571467184626,0,1.0,0.0,0.0,0
-0.06895698926765469,1,-1.3027778435750665,0.7284708502912138,1.5644775477240835,0.7168853643458143,1,1,-1.2374036609765362,0,0.0,0.0,1.0,0
-0.8877312616262867,0,0.06294885187069905,-1.0057476070746194,-1.0223976130812507,0.7168853643458143,1,1,-1.7203489213953829,1,1.0,0.0,0.0,0
-0.28939621644113256,0,0.6482602927760271,0.7284708502912138,1.068672960474657,2.479511830949502,1,0,-1.5700627390313724,0,0.0,1.0,0.0,1
-1.475569200755561,0,0.16050075868825375,1.422158233237547,-1.0223976130812507,0.7168853643458143,0,1,-1.152828766266188,1,1.0,0.0,0.0,0
1.4216320706672907,1,-0.22970686858196498,0.03478346734488051,0.461764656286189,-1.0457411022578735,0,1,-0.5594340651124277,0,0.0,0.0,1.0,0
-0.55182386783813,1,-1.2052259367575118,1.0753145417643806,1.386382553329654,0.7168853643458143,0,1,1.7036861035248074,0,1.0,0.0,0.0,0
-0.7617659889557279,1,-0.5223625890346291,-0.6589039156014528,-1.0223976130812507,0.7168853643458143,0,1,-0.7045721259225184,1,1.0,0.0,0.0,0
-2.1368868822759945,0,0.3556045723233631,0.03478346734488051,-1.0223976130812507,2.479511830949502,1,0,-0.28982572660255695,1,0.0,0.0,1.0,1
-1.1291647009115244,0,-0.9125702163048478,1.0753145417643806,-1.0223976130812507,0.7168853643458143,1,1,1.5587642176702718,1,1.0,0.0,0.0,0
1.1277131011026538,0,0.06294885187069905,-1.3525912985477861,1.0565946311287076,0.7168853643458143,1,1,1.5300799177089377,0,1.0,0.0,0.0,0
-1.4650720946996811,0,0.6482602927760271,-0.31206022412828616,-1.0223976130812507,-1.0457411022578735,0,0,1.2658336202716056,1,1.0,0.0,0.0,1
0.15148223790582316,0,-0.7174664026697384,0.7284708502912138,-0.3571668522514281,-1.0457411022578735,0,1,0.051488330451330375,0,1.0,0.0,0.0,0
1.1172159950467737,0,-0.6199144958521837,1.7690019247107138,0.5103070246045727,-1.0457411022578735,0,1,-0.319291969200076,0,0.0,0.0,1.0,0
-0.5623209738940099,0,0.9409160132286912,0.03478346734488051,-1.0223976130812507,-1.0457411022578735,1,0,0.013272207008300625,1,1.0,0.0,0.0,1
-0.646297822341049,0,-0.5223625890346291,1.422158233237547,-1.0223976130812507,0.7168853643458143,1,1,-1.010882495710789,1,1.0,0.0,0.0,0
-0.8877312616262867,0,-0.22970686858196498,1.0753145417643806,0.07853167709175482,0.7168853643458143,0,1,-0.8555616576202528,0,1.0,0.0,0.0,0
0.9282680860409356,1,-0.03460305494685562,0.03478346734488051,0.026137161726517064,0.7168853643458143,1,1,0.702374466093195,0,0.0,1.0,0.0,0
1.1277131011026538,0,0.06294885187069905,0.03478346734488051,0.28300618734917177,-1.0457411022578735,0,1,0.1750836721151038,0,1.0,0.0,0.0,0
-1.066182064576245,0,0.5507083859584725,-0.6589039156014528,0.6813209302962309,2.479511830949502,1,0,-0.6797479195295177,0,1.0,0.0,0.0,1
-1.1186675948556444,1,-1.3027778435750665,-1.6994349900209527,-1.0223976130812507,0.7168853643458143,1,1,1.466164131351454,1,1.0,0.0,0.0,0
-1.4230836704761616,0,0.06294885187069905,0.38162715881804715,-1.0223976130812507,0.7168853643458143,0,1,-1.2550371874273754,1,1.0,0.0,0.0,0
-1.2551299735820831,1,-1.0101221231224025,-1.6994349900209527,0.41059319559486984,0.7168853643458143,1,1,1.5636479326172366,0,1.0,0.0,0.0,0
0.32993304085578146,1,-1.79053737766284,1.0753145417643806,1.1944095206637266,0.7168853643458143,1,1,1.697982797494342,0,1.0,0.0,0.0,0
-0.6043093981175295,1,1.1360198268638007,-0.6589039156014528,0.92920091481093,-1.0457411022578735,0,0,-1.6600054001541737,0,1.0,0.0,0.0,1
1.4426262827790506,1,-0.7174664026697384,-1.6994349900209527,1.3112857399535147,0.7168853643458143,0,1,1.3173457179473118,0,0.0,0.0,1.0,0
0.09899670762642368,0,-0.6199144958521837,1.7690019247107138,0.7903032683263415,0.7168853643458143,1,1,-1.1340175547444764,0,1.0,0.0,0.0,0
0.10949381368230357,1,0.4531564791409178,-1.3525912985477861,0.6369886212445685,-1.0457411022578735,1,0,-1.166776041287912,0,0.0,1.0,0.0,1
-0.656794928396929,0,1.4286755473164647,-0.31206022412828616,-1.0223976130812507,-1.0457411022578735,1,0,-1.6361437448473843,1,1.0,0.0,0.0,1
-1.664517109761399,1,2.209090801856902,0.7284708502912138,0.6278847325161065,-1.0457411022578735,1,0,1.5186715706965173,0,0.0,1.0,0.0,1
-1.6120315794819997,1,-0.9125702163048478,-0.6589039156014528,-1.0223976130812507,0.7168853643458143,1,1,0.7675664827661377,1,1.0,0.0,0.0,0
-0.31039042855289234,1,-1.1076740299399572,-1.3525912985477861,-0.022226250481933156,-1.0457411022578735,1,1,0.10710601733109211,0,1.0,0.0,0.0,0
0.3929156771910608,1,0.06294885187069905,-0.6589039156014528,-1.0223976130812507,-1.0457411022578735,1,1,-0.07093487798633603,1,0.0,0.0,1.0,0
-0.7932573071233676,1,1.5262274541340193,-0.31206022412828616,0.41601342340698155,-1.0457411022578735,0,0,-1.633546001982597,0,1.0,0.0,0.0,1
-2.315337685225953,1,0.4531564791409178,0.03478346734488051,-1.0223976130812507,0.7168853643458143,1,1,-1.1108231617804354,1,0.0,0.0,1.0,0
0.14098513184994327,0,-0.3272587753995197,-0.6589039156014528,0.6441818192655335,0.7168853643458143,1,1,1.2997120180013237,0,1.0,0.0,0.0,0
1.0332391465997346,0,-0.9125702163048478,-0.31206022412828616,1.3720841051149282,0.7168853643458143,1,1,-1.2302284221026287,0,1.0,0.0,0.0,0
0.28794461663226184,0,2.4041946154920115,-0.6589039156014528,0.28628200229760903,-1.0457411022578735,1,0,-0.5217051160475669,0,0.0,1.0,0.0,1
-1.0766791706321248,0,-1.5954335640277306,1.0753145417643806,-1.0223976130812507,0.7168853643458143,0,1,0.7452831128290786,1,1.0,0.0,0.0,0
-1.3391068220291222,1,2.4041946154920115,-0.31206022412828616,0.5260980086560603,2.479511830949502,1,0,0.1564813487526925,0,0.0,0.0,1.0,1
-0.9192225797939264,0,1.2335717336813552,-0.6589039156014528,-1.0223976130812507,2.479511830949502,1,0,-0.4272951283352099,1,0.0,0.0,1.0,1
-0.6358007162851692,1,-0.22970686858196498,-1.0057476070746194,-1.0223976130812507,0.7168853643458143,1,1,-1.5206193975113953,1,1.0,0.0,0.0,0
-2.157881094387754,0,-0.22970686858196498,-1.0057476070746194,-1.0223976130812507,0.7168853643458143,1,1,1.3954008384563743,1,1.0,0.0,0.0,0
0.4349041014145804,1,-0.5223625890346291,0.03478346734488051,1.162747175334058,0.7168853643458143,0,1,-1.040252795490955,0,1.0,0.0,0.0,0
-0.4573499133352109,0,0.4531564791409178,1.7690019247107138,0.9182805651898329,-1.0457411022578735,0,0,-0.08394701415537809,0,0.0,1.0,0.0,1
-0.43635570122345113,1,0.2580526655058084,-0.31206022412828616,-1.0223976130812507,-1.0457411022578735,0,1,0.8599347795659974,1,0.0,0.0,1.0,0
-0.341881746720532,1,0.3556045723233631,-0.6589039156014528,1.3157158298648524,-1.0457411022578735,1,0,-0.4778691377407024,0,1.0,0.0,0.0,1
-0.22641358010585316,1,-0.42481068221707435,-0.6589039156014528,1.1471818596084176,0.7168853643458143,1,1,-0.2765615019821333,0,1.0,0.0,0.0,0
0.6973317528115779,1,0.3556045723233631,-1.0057476070746194,0.5738027786201203,-1.0457411022578735,1,1,-1.4261488599920653,0,1.0,0.0,0.0,0
0.6763375406998181,0,-0.5223625890346291,-0.31206022412828616,0.14597880134382307,-1.0457411022578735,1,1,0.07317817348393207,0,0.0,0.0,1.0,0
-0.4573499133352109,1,-0.3272587753995197,-0.31206022412828616,0.9678270850737647,0.7168853643458143,0,1,1.2351083233783702,0,0.0,0.0,1.0,0
-1.0766791706321248,0,-0.3272587753995197,1.0753145417643806,-1.0223976130812507,0.7168853643458143,1,1,1.337055113854985,1,1.0,0.0,0.0,0
-0.28939621644113256,1,-0.22970686858196498,-1.3525912985477861,1.5831432659735727,0.7168853643458143,1,1,0.8094955758912165,0,0.0,0.0,1.0,0
-1.3391068220291222,1,-0.3272587753995197,0.03478346734488051,-1.0223976130812507,0.7168853643458143,1,1,1.5193818598361981,1,0.0,0.0,1.0,0
0.6763375406998181,1,-0.03460305494685562,0.7284708502912138,-1.0223976130812507,-1.0457411022578735,0,1,-0.8011799501814009,1,0.0,0.0,1.0,0
-0.17392804982645366,0,-0.6199144958521837,0.38162715881804715,0.8924706162077852,0.7168853643458143,1,1,-1.398056872469146,0,0.0,0.0,1.0,0
-0.6777891405086888,0,-0.1321549617644103,0.7284708502912138,-1.0223976130812507,0.7168853643458143,1,1,0.46865758952596726,1,1.0,0.0,0.0,0
-0.16343094377057377,0,-0.1321549617644103,0.7284708502912138,-0.00802348177152794,0.7168853643458143,0,1,-1.0530666267047808,0,0.0,1.0,0.0,0
-2.2208637307230337,1,-0.1321549617644103,-0.6589039156014528,-1.0223976130812507,0.7168853643458143,1,1,1.3931448810349603,1,1.0,0.0,0.0,0
-1.6225286855378795,1,-0.5223625890346291,0.7284708502912138,-1.0223976130812507,0.7168853643458143,0,1,-1.659153018487527,1,1.0,0.0,0.0,0
-0.18442515588233357,0,-0.1321549617644103,-0.31206022412828616,0.8480535808610506,0.7168853643458143,0,1,1.4250393617367711,0,1.0,0.0,0.0,0
-0.08995120137941448,1,-0.42481068221707435,-1.6994349900209527,-1.0223976130812507,-1.0457411022578735,1,1,1.1835526784202854,1,1.0,0.0,0.0,0
-0.341881746720532,0,0.6482602927760271,-0.6589039156014528,0.08322528833149123,-1.0457411022578735,1,0,1.1847758192201754,0,1.0,0.0,0.0,1
-1.4125865644202815,0,0.2580526655058084,0.7284708502912138,-1.0223976130812507,0.7168853643458143,0,1,1.3370712489038352,1,1.0,0.0,0.0,0
-0.6253036102292893,1,-1.8880892844803947,-1.0057476070746194,-1.0223976130812507,0.7168853643458143,1,1,-0.15053948367040784,1,1.0,0.0,0.0,0
-0.4153614891116913,1,-1.3027778435750665,-1.3525912985477861,0.6300209304728445,0.7168853643458143,1,1,0.27193265463098587,0,1.0,0.0,0.0,0
-0.9297196858498064,1,0.7458121995935818,1.0753145417643806,1.4072323092880419,-1.0457411022578735,0,0,-0.6106475776368412,0,0.0,1.0,0.0,1
0.09899670762642368,1,-0.03460305494685562,0.38162715881804715,0.5853543874624857,0.7168853643458143,1,1,1.0174511987661234,0,0.0,1.0,0.0,0
-0.9507138979615661,0,-1.6929854708452852,-0.6589039156014528,-1.0223976130812507,0.7168853643458143,1,1,-1.6670652647540491,1,1.0,0.0,0.0,0
-0.8352457313468872,1,0.4531564791409178,-0.6589039156014528,-1.0223976130812507,0.7168853643458143,1,1,0.612356508075762,1,0.0,0.0,1.0,0
-1.8114765945437177,0,1.623779360951574,1.0753145417643806,1.383274741281901,2.479511830949502,0,0,0.6559211399697148,0,0.0,1.0,0.0,1
-0.7302746707880883,1,-0.22970686858196498,-1.3525912985477861,-1.0223976130812507,0.7168853643458143,0,1,-1.4326884126403279,1,1.0,0.0,0.0,0
0.03601407129114429,1,0.2580526655058084,-1.3525912985477861,1.0700069969305237,-1.0457411022578735,1,0,-1.2784512252499494,0,0.0,1.0,0.0,1
-0.6043093981175295,1,0.6482602927760271,1.7690019247107138,0.6460830064532409,-1.0457411022578735,1,0,0.5623685652833231,0,0.0,1.0,0.0,1
0.06750538945878398,1,-0.7174664026697384,-0.31206022412828616,0.6436195008318907,0.7168853643458143,0,1,-1.09708512190831,0,0.0,0.0,1.0,0
1.0647304647673743,0,-0.6199144958521837,-1.0057476070746194,0.3367490749882636,-1.0457411022578735,1,1,-0.4218912749317814,0,1.0,0.0,0.0,0
0.6763375406998181,1,-0.22970686858196498,-1.3525912985477861,1.4771381068632619,0.7168853643458143,1,1,-0.868520877768874,0,1.0,0.0,0.0,0
-1.3286097159732424,1,-0.1321549617644103,1.0753145417643806,-1.0223976130812507,0.7168853643458143,1,1,-1.7249862732308805,1,1.0,0.0,0.0,0
-0.341881746720532,1,-0.5223625890346291,0.38162715881804715,0.0442544141305311,-1.0457411022578735,0,1,1.23364419781663,0,0.0,0.0,1.0,0
-2.2208637307230337,0,-0.8150183094872931,-0.6589039156014528,-1.0223976130812507,0.7168853643458143,1,1,0.48970012215794634,1,1.0,0.0,0.0,0
-1.5385518370908404,0,-0.6199144958521837,-1.3525912985477861,-1.0223976130812507,0.7168853643458143,0,1,-1.2352583934601336,1,1.0,0.0,0.0,0
-0.6043093981175295,0,0.06294885187069905,-0.31206022412828616,-1.0223976130812507,-1.0457411022578735,1,0,1.6405630165027423,1,0.0,0.0,1.0,1
-0.8982283676821666,0,0.3556045723233631,-0.31206022412828616,0.7305240348548903,2.479511830949502,1,0,-0.7660695633991981,0,1.0,0.0,0.0,1
-1.1081704887997645,1,0.3556045723233631,-1.0057476070746194,1.225611025821911,-1.0457411022578735,1,0,-0.9763991203967851,0,1.0,0.0,0.0,1
-0.7197775647322083,1,-0.6199144958521837,-1.3525912985477861,-1.0223976130812507,0.7168853643458143,1,1,-1.5779338669476004,1,1.0,0.0,0.0,0
-1.6225286855378795,1,-0.5223625890346291,1.0753145417643806,-1.0223976130812507,0.7168853643458143,1,1,0.4128386482734573,1,1.0,0.0,0.0,0
-0.7722630950116078,0,-1.5954335640277306,-1.0057476070746194,-1.0223976130812507,0.7168853643458143,0,1,-1.626139667570327,1,0.0,0.0,1.0,0
-0.8457428374027671,0,0.2580526655058084,-0.31206022412828616,0.7914846041591506,-1.0457411022578735,0,0,1.5843849402919665,0,1.0,0.0,0.0,1
2.030464221908325,1,0.16050075868825375,0.38162715881804715,0.5455219144928188,-1.0457411022578735,0,1,-0.18908125750796156,0,1.0,0.0,0.0,0
-0.5833151860057697,0,0.3556045723233631,-0.31206022412828616,0.5362422911865556,-1.0457411022578735,1,1,1.72678056328307,0,0.0,0.0,1.0,0
0.16197934396170308,0,-1.0101221231224025,0.38162715881804715,-1.0223976130812507,-1.0457411022578735,0,1,-1.577052164600786,1,1.0,0.0,0.0,0
0.22496198029698244,0,0.06294885187069905,0.38162715881804715,-1.0223976130812507,-1.0457411022578735,0,1,1.4860371331845599,1,0.0,0.0,1.0,0
0.4978867377498598,1,0.3556045723233631,1.0753145417643806,1.0673345749504122,0.7168853643458143,1,1,1.3853927707908917,0,1.0,0.0,0.0,0
-0.7827602010674878,1,-0.7174664026697384,-1.0057476070746194,-1.0223976130812507,0.7168853643458143,1,1,-1.144488160476981,1,1.0,0.0,0.0,0
-1.1816502311909238,0,-0.5223625890346291,0.38162715881804715,-1.0223976130812507,0.7168853643458143,1,1,0.4233182757537059,1,1.0,0.0,0.0,0
1.4216320706672907,0,1.1360198268638007,-0.31206022412828616,1.3407695241789102,-1.0457411022578735,1,0,-1.4432230380827844,0,0.0,1.0,0.0,1
-0.7722630950116078,0,1.5262274541340193,0.38162715881804715,0.8459115841464754,-1.0457411022578735,1,0,-0.7314491269175469,0,0.0,1.0,0.0,1
1.1487073132144134,0,-1.1076740299399572,0.7284708502912138,1.5352841846203895,0.7168853643458143,0,1,-0.9045058535967854,0,1.0,0.0,0.0,0
0.40341278324694074,1,-1.0101221231224025,0.03478346734488051,1.7331300703629766,0.7168853643458143,1,1,-0.19126469395712692,0,1.0,0.0,0.0,0
-0.7092804586763285,0,2.209090801856902,-1.3525912985477861,-1.0223976130812507,-1.0457411022578735,1,0,-0.6697788882725424,1,1.0,0.0,0.0,1
1.0227420405438548,1,-0.3272587753995197,0.38162715881804715,0.5655912542922261,0.7168853643458143,0,1,0.11109293585328664,0,0.0,1.0,0.0,0
-1.1081704887997645,0,2.013986988221793,-1.0057476070746194,1.6670707821533794,-1.0457411022578735,1,0,1.0369831091364514,0,1.0,0.0,0.0,1
0.6658404346439382,1,-0.5223625890346291,-0.6589039156014528,0.971471604374711,0.7168853643458143,1,1,0.7493226003813963,0,0.0,0.0,1.0,0
0.004522753123504598,1,-0.1321549617644103,-0.31206022412828616,0.3064889015190534,-1.0457411022578735,1,1,0.2697348180844603,0,1.0,0.0,0.0,0
2.030464221908325,1,1.2335717336813552,-0.31206022412828616,0.9818140111313253,-1.0457411022578735,0,0,0.3267239841164394,0,0.0,1.0,0.0,1
0.23545908635286236,1,0.3556045723233631,-1.0057476070746194,-1.0223976130812507,-1.0457411022578735,1,1,1.18984118358806,1,0.0,0.0,1.0,0
0.29844172268814173,0,0.5507083859584725,-1.0057476070746194,0.9050052755802341,-1.0457411022578735,1,0,0.7924120290624554,0,0.0,1.0,0.0,1
-0.8142515192351274,1,-0.5223625890346291,-1.3525912985477861,-1.0223976130812507,0.7168853643458143,1,1,-0.7789418624782102,1,0.0,0.0,1.0,0
-1.664517109761399,1,-0.42481068221707435,0.03478346734488051,-1.0223976130812507,0.7168853643458143,1,1,-0.1388299490794614,1,1.0,0.0,0.0,0
-0.446852807279331,0,-0.22970686858196498,-1.3525912985477861,-0.31277719992781583,-1.0457411022578735,1,1,-0.45775879454387336,0,0.0,0.0,1.0,0
-1.4335807765320414,1,0.4531564791409178,0.7284708502912138,-1.0223976130812507,0.7168853643458143,1,1,-1.1018827832614102,1,0.0,0.0,1.0,0
0.20396776818522266,0,0.4531564791409178,-1.0057476070746194,-1.0223976130812507,-1.0457411022578735,1,1,-0.7736856534465129,1,1.0,0.0,0.0,0
1.0542333587114945,1,-1.0101221231224025,-0.6589039156014528,0.19181637128416848,-1.0457411022578735,1,1,1.7351962924717597,0,1.0,0.0,0.0,0
-2.0319158217171958,0,-0.3272587753995197,-1.0057476070746194,-1.0223976130812507,0.7168853643458143,1,1,-1.696135070936285,1,0.0,0.0,1.0,0
0.3929156771910608,1,-0.6199144958521837,-1.6994349900209527,0.4588063233293618,-1.0457411022578735,1,1,-0.6896744444750077,0,1.0,0.0,0.0,0
-0.6672920344528088,0,-0.6199144958521837,-0.6589039156014528,-1.0223976130812507,0.7168853643458143,1,1,0.9067680600656134,1,1.0,0.0,0.0,0
1.201192843493813,1,-0.6199144958521837,0.03478346734488051,-0.01854210633576319,-1.0457411022578735,1,1,-1.0200303744279235,0,1.0,0.0,0.0,0
0.7603143891468572,1,-0.7174664026697384,1.0753145417643806,1.633285447148714,0.7168853643458143,1,1,-1.5639931847415356,0,0.0,0.0,1.0,0
0.004522753123504598,0,0.2580526655058084,0.03478346734488051,0.521656482305654,-1.0457411022578735,1,1,-0.5457763534942521,0,1.0,0.0,0.0,0
-0.08995120137941448,1,-0.42481068221707435,-0.6589039156014528,0.5084701069828989,0.7168853643458143,1,1,0.8213652465046165,0,0.0,1.0,0.0,0
0.4349041014145804,0,1.33112364049891,-1.3525912985477861,0.7157276988491617,-1.0457411022578735,1,0,1.2001141783459446,0,0.0,1.0,0.0,1
0.35092725296754124,1,0.4531564791409178,-1.0057476070746194,1.6598948193293206,-1.0457411022578735,0,0,0.34579283593429805,0,0.0,1.0,0.0,1
1.3061639040526118,1,-0.3272587753995197,0.7284708502912138,0.4679822133009739,0.7168853643458143,1,1,1.286014229003748,0,0.0,1.0,0.0,0
0.3194359347999015,0,0.8433641064111366,-1.3525912985477861,0.44693175589076206,-1.0457411022578735,0,0,1.0259094342662984,0,0.0,1.0,0.0,1
0.26695040452050206,1,-0.8150183094872931,-0.31206022412828616,-1.0223976130812507,-1.0457411022578735,0,1,1.0713620403708048,1,1.0,0.0,0.0,0
-1.2551299735820831,0,-0.03460305494685562,-1.3525912985477861,-1.0223976130812507,0.7168853643458143,0,1,-1.0145933834510508,1,0.0,0.0,1.0,0
0.26695040452050206,1,0.3556045723233631,-1.6994349900209527,-1.0223976130812507,-1.0457411022578735,1,1,1.060322023559543,1,1.0,0.0,0.0,0
1.7995278886789672,1,-0.7174664026697384,1.422158233237547,-1.0223976130812507,-1.0457411022578735,0,1,1.119802926920319,1,1.0,0.0,0.0,0
0.7603143891468572,0,-0.6199144958521837,0.7284708502912138,-0.4014463281761255,-1.0457411022578735,0,1,1.3795747844669897,0,1.0,0.0,0.0,0
0.03601407129114429,0,0.06294885187069905,0.03478346734488051,1.1543109491399555,-1.0457411022578735,1,0,1.2833330349723293,0,0.0,1.0,0.0,1
-0.12144251954705418,1,0.2580526655058084,0.7284708502912138,-1.0223976130812507,-1.0457411022578735,0,1,-1.2326145008857332,1,1.0,0.0,0.0,0
0.18297355607346286,1,-1.5954335640277306,-0.6589039156014528,-1.0223976130812507,-1.0457411022578735,1,1,1.287802096513374,1,1.0,0.0,0.0,0
-0.3313846406646521,1,-0.1321549617644103,-1.3525912985477861,1.829773618174264,0.7168853643458143,1,1,-0.06289320433871923,0,1.0,0.0,0.0,0
-0.8247486252910073,1,0.6482602927760271,-1.3525912985477861,1.371215418975531,-1.0457411022578735,1,0,0.7578880558836045,0,1.0,0.0,0.0,1
-0.5203325496704903,1,0.06294885187069905,-1.0057476070746194,0.33819505968571767,0.7168853643458143,1,1,0.38571112028338744,0,0.0,1.0,0.0,0
-0.341881746720532,1,-1.1076740299399572,1.422158233237547,0.5024709698466644,0.7168853643458143,0,1,-1.6524214067094092,0,0.0,1.0,0.0,0
-1.6120315794819997,1,-0.03460305494685562,-1.3525912985477861,-1.0223976130812507,0.7168853643458143,1,1,-0.07912020561725906,1,1.0,0.0,0.0,0
-0.7407717768439681,0,-0.5223625890346291,1.7690019247107138,0.055988844921388066,0.7168853643458143,1,1,0.7121181271517223,0,0.0,0.0,1.0,0
0.4454012074704603,1,-0.8150183094872931,1.422158233237547,-1.0223976130812507,-1.0457411022578735,1,1,0.14657772516686013,1,1.0,0.0,0.0,0
-1.790482382431958,1,-1.2052259367575118,-1.0057476070746194,-1.0223976130812507,0.7168853643458143,1,1,-1.1852184021230188,1,1.0,0.0,0.0,0
-0.5833151860057697,0,0.9409160132286912,1.0753145417643806,0.9231291321251188,-1.0457411022578735,1,0,-0.6206429801564526,0,0.0,1.0,0.0,1
0.22496198029698244,0,1.2335717336813552,-1.3525912985477861,1.3253105190136263,-1.0457411022578735,0,0,0.17357894868851587,0,0.0,1.0,0.0,1
-0.8037544131792476,1,0.5507083859584725,1.422158233237547,1.2872970841623008,-1.0457411022578735,0,0,0.8185060464504059,0,0.0,1.0,0.0,1
0.14098513184994327,0,0.3556045723233631,-1.3525912985477861,0.8454721671636688,0.7168853643458143,0,1,-1.2184519183841989,0,1.0,0.0,0.0,0
-0.21591647404997324,0,-0.7174664026697384,1.422158233237547,0.2798212196068573,0.7168853643458143,1,1,-0.43498200440328444,0,0.0,1.0,0.0,0
1.2221870556055727,1,-1.3027778435750665,-1.3525912985477861,0.9835341482132134,0.7168853643458143,0,1,-1.526584507721582,0,1.0,0.0,0.0,0
-1.3915923523085219,0,2.501746522309566,0.03478346734488051,-1.0223976130812507,-1.0457411022578735,1,0,0.6309329806609844,1,0.0,0.0,1.0,1
0.03601407129114429,1,0.16050075868825375,0.03478346734488051,1.0998528813675565,0.7168853643458143,1,1,-1.0574876300895746,0,1.0,0.0,0.0,0
0.7288230709792175,0,-0.5223625890346291,0.7284708502912138,0.5730067380303,0.7168853643458143,1,1,-0.7574893608093318,0,0.0,1.0,0.0,0
-1.9584360793260362,1,-0.7174664026697384,-0.31206022412828616,-0.12467065012673006,0.7168853643458143,1,1,0.07076728489453185,0,0.0,0.0,1.0,0
-1.8429679127113574,0,-0.42481068221707435,0.03478346734488051,-1.0223976130812507,0.7168853643458143,1,1,0.4431040095269047,1,1.0,0.0,0.0,0
-1.6225286855378795,0,-0.3272587753995197,0.38162715881804715,-1.0223976130812507,0.7168853643458143,1,1,-0.33129141418486885,1,1.0,0.0,0.0,0
0.5083838438057396,1,-0.5223625890346291,0.7284708502912138,0.0797511880803284,-1.0457411022578735,1,1,-0.6044754877139922,0,0.0,0.0,1.0,0
0.04651117734702419,0,0.8433641064111366,-1.6994349900209527,0.7412884623207981,-1.0457411022578735,0,0,1.5373474560020712,0,0.0,1.0,0.0,1
-0.5938122920616495,1,0.4531564791409178,1.0753145417643806,1.1260326622383596,-1.0457411022578735,1,0,1.3474509431783053,0,0.0,1.0,0.0,1
0.5083838438057396,1,-0.8150183094872931,-1.3525912985477861,-1.0223976130812507,-1.0457411022578735,1,1,1.415489841749886,1,1.0,0.0,0.0,0
-0.6148065041734093,0,0.16050075868825375,-1.0057476070746194,1.734883550302431,-1.0457411022578735,1,0,0.6639133674998889,0,1.0,0.0,0.0,1
0.6973317528115779,0,2.891954149579785,-0.6589039156014528,0.7551954943814847,-1.0457411022578735,0,0,0.7332586845428417,0,0.0,1.0,0.0,1
0.7183259649233377,0,0.8433641064111366,-1.3525912985477861,0.6670935168650157,-1.0457411022578735,0,0,-0.227123365316624,0,0.0,1.0,0.0,1
1.1487073132144134,0,-1.0101221231224025,-0.6589039156014528,-0.012159929029032544,0.7168853643458143,1,1,-1.5012739944261573,0,0.0,1.0,0.0,0
0.025516965235264394,1,-0.6199144958521837,1.422158233237547,0.5139048316896047,-1.0457411022578735,0,1,1.5239402713789367,0,1.0,0.0,0.0,0
0.20396776818522266,0,-0.22970686858196498,-0.6589039156014528,0.45486155723371186,-1.0457411022578735,1,1,-0.07495302563533633,0,1.0,0.0,0.0,0
0.6133549043645387,0,-0.7174664026697384,-1.0057476070746194,0.7850774599783966,0.7168853643458143,1,1,1.4207016360234594,0,1.0,0.0,0.0,0
-0.35237885277641195,1,0.6482602927760271,-1.6994349900209527,-1.0223976130812507,-1.0457411022578735,1,0,1.6797819419065327,1,1.0,0.0,0.0,1
-1.370598140196762,1,1.0384679200462459,-1.0057476070746194,-1.0223976130812507,-1.0457411022578735,1,0,0.25722495037154325,1,0.0,0.0,1.0,1
0.07800249551466389,0,-0.7174664026697384,1.422158233237547,0.8222447594152493,0.7168853643458143,0,1,-0.3555191442558805,0,1.0,0.0,0.0,0
-0.9822052161292057,0,0.06294885187069905,0.03478346734488051,-1.0223976130812507,0.7168853643458143,1,1,-1.4245651962727184,1,1.0,0.0,0.0,0
-0.8457428374027671,1,-0.5223625890346291,-0.6589039156014528,-1.0223976130812507,0.7168853643458143,0,1,1.5683690826096628,1,0.0,0.0,1.0,0
-0.5203325496704903,1,-1.0101221231224025,-1.3525912985477861,1.16721495717134,0.7168853643458143,1,1,0.1881820353731594,0,0.0,0.0,1.0,0
0.14098513184994327,0,-0.03460305494685562,-0.31206022412828616,0.9044738838550584,0.7168853643458143,1,1,0.18665493107236056,0,1.0,0.0,0.0,0
-0.646297822341049,1,-1.4978816572101759,0.7284708502912138,-1.0223976130812507,0.7168853643458143,1,1,1.186227279636045,1,0.0,0.0,1.0,0
-0.6882862465645686,0,-0.7174664026697384,0.7284708502912138,-1.0223976130812507,0.7168853643458143,0,1,-0.8837001418430829,1,1.0,0.0,0.0,0
0.06750538945878398,0,-0.5223625890346291,1.0753145417643806,0.5363252456389549,-1.0457411022578735,1,1,-1.0904093755681445,0,0.0,0.0,1.0,0
-0.55182386783813,0,0.06294885187069905,0.7284708502912138,0.5649174708468157,-1.0457411022578735,1,1,-0.8221248050445378,0,0.0,0.0,1.0,0
1.1697015253261733,0,-1.0101221231224025,-0.6589039156014528,0.7352389082066978,0.7168853643458143,0,1,-0.8466944940540718,0,1.0,0.0,0.0,0
-0.8772341555704068,1,-0.03460305494685562,-0.31206022412828616,-1.0223976130812507,0.7168853643458143,1,1,1.679499318308941,1,0.0,0.0,1.0,0
0.21446487424110255,1,0.16050075868825375,0.7284708502912138,0.5128686258793427,-1.0457411022578735,1,1,-0.6379218825228979,0,0.0,0.0,1.0,0
-0.7722630950116078,0,0.16050075868825375,-0.6589039156014528,-0.14568389884081712,-1.0457411022578735,1,0,0.1721968863322146,0,0.0,0.0,1.0,1
-0.7197775647322083,1,-0.5223625890346291,-1.0057476070746194,-1.0223976130812507,0.7168853643458143,1,1,-1.5133990498987684,1,0.0,0.0,1.0,0
-0.6987833526204486,1,-0.42481068221707435,-1.6994349900209527,0.03768538796014373,0.7168853643458143,0,1,1.051947759711445,0,0.0,0.0,1.0,0
-1.664517109761399,1,0.7458121995935818,-1.3525912985477861,0.45721440322632756,-1.0457411022578735,1,0,0.038883213901655826,0,1.0,0.0,0.0,1
-2.682736397181749,1,0.9409160132286912,1.0753145417643806,1.0416407622017234,-1.0457411022578735,1,0,1.319256073032076,0,0.0,1.0,0.0,1
1.1172159950467737,1,-0.3272587753995197,1.422158233237547,-1.0223976130812507,-1.0457411022578735,1,1,-1.1856779907725092,1,1.0,0.0,0.0,0
0.23545908635286236,0,-1.2052259367575118,-0.6589039156014528,0.21070920754896477,-1.0457411022578735,1,1,1.4762122763963372,0,0.0,0.0,1.0,0
1.1382102071585336,0,-0.5223625890346291,0.03478346734488051,0.33963105763356255,-1.0457411022578735,1,1,-0.5321821411005818,0,0.0,0.0,1.0,0
1.295666797996732,1,-0.42481068221707435,-1.3525912985477861,-1.0223976130812507,-1.0457411022578735,1,1,-0.605664102979247,1,1.0,0.0,0.0,0
-0.06895698926765469,1,0.2580526655058084,-0.6589039156014528,1.0524084111997631,2.479511830949502,0,0,0.24226723960250604,0,0.0,0.0,1.0,1
-0.06895698926765469,0,-1.4978816572101759,0.03478346734488051,-1.0223976130812507,-1.0457411022578735,1,1,1.40372877909971,1,0.0,0.0,1.0,0
0.9597594042085753,1,0.6482602927760271,-1.0057476070746194,0.9081378934254034,-1.0457411022578735,0,0,-0.4486527281576288,0,0.0,1.0,0.0,1
-0.06895698926765469,0,0.6482602927760271,1.422158233237547,1.4318817013195317,2.479511830949502,1,0,0.8869349621167596,0,0.0,1.0,0.0,1
-1.9374418672142766,1,-0.7174664026697384,-0.31206022412828616,-0.07747520439274115,0.7168853643458143,0,1,-0.45788162910930913,0,1.0,0.0,0.0,0
-0.6882862465645686,1,-0.9125702163048478,0.38162715881804715,-1.0223976130812507,0.7168853643458143,1,1,0.15564319368825708,1,1.0,0.0,0.0,0
1.1801986313820532,0,0.6482602927760271,0.03478346734488051,1.0180372405768914,-1.0457411022578735,1,0,0.42341664750314406,0,0.0,1.0,0.0,1
0.14098513184994327,0,0.16050075868825375,-0.6589039156014528,-1.0223976130812507,-1.0457411022578735,1,1,1.4389087374366298,1,0.0,0.0,1.0,0
-0.4783441254469707,0,-0.9125702163048478,-0.31206022412828616,0.24826937282931644,0.7168853643458143,1,1,-1.2628004013609746,0,0.0,1.0,0.0,0
-0.5938122920616495,1,-0.9125702163048478,1.0753145417643806,-1.0223976130812507,0.7168853643458143,0,1,-1.1271317057789683,1,1.0,0.0,0.0,0
-0.341881746720532,0,-0.22970686858196498,1.7690019247107138,-1.0223976130812507,0.7168853643458143,0,1,1.500157209374609,1,0.0,0.0,1.0,0
0.7078288588674577,0,-0.6199144958521837,0.38162715881804715,-1.0223976130812507,0.7168853643458143,1,1,0.872909267287724,1,1.0,0.0,0.0,0
0.791805707314497,1,0.2580526655058084,1.0753145417643806,-1.0223976130812507,0.7168853643458143,1,1,1.2348093912367804,1,1.0,0.0,0.0,0
0.4558983135263402,0,0.3556045723233631,1.0753145417643806,-1.0223976130812507,0.7168853643458143,1,1,0.0970203973340422,1,1.0,0.0,0.0,0
1.8625105250142464,1,-0.03460305494685562,1.0753145417643806,-1.0223976130812507,0.7168853643458143,1,1,-0.5764957515524246,1,0.0,0.0,1.0,0
-0.13193962560293407,1,-0.1321549617644103,1.422158233237547,-1.0223976130812507,0.7168853643458143,1,1,-0.0567459242221658,1,0.0,0.0,1.0,0
0.16197934396170308,0,0.4531564791409178,-0.31206022412828616,0.4691645155934228,0.7168853643458143,1,1,1.1732291965740653,0,1.0,0.0,0.0,0
-0.037465671100014995,0,0.3556045723233631,-1.3525912985477861,-1.0223976130812507,0.7168853643458143,1,1,-1.6299052062824988,1,1.0,0.0,0.0,0
-0.23691068616173305,0,0.2580526655058084,-0.31206022412828616,-1.0223976130812507,0.7168853643458143,1,1,1.1248754045893092,1,0.0,0.0,1.0,0
-0.29989332249701245,1,-0.1321549617644103,-1.6994349900209527,-1.0223976130812507,0.7168853643458143,1,1,1.249066528594476,1,1.0,0.0,0.0,0
-0.5728180799498898,0,-1.3027778435750665,-1.6994349900209527,-1.0223976130812507,0.7168853643458143,1,1,0.027074960570973538,1,1.0,0.0,0.0,0
0.11999091973818347,1,-0.6199144958521837,0.7284708502912138,-1.0223976130812507,0.7168853643458143,1,1,-1.7164957676330062,1,1.0,0.0,0.0,0
-0.4783441254469707,0,-0.5223625890346291,0.7284708502912138,-1.0223976130812507,0.7168853643458143,1,1,-1.6652709779239128,1,0.0,0.0,1.0,0
-0.4573499133352109,1,-1.79053737766284,-0.6589039156014528,-1.0223976130812507,0.7168853643458143,1,1,0.8657435706470067,1,1.0,0.0,0.0,0
0.025516965235264394,0,-0.6199144958521837,1.422158233237547,-1.0223976130812507,0.7168853643458143,1,1,-0.11377568811899222,1,1.0,0.0,0.0,0
2.030464221908325,0,-1.0101221231224025,1.422158233237547,-1.0223976130812507,0.7168853643458143,1,1,1.1303392873142648,1,1.0,0.0,0.0,0
1.1592044192702933,1,-0.7174664026697384,0.38162715881804715,-1.0223976130812507,0.7168853643458143,1,1,1.664762119874182,1,0.0,0.0,1.0,0
0.9492622981526954,1,-0.9125702163048478,0.7284708502912138,-1.0223976130812507,0.7168853643458143,1,1,0.7285550575604561,1,1.0,0.0,0.0,0
0.5503722680292593,0,-0.6199144958521837,0.7284708502912138,-1.0223976130812507,0.7168853643458143,1,1,1.7298231477096897,1,1.0,0.0,0.0,0
0.7288230709792175,0,-1.4003297503926213,0.38162715881804715,-1.0223976130812507,0.7168853643458143,1,1,-0.7805473865863211,1,1.0,0.0,0.0,0
-0.55182386783813,1,-0.42481068221707435,0.7284708502912138,-1.0223976130812507,0.7168853643458143,1,1,1.5330888440766668,1,1.0,0.0,0.0,0
-0.5938122920616495,1,-0.42481068221707435,-1.6994349900209527,-1.0223976130812507,0.7168853643458143,0,1,-1.664813991701656,1,1.0,0.0,0.0,0
0.3614243590234211,1,-1.4003297503926213,0.38162715881804715,-1.0223976130812507,0.7168853643458143,1,1,-0.11975346347505018,1,1.0,0.0,0.0,0
0.9492622981526954,0,-0.42481068221707435,1.7690019247107138,-1.0223976130812507,0.7168853643458143,1,1,-0.8493248540068564,1,1.0,0.0,0.0,0
-0.5623209738940099,1,-0.7174664026697384,1.0753145417643806,-1.0223976130812507,0.7168853643458143,1,1,1.2179604098493597,1,1.0,0.0,0.0,0
-0.27889911038525267,1,0.4531564791409178,1.422158233237547,-1.0223976130812507,0.7168853643458143,1,1,-1.134234423680627,1,1.0,0.0,0.0,0
0.371921465079301,0,-0.22970686858196498,-0.6589039156014528,-1.0223976130812507,0.7168853643458143,1,1,-1.5862902607953593,1,1.0,0.0,0.0,0
-0.28939621644113256,1,-0.6199144958521837,-0.6589039156014528,-1.0223976130812507,0.7168853643458143,1,1,-1.4627197289378813,1,0.0,0.0,1.0,0
-0.037465671100014995,1,-0.9125702163048478,-1.0057476070746194,-1.0223976130812507,0.7168853643458143,1,1,-1.006997071850713,1,1.0,0.0,0.0,0
0.8547883436497763,1,-1.2052259367575118,1.422158233237547,-1.0223976130812507,0.7168853643458143,1,1,-0.88601664907147,1,1.0,0.0,0.0,0
-0.32088753460877223,0,-0.42481068221707435,-0.6589039156014528,-1.0223976130812507,0.7168853643458143,1,1,-1.072951599703162,1,1.0,0.0,0.0,0
0.6028577983086588,1,-0.9125702163048478,-0.31206022412828616,-1.0223976130812507,0.7168853643458143,1,1,-1.0775386379454728,1,0.0,0.0,1.0,0
-0.24740779221761294,1,0.4531564791409178,0.03478346734488051,-1.0223976130812507,0.7168853643458143,1,1,-0.8928707484247258,1,1.0,0.0,0.0,0
-0.4258585951675712,0,-0.6199144958521837,0.38162715881804715,-1.0223976130812507,0.7168853643458143,1,1,-0.9839282893744907,1,0.0,0.0,1.0,0
-1.066182064576245,0,0.7458121995935818,-0.31206022412828616,0.9168518156892852,-1.0457411022578735,1,0,1.3533709446497728,0,0.0,1.0,0.0,1
-0.5623209738940099,1,-0.8150183094872931,1.0753145417643806,-1.0223976130812507,0.7168853643458143,1,1,-0.9052482393390164,1,1.0,0.0,0.0,0
0.8547883436497763,1,0.06294885187069905,0.03478346734488051,-1.0223976130812507,0.7168853643458143,1,1,0.25461055197245924,1,1.0,0.0,0.0,0
1.2641754798290923,0,-0.8150183094872931,-0.31206022412828616,-1.0223976130812507,0.7168853643458143,0,1,0.275828835190295,1,1.0,0.0,0.0,0
0.4873896316939799,1,-1.0101221231224025,1.422158233237547,-1.0223976130812507,0.7168853643458143,0,1,-1.6926610040742995,1,1.0,0.0,0.0,0
0.004522753123504598,1,-0.22970686858196498,1.0753145417643806,-1.0223976130812507,0.7168853643458143,0,1,0.41903971188617595,1,0.0,0.0,1.0,0
0.07800249551466389,1,-0.22970686858196498,-1.3525912985477861,-1.0223976130812507,0.7168853643458143,1,1,-0.07531372204994206,1,1.0,0.0,0.0,0
0.35092725296754124,0,-0.8150183094872931,0.03478346734488051,-1.0223976130812507,0.7168853643458143,0,1,-0.3645754175343849,1,0.0,0.0,1.0,0
-0.20541936799409335,1,1.2335717336813552,-1.3525912985477861,0.6637978894939667,-1.0457411022578735,1,0,-0.7711278144659771,0,0.0,1.0,0.0,1
-0.25790489827349283,0,-0.22970686858196498,0.7284708502912138,-1.0223976130812507,0.7168853643458143,1,1,-0.8186708636198272,1,1.0,0.0,0.0,0
1.4846147070025701,1,-0.6199144958521837,0.7284708502912138,-1.0223976130812507,0.7168853643458143,0,1,-1.075351731593329,1,1.0,0.0,0.0,0
0.13048802579406338,0,-0.5223625890346291,1.422158233237547,-1.0223976130812507,0.7168853643458143,0,1,0.13025009670194607,1,1.0,0.0,0.0,0
0.29844172268814173,0,-0.5223625890346291,0.38162715881804715,-1.0223976130812507,0.7168853643458143,0,1,1.510646552583197,1,1.0,0.0,0.0,0
-0.12144251954705418,1,0.5507083859584725,1.7690019247107138,-1.0223976130812507,0.7168853643458143,0,1,1.1623066359786225,1,1.0,0.0,0.0,0
-0.36287595883229185,1,0.06294885187069905,1.422158233237547,-1.0223976130812507,0.7168853643458143,0,1,0.01993025684327597,1,0.0,0.0,1.0,0
-0.17392804982645366,1,-1.0101221231224025,0.7284708502912138,-1.0223976130812507,0.7168853643458143,1,1,0.5445022083426326,1,1.0,0.0,0.0,0
-0.14243673165881396,1,-0.42481068221707435,0.7284708502912138,-1.0223976130812507,0.7168853643458143,0,1,0.010245237145083585,1,1.0,0.0,0.0,0
0.6868346467556979,1,-0.42481068221707435,1.0753145417643806,-1.0223976130812507,0.7168853643458143,1,1,0.5852664550378586,1,1.0,0.0,0.0,0
0.14098513184994327,1,-0.1321549617644103,-1.0057476070746194,-1.0223976130812507,0.7168853643458143,1,1,-0.7891230783023154,1,1.0,0.0,0.0,0
-0.10044830743529438,1,-1.0101221231224025,1.0753145417643806,-1.0223976130812507,0.7168853643458143,1,1,-0.15021799715945805,1,1.0,0.0,0.0,0
0.6238520104204186,0,-0.9125702163048478,0.38162715881804715,-1.0223976130812507,0.7168853643458143,1,1,-0.012404901536793517,1,1.0,0.0,0.0,0
0.6238520104204186,1,-0.5223625890346291,-1.0057476070746194,-1.0223976130812507,0.7168853643458143,1,1,-0.11792603907146988,1,0.0,0.0,1.0,0
2.030464221908325,1,-0.22970686858196498,0.38162715881804715,-1.0223976130812507,0.7168853643458143,0,1,-1.0136030731410122,1,0.0,0.0,1.0,0
0.26695040452050206,0,-0.8150183094872931,1.422158233237547,-1.0223976130812507,0.7168853643458143,1,1,1.654992781533614,1,1.0,0.0,0.0,0
0.10949381368230357,1,-0.42481068221707435,0.03478346734488051,-1.0223976130812507,0.7168853643458143,1,1,0.0554320486814436,1,1.0,0.0,0.0,0
-0.3838701709440516,1,-0.6199144958521837,0.7284708502912138,-1.0223976130812507,0.7168853643458143,1,1,-1.1285481201747556,1,1.0,0.0,0.0,0
1.0017478284320949,0,-0.22970686858196498,-0.6589039156014528,-1.0223976130812507,0.7168853643458143,1,1,-0.8884428052339752,1,0.0,0.0,1.0,0
-0.12144251954705418,0,-0.1321549617644103,-1.3525912985477861,-1.0223976130812507,0.7168853643458143,1,1,-0.5330822339331815,1,1.0,0.0,0.0,0
0.41390988930282063,0,-0.8150183094872931,-1.6994349900209527,-1.0223976130812507,0.7168853643458143,1,1,-1.5737885473544415,1,0.0,0.0,1.0,0
0.5608693740851391,0,-0.7174664026697384,-0.6589039156014528,-1.0223976130812507,0.7168853643458143,1,1,0.21817795866033293,1,1.0,0.0,0.0,0
1.1172159950467737,1,-0.1321549617644103,1.0753145417643806,-1.0223976130812507,0.7168853643458143,1,1,-1.7137890698146965,1,0.0,0.0,1.0,0
-1.4230836704761616,1,1.33112364049891,0.03478346734488051,0.8541015242090851,2.479511830949502,0,0,-0.7966985704847829,0,0.0,1.0,0.0,1
-0.35237885277641195,1,0.4531564791409178,-1.3525912985477861,-1.0223976130812507,0.7168853643458143,1,1,0.8096270852140981,1,1.0,0.0,0.0,0
0.19347066212934275,1,-0.42481068221707435,1.0753145417643806,-1.0223976130812507,0.7168853643458143,1,1,1.4769399150509102,1,1.0,0.0,0.0,0
0.4663954195822201,0,-1.6929854708452852,1.422158233237547,-1.0223976130812507,0.7168853643458143,1,1,-1.2732147946652292,1,0.0,0.0,1.0,0
-0.9087254737380465,1,-0.03460305494685562,-1.3525912985477861,1.0265222729827936,-1.0457411022578735,1,0,0.8233155054736326,0,0.0,1.0,0.0,1
-0.08995120137941448,0,-1.8880892844803947,-1.3525912985477861,-1.0223976130812507,0.7168853643458143,0,1,-1.3465262108125056,1,1.0,0.0,0.0,0
0.8547883436497763,0,0.06294885187069905,-1.3525912985477861,0.4987365697992351,0.7168853643458143,0,1,1.556550766560343,0,1.0,0.0,0.0,0
-0.08995120137941448,0,0.4531564791409178,-1.3525912985477861,0.7166398756723412,-1.0457411022578735,0,0,1.5046410180033114,0,0.0,1.0,0.0,1
-0.5203325496704903,1,-0.7174664026697384,1.0753145417643806,-1.0223976130812507,0.7168853643458143,1,1,-0.9805444399899441,1,1.0,0.0,0.0,0
0.057008283402904085,1,-0.42481068221707435,-1.0057476070746194,-1.0223976130812507,0.7168853643458143,0,1,-1.3570155540210938,1,1.0,0.0,0.0,0
1.6630655099525284,1,-1.0101221231224025,0.38162715881804715,-1.0223976130812507,0.7168853643458143,0,1,1.4891799978072557,1,0.0,0.0,1.0,0
1.1697015253261733,1,-0.9125702163048478,-1.0057476070746194,0.5236912020002334,0.7168853643458143,1,1,-0.4515533935524317,0,1.0,0.0,0.0,0
0.5188809498616196,1,-0.03460305494685562,1.0753145417643806,-1.0223976130812507,0.7168853643458143,0,1,-0.9208862245869711,1,0.0,0.0,1.0,0
1.9359902674054057,1,-1.0101221231224025,-0.31206022412828616,-1.0223976130812507,0.7168853643458143,1,1,1.3831552038552632,1,0.0,0.0,1.0,0
2.030464221908325,1,-1.0101221231224025,-0.31206022412828616,-1.0223976130812507,0.7168853643458143,1,1,-1.5146924562339712,1,1.0,0.0,0.0,0
1.5685915554496093,1,-0.7174664026697384,1.422158233237547,-1.0223976130812507,0.7168853643458143,0,1,0.7018702891904314,1,1.0,0.0,0.0,0
-1.0031994282409655,0,1.0384679200462459,-1.3525912985477861,0.6209916202132388,-1.0457411022578735,1,0,0.5783986495678386,0,0.0,1.0,0.0,1
-0.04796277715589489,0,-0.22970686858196498,-1.3525912985477861,-1.0223976130812507,0.7168853643458143,1,1,-1.395088890956562,1,0.0,0.0,1.0,0
1.3586494343320115,1,-0.7174664026697384,1.422158233237547,-1.0223976130812507,0.7168853643458143,1,1,-1.4140418480149417,1,0.0,0.0,1.0,0
-1.475569200755561,0,1.4286755473164647,-1.3525912985477861,1.501257234705823,-1.0457411022578735,1,0,0.325975352548847,0,0.0,1.0,0.0,1
-2.2418579428347933,1,1.1360198268638007,-0.6589039156014528,0.8655216945404643,-1.0457411022578735,1,0,-0.9867264191362815,0,0.0,1.0,0.0,1
0.34043014691166135,1,0.16050075868825375,-1.0057476070746194,-1.0223976130812507,0.7168853643458143,1,1,1.1286763363118613,1,0.0,0.0,1.0,0
0.27744751057638195,0,-0.9125702163048478,1.422158233237547,-1.0223976130812507,0.7168853643458143,1,1,-0.8824608659943433,1,1.0,0.0,0.0,0
-0.07945409532353459,0,-0.22970686858196498,1.0753145417643806,-1.0223976130812507,0.7168853643458143,0,1,0.164235367443399,1,1.0,0.0,0.0,0
-2.000424503549556,0,1.7213312677691288,-1.0057476070746194,0.7803738619890513,2.479511830949502,1,0,1.698873174598602,0,0.0,1.0,0.0,1
-0.9087254737380465,0,1.1360198268638007,0.03478346734488051,1.0602220763093542,-1.0457411022578735,1,0,1.3548553691439371,0,0.0,1.0,0.0,1
1.190695737437933,1,-0.8150183094872931,1.0753145417643806,-1.0223976130812507,0.7168853643458143,0,1,-0.8479360253397474,1,0.0,0.0,1.0,0
1.0017478284320949,1,-0.5223625890346291,-0.31206022412828616,-1.0223976130812507,0.7168853643458143,1,1,-1.0434489231243695,1,1.0,0.0,0.0,0
-0.5203325496704903,1,-0.3272587753995197,-1.0057476070746194,-1.0223976130812507,0.7168853643458143,1,1,0.2511635503537057,1,1.0,0.0,0.0,0
-0.5413267617822501,0,-0.22970686858196498,1.422158233237547,-1.0223976130812507,0.7168853643458143,0,1,-1.1136997113495384,1,0.0,0.0,1.0,0
-1.2341357614703234,0,0.4531564791409178,-0.6589039156014528,0.8496427626617727,2.479511830949502,1,0,-0.761811124968943,0,0.0,1.0,0.0,1
1.5161060251702099,1,0.3556045723233631,0.38162715881804715,-1.0223976130812507,0.7168853643458143,1,1,-0.06782410996619034,1,1.0,0.0,0.0,0
-0.08995120137941448,0,-0.03460305494685562,-1.0057476070746194,-1.0223976130812507,0.7168853643458143,0,1,-1.5642690420283192,1,1.0,0.0,0.0,0
0.4244069953587005,0,-1.4978816572101759,1.7690019247107138,-1.0223976130812507,0.7168853643458143,1,1,-0.34663254923302056,1,1.0,0.0,0.0,0
0.9177709799850557,1,-0.3272587753995197,0.7284708502912138,-1.0223976130812507,0.7168853643458143,1,1,-0.9833186274211838,1,0.0,0.0,1.0,0
0.4244069953587005,1,0.16050075868825375,-0.31206022412828616,-1.0223976130812507,0.7168853643458143,0,1,-1.26946972838063,1,1.0,0.0,0.0,0
0.4873896316939799,1,-1.0101221231224025,-1.0057476070746194,0.2851228950365109,0.7168853643458143,0,1,1.0947292345031707,0,1.0,0.0,0.0,0
-0.24740779221761294,1,-0.03460305494685562,-1.0057476070746194,0.4579376371899644,0.7168853643458143,1,1,0.138097629277921,0,1.0,0.0,0.0,0
0.15148223790582316,0,-0.7174664026697384,-0.31206022412828616,-1.0223976130812507,0.7168853643458143,0,1,-0.35468636754106175,1,0.0,0.0,1.0,0
-0.016471458988255198,1,-1.0101221231224025,1.7690019247107138,-1.0223976130812507,0.7168853643458143,0,1,0.46586223568655927,1,1.0,0.0,0.0,0
-0.4783441254469707,1,0.16050075868825375,-1.3525912985477861,-1.0223976130812507,0.7168853643458143,1,1,0.0491676593393688,1,1.0,0.0,0.0,0
0.9807536163203351,1,-1.5954335640277306,0.03478346734488051,-1.0223976130812507,0.7168853643458143,0,1,0.09389627018742955,1,1.0,0.0,0.0,0
0.781308601258617,1,-0.8150183094872931,0.7284708502912138,-1.0223976130812507,0.7168853643458143,1,1,1.4724198459360829,1,1.0,0.0,0.0,0
-0.23691068616173305,0,0.2580526655058084,0.7284708502912138,-1.0223976130812507,0.7168853643458143,1,1,0.5477470881128939,1,1.0,0.0,0.0,0
0.9387651920968155,1,-1.3027778435750665,1.422158233237547,-1.0223976130812507,0.7168853643458143,0,1,-0.19058684841029416,1,1.0,0.0,0.0,0
0.06750538945878398,1,-0.3272587753995197,1.422158233237547,-1.0223976130812507,0.7168853643458143,1,1,1.6632402204278507,1,1.0,0.0,0.0,0
0.3929156771910608,0,-0.1321549617644103,-0.6589039156014528,-1.0223976130812507,0.7168853643458143,1,1,0.8206079401795784,1,0.0,0.0,1.0,0
-0.31039042855289234,1,0.16050075868825375,1.7690019247107138,-1.0223976130812507,0.7168853643458143,1,1,1.6495712316249957,1,0.0,0.0,1.0,0
0.6238520104204186,0,0.16050075868825375,-0.6589039156014528,-1.0223976130812507,0.7168853643458143,0,1,1.1784231208473002,1,1.0,0.0,0.0,0
0.886279661817416,0,-0.22970686858196498,-0.6589039156014528,-1.0223976130812507,0.7168853643458143,1,1,-0.1719125245610807,1,1.0,0.0,0.0,0
-0.4573499133352109,1,0.5507083859584725,-0.6589039156014528,-1.0223976130812507,0.7168853643458143,0,1,0.6380823687577026,1,1.0,0.0,0.0,0
0.3194359347999015,0,-1.2052259367575118,0.38162715881804715,-1.0223976130812507,0.7168853643458143,1,1,-1.1590253190050348,1,1.0,0.0,0.0,0
-0.4573499133352109,0,0.16050075868825375,1.422158233237547,0.5178871286345924,0.7168853643458143,1,1,-0.676757383647574,0,1.0,0.0,0.0,0
0.7708114952027372,1,0.3556045723233631,-0.31206022412828616,-1.0223976130812507,0.7168853643458143,0,1,-0.23822861630388012,1,0.0,0.0,1.0,0
0.41390988930282063,0,0.4531564791409178,-0.31206022412828616,-1.0223976130812507,0.7168853643458143,1,1,-0.5778644547822589,1,0.0,0.0,1.0,0
-2.3783203215612323,1,1.0384679200462459,-0.6589039156014528,1.1862068555491954,-1.0457411022578735,1,0,0.8120136844826492,0,0.0,1.0,0.0,1
0.791805707314497,1,-0.22970686858196498,0.7284708502912138,-1.0223976130812507,0.7168853643458143,1,1,-0.6746076052572995,1,1.0,0.0,0.0,0
-0.037465671100014995,0,0.4531564791409178,0.38162715881804715,-1.0223976130812507,0.7168853643458143,1,1,-1.6028005796520866,1,1.0,0.0,0.0,0
0.5713664801410191,0,-1.6929854708452852,-1.6994349900209527,0.3120307421691486,0.7168853643458143,0,1,-1.7055428453865025,0,1.0,0.0,0.0,0
1.9779786916289255,0,-1.0101221231224025,1.422158233237547,-1.0223976130812507,0.7168853643458143,1,1,-0.7551832632898796,1,1.0,0.0,0.0,0
1.316661010108492,1,-0.22970686858196498,0.03478346734488051,0.28571710663826067,0.7168853643458143,0,1,0.14382348967774622,0,1.0,0.0,0.0,0
-0.43635570122345113,1,-0.6199144958521837,-0.31206022412828616,-1.0223976130812507,0.7168853643458143,1,1,-1.6219710996272128,1,1.0,0.0,0.0,0
0.3194359347999015,1,-0.3272587753995197,-0.6589039156014528,-1.0223976130812507,0.7168853643458143,1,1,1.331342439086478,1,0.0,0.0,1.0,0
-0.22641358010585316,0,-0.3272587753995197,0.7284708502912138,-1.0223976130812507,0.7168853643458143,1,1,-0.5857536261939746,1,0.0,0.0,1.0,0
-0.4258585951675712,1,-1.9856411912979492,0.38162715881804715,-1.0223976130812507,0.7168853643458143,1,1,-1.2561921446337394,1,1.0,0.0,0.0,0
-0.29989332249701245,1,-0.22970686858196498,-0.6589039156014528,-1.0223976130812507,0.7168853643458143,1,1,-1.5782975127797378,1,1.0,0.0,0.0,0
0.7498172830909774,0,-0.42481068221707435,0.38162715881804715,0.4341400182541785,0.7168853643458143,1,1,-1.528768464656194,0,1.0,0.0,0.0,0
0.10949381368230357,1,-0.7174664026697384,0.03478346734488051,-1.0223976130812507,0.7168853643458143,1,1,-1.3769775588655955,1,0.0,0.0,1.0,0
2.030464221908325,0,-1.2052259367575118,-0.31206022412828616,-0.013881515800380191,0.7168853643458143,0,1,1.3819147135404812,0,1.0,0.0,0.0,0
1.1801986313820532,1,-0.9125702163048478,1.0753145417643806,-1.0223976130812507,0.7168853643458143,1,1,1.2591757439317792,1,1.0,0.0,0.0,0
0.004522753123504598,1,0.16050075868825375,1.7690019247107138,-1.0223976130812507,0.7168853643458143,1,1,-0.8106198212341686,1,0.0,0.0,1.0,0
-0.9402167919056862,0,1.0384679200462459,0.03478346734488051,1.1514281611116237,-1.0457411022578735,1,0,-0.09992921377879126,0,0.0,1.0,0.0,1
1.2641754798290923,0,-0.3272587753995197,-0.6589039156014528,-1.0223976130812507,0.7168853643458143,1,1,-1.43056968988171,1,0.0,0.0,1.0,0
0.8757825557615361,0,-0.1321549617644103,1.422158233237547,-1.0223976130812507,0.7168853643458143,1,1,-0.45955915370422207,1,1.0,0.0,0.0,0
-1.381095246252642,0,0.8433641064111366,-1.3525912985477861,0.8797186644930318,-1.0457411022578735,1,0,-0.20112997511504774,0,0.0,1.0,0.0,1
0.20396776818522266,1,-0.03460305494685562,1.0753145417643806,-1.0223976130812507,0.7168853643458143,1,1,0.5895238524972205,1,1.0,0.0,0.0,0
2.019967115852445,1,-1.1076740299399572,-1.6994349900209527,-1.0223976130812507,0.7168853643458143,0,1,1.009364416379787,1,1.0,0.0,0.0,0
-0.13193962560293407,1,-1.2052259367575118,1.0753145417643806,0.534563067562744,0.7168853643458143,1,1,0.6777081402857119,0,0.0,0.0,1.0,0
0.3194359347999015,0,-1.6929854708452852,1.0753145417643806,-1.0223976130812507,0.7168853643458143,1,1,0.9551555101092601,1,0.0,0.0,1.0,0
-1.4650720946996811,1,1.4286755473164647,-1.6994349900209527,0.7361220912406892,-1.0457411022578735,1,0,-0.7813789488350973,0,0.0,1.0,0.0,1
0.40341278324694074,1,-0.9125702163048478,0.03478346734488051,-1.0223976130812507,0.7168853643458143,1,1,-1.6125189104188717,1,1.0,0.0,0.0,0
0.20396776818522266,0,-0.8150183094872931,0.03478346734488051,-1.0223976130812507,0.7168853643458143,0,1,1.00930612200975,1,0.0,0.0,1.0,0
2.030464221908325,0,-0.9125702163048478,-1.3525912985477861,-1.0223976130812507,0.7168853643458143,1,1,1.7051630677275682,1,0.0,0.0,1.0,0
-0.04796277715589489,0,0.16050075868825375,-0.31206022412828616,0.2650451792535603,0.7168853643458143,1,1,-1.148347213074421,0,1.0,0.0,0.0,0
0.28794461663226184,0,-1.3027778435750665,-1.3525912985477861,-1.0223976130812507,0.7168853643458143,0,1,0.7853233642678594,1,1.0,0.0,0.0,0
0.3929156771910608,0,-0.8150183094872931,1.422158233237547,-1.0223976130812507,0.7168853643458143,1,1,-1.2622344601851958,1,1.0,0.0,0.0,0
0.4663954195822201,1,0.2580526655058084,1.7690019247107138,-1.0223976130812507,0.7168853643458143,1,1,0.8075185986692665,1,1.0,0.0,0.0,0
-0.3943672769999315,0,-0.03460305494685562,-0.6589039156014528,-1.0223976130812507,0.7168853643458143,0,1,0.290669263238662,1,1.0,0.0,0.0,0
1.2221870556055727,1,0.2580526655058084,-0.31206022412828616,-1.0223976130812507,0.7168853643458143,1,1,-1.297547489301338,1,1.0,0.0,0.0,0
0.3614243590234211,0,-0.5223625890346291,0.38162715881804715,-1.0223976130812507,0.7168853643458143,1,1,0.012052709606537863,1,1.0,0.0,0.0,0
1.400637858555531,1,-0.9125702163048478,-0.6589039156014528,-0.28051162270642743,0.7168853643458143,1,1,1.5625675783249084,0,0.0,0.0,1.0,0
0.27744751057638195,0,-0.6199144958521837,1.422158233237547,-1.0223976130812507,0.7168853643458143,1,1,-1.29638507180357,1,1.0,0.0,0.0,0
0.6028577983086588,1,-1.79053737766284,-0.6589039156014528,-1.0223976130812507,0.7168853643458143,0,1,0.8805281332574212,1,0.0,0.0,1.0,0
-0.21591647404997324,0,-0.42481068221707435,-0.6589039156014528,-1.0223976130812507,0.7168853643458143,1,1,-0.9534835341370597,1,1.0,0.0,0.0,0
-1.4020894583644017,1,0.2580526655058084,-1.6994349900209527,0.8988647131834043,-1.0457411022578735,0,0,0.39159191185119885,0,0.0,1.0,0.0,1
0.9282680860409356,0,-0.3272587753995197,1.0753145417643806,-1.0223976130812507,0.7168853643458143,1,1,0.2926427705576334,1,0.0,0.0,1.0,0
0.5188809498616196,1,-0.9125702163048478,-1.0057476070746194,-1.0223976130812507,0.7168853643458143,1,1,-1.4132585174175656,1,0.0,0.0,1.0,0
-0.4783441254469707,1,-1.1076740299399572,0.7284708502912138,-1.0223976130812507,0.7168853643458143,1,1,1.0021164830384819,1,1.0,0.0,0.0,0
-0.08995120137941448,0,-0.7174664026697384,0.03478346734488051,-1.0223976130812507,0.7168853643458143,1,1,-1.6397822851105464,1,0.0,0.0,1.0,0
1.5371002372819698,1,-0.22970686858196498,-1.3525912985477861,-1.0223976130812507,0.7168853643458143,1,1,0.8615304144506198,1,1.0,0.0,0.0,0
0.4663954195822201,0,-0.3272587753995197,-1.0057476070746194,-1.0223976130812507,0.7168853643458143,1,1,-0.5889880962553006,1,1.0,0.0,0.0,0
0.20396776818522266,0,-0.6199144958521837,0.03478346734488051,-1.0223976130812507,0.7168853643458143,1,1,-0.4206945053945272,1,1.0,0.0,0.0,0
1.2536783737732125,0,-0.9125702163048478,0.03478346734488051,-1.0223976130812507,0.7168853643458143,1,1,0.756228574784179,1,1.0,0.0,0.0,0
0.9597594042085753,1,0.06294885187069905,-0.6589039156014528,-1.0223976130812507,0.7168853643458143,1,1,0.42133140930826785,1,0.0,0.0,1.0,0
-0.7932573071233676,0,0.4531564791409178,0.03478346734488051,0.4797958937822786,2.479511830949502,1,0,0.7169173499611627,0,0.0,1.0,0.0,1
-0.446852807279331,0,0.4531564791409178,0.38162715881804715,-1.0223976130812507,0.7168853643458143,1,1,0.16183488856293413,1,1.0,0.0,0.0,0
-0.27889911038525267,0,0.16050075868825375,0.7284708502912138,-1.0223976130812507,0.7168853643458143,1,1,-1.1322369740311047,1,1.0,0.0,0.0,0
0.35092725296754124,1,-0.03460305494685562,-1.3525912985477861,0.49906758222579944,0.7168853643458143,0,1,-0.7751692104649326,0,1.0,0.0,0.0,0
-0.7932573071233676,1,0.06294885187069905,-1.3525912985477861,0.9350618482187012,-1.0457411022578735,0,0,1.0746626120838694,0,0.0,1.0,0.0,1
1.1172159950467737,0,-0.1321549617644103,0.38162715881804715,-1.0223976130812507,0.7168853643458143,1,1,0.8673307042693321,1,0.0,0.0,1.0,0
0.6658404346439382,1,-0.42481068221707435,-0.6589039156014528,-1.0223976130812507,0.7168853643458143,1,1,-0.39324115351478456,1,0.0,0.0,1.0,0
1.4426262827790506,1,-0.8150183094872931,1.0753145417643806,-1.0223976130812507,0.7168853643458143,1,1,-1.311618119373944,1,1.0,0.0,0.0,0
1.3691465403878913,1,-0.6199144958521837,-0.31206022412828616,-1.0223976130812507,0.7168853643458143,1,1,-1.5002937468347561,1,1.0,0.0,0.0,0
1.7470423583995676,0,0.5507083859584725,-1.3525912985477861,-1.0223976130812507,0.7168853643458143,0,1,1.436229104861552,1,1.0,0.0,0.0,0
0.08849960157054378,1,-0.22970686858196498,-1.3525912985477861,-1.0223976130812507,0.7168853643458143,0,1,0.3780806301387123,1,1.0,0.0,0.0,0
0.6238520104204186,0,-1.5954335640277306,1.0753145417643806,-1.0223976130812507,0.7168853643458143,1,1,-0.1232965814063059,1,1.0,0.0,0.0,0
-0.43635570122345113,0,-0.3272587753995197,-1.0057476070746194,0.5471331637886451,0.7168853643458143,1,1,0.695758749074556,0,1.0,0.0,0.0,0
-0.5938122920616495,1,-0.7174664026697384,1.0753145417643806,-1.0223976130812507,0.7168853643458143,1,1,0.37894637093182576,1,1.0,0.0,0.0,0
0.8757825557615361,0,-0.1321549617644103,0.7284708502912138,-1.0223976130812507,0.7168853643458143,1,1,1.6405232861136394,1,1.0,0.0,0.0,0
-0.36287595883229185,0,0.2580526655058084,1.422158233237547,-1.0223976130812507,0.7168853643458143,1,1,0.9728355332600102,1,0.0,0.0,1.0,0
0.03601407129114429,1,-0.03460305494685562,0.7284708502912138,-1.0223976130812507,0.7168853643458143,0,1,0.813205075670287,1,1.0,0.0,0.0,0
1.1067188889908939,1,-0.3272587753995197,1.422158233237547,-1.0223976130812507,0.7168853643458143,1,1,-0.9826402613889045,1,1.0,0.0,0.0,0
-0.3838701709440516,1,-0.22970686858196498,1.0753145417643806,-1.0223976130812507,0.7168853643458143,1,1,0.8019705707970848,1,1.0,0.0,0.0,0
1.5790886615054893,0,0.4531564791409178,-1.6994349900209527,-1.0223976130812507,0.7168853643458143,0,1,-0.24619603402775894,1,0.0,0.0,1.0,0
1.705053934176048,1,-0.3272587753995197,-1.3525912985477861,-1.0223976130812507,0.7168853643458143,0,1,-1.6712539581344383,1,1.0,0.0,0.0,0
-0.11094541349117427,1,-1.9856411912979492,1.7690019247107138,-1.0223976130812507,0.7168853643458143,0,1,-0.8140125188713101,1,1.0,0.0,0.0,0
1.0647304647673743,0,0.4531564791409178,1.7690019247107138,-1.0223976130812507,0.7168853643458143,1,1,-0.7703214090137942,1,0.0,0.0,1.0,0
2.030464221908325,0,0.06294885187069905,1.7690019247107138,-1.0223976130812507,0.7168853643458143,1,1,0.7515199164424751,1,0.0,0.0,1.0,0
1.6315741917848887,1,-1.4003297503926213,1.7690019247107138,-1.0223976130812507,0.7168853643458143,1,1,0.9922628260555385,1,1.0,0.0,0.0,0
-0.037465671100014995,1,-0.3272587753995197,1.422158233237547,-1.0223976130812507,0.7168853643458143,1,1,-0.9326675861695707,1,0.0,0.0,1.0,0
0.7078288588674577,1,0.06294885187069905,-0.6589039156014528,-1.0223976130812507,0.7168853643458143,0,1,-0.07201436480291978,1,0.0,0.0,1.0,0
-0.3313846406646521,1,-0.7174664026697384,0.03478346734488051,-1.0223976130812507,0.7168853643458143,0,1,-1.7284200892183161,1,1.0,0.0,0.0,0
0.21446487424110255,0,-0.42481068221707435,-0.31206022412828616,-1.0223976130812507,0.7168853643458143,1,1,-1.622840310323305,1,0.0,0.0,1.0,0
-1.4545749886438013,1,0.7458121995935818,-0.31206022412828616,0.8078503095429891,-1.0457411022578735,0,0,-0.12120700583270662,0,0.0,1.0,0.0,1
0.6133549043645387,0,-0.03460305494685562,-1.6994349900209527,-1.0223976130812507,0.7168853643458143,1,1,-1.7242086679734185,1,1.0,0.0,0.0,0
-0.8877312616262867,1,0.8433641064111366,-0.31206022412828616,0.5779535616956124,-1.0457411022578735,1,0,1.6800617895817416,0,0.0,1.0,0.0,1
0.29844172268814173,1,0.06294885187069905,1.422158233237547,-1.0223976130812507,0.7168853643458143,1,1,-1.4033597516959029,1,0.0,0.0,1.0,0
0.025516965235264394,0,-0.03460305494685562,1.422158233237547,-1.0223976130812507,0.7168853643458143,1,1,-1.1105866878924568,1,0.0,0.0,1.0,0
-1.8324708066554776,0,0.9409160132286912,-1.0057476070746194,0.09433796342086961,-1.0457411022578735,0,0,0.05078047024373444,0,0.0,1.0,0.0,1
-1.8219737005995975,1,0.2580526655058084,-1.3525912985477861,0.8836933908375094,-1.0457411022578735,0,0,1.1005557220893696,0,0.0,1.0,0.0,1
-0.05845988321177479,1,-1.4978816572101759,1.7690019247107138,-1.0223976130812507,0.7168853643458143,1,1,1.2211563639876257,1,1.0,0.0,0.0,0
0.4244069953587005,1,-0.22970686858196498,0.7284708502912138,-1.0223976130812507,0.7168853643458143,1,1,-0.43292747484976696,1,1.0,0.0,0.0,0
-0.27889911038525267,1,-0.1321549617644103,0.38162715881804715,-1.0223976130812507,0.7168853643458143,1,1,-0.2960861255562066,1,1.0,0.0,0.0,0
0.015019859179384495,1,-1.6929854708452852,0.7284708502912138,-1.0223976130812507,0.7168853643458143,0,1,0.9466981420848295,1,0.0,0.0,1.0,0
0.5923606922527789,0,0.06294885187069905,1.7690019247107138,-1.0223976130812507,0.7168853643458143,1,1,0.46063586782047616,1,1.0,0.0,0.0,0
0.5188809498616196,1,-1.79053737766284,1.0753145417643806,-1.0223976130812507,0.7168853643458143,1,1,-1.5154020513930562,1,0.0,0.0,1.0,0
1.4216320706672907,1,-0.7174664026697384,0.38162715881804715,0.1255935903188719,0.7168853643458143,0,1,0.45454271819038616,0,1.0,0.0,0.0,0
-1.1606560190791642,0,1.9164350814042381,-0.6589039156014528,0.6923967188426978,4.242138297553191,1,0,0.5060551628563896,0,0.0,1.0,0.0,1
0.8023028133703768,1,-0.22970686858196498,-1.3525912985477861,-1.0223976130812507,0.7168853643458143,0,1,0.15031984203392773,1,0.0,0.0,1.0,0
0.4244069953587005,0,-1.3027778435750665,0.03478346734488051,0.31344048463011753,0.7168853643458143,1,1,0.49724178278637426,0,0.0,0.0,1.0,0
0.06750538945878398,1,-0.42481068221707435,0.7284708502912138,-1.0223976130812507,0.7168853643458143,1,1,1.4003423272879294,1,1.0,0.0,0.0,0
0.4454012074704603,1,-0.6199144958521837,-0.6589039156014528,-1.0223976130812507,0.7168853643458143,1,1,1.2328015318783225,1,1.0,0.0,0.0,0
1.096221782935014,0,-1.2052259367575118,-1.3525912985477861,-1.0223976130812507,0.7168853643458143,1,1,1.7296699514931932,1,1.0,0.0,0.0,0
1.0227420405438548,1,-0.42481068221707435,0.7284708502912138,-1.0223976130812507,0.7168853643458143,1,1,-0.5984500011919812,1,1.0,0.0,0.0,0
-0.037465671100014995,1,0.5507083859584725,1.0753145417643806,-1.0223976130812507,0.7168853643458143,1,1,0.952941365018736,1,1.0,0.0,0.0,0
1.0647304647673743,0,-0.42481068221707435,-0.6589039156014528,-1.0223976130812507,0.7168853643458143,1,1,0.4252808528782955,1,1.0,0.0,0.0,0
0.3089388287440216,0,-0.3272587753995197,-0.31206022412828616,-1.0223976130812507,0.7168853643458143,1,1,1.0403279221124906,1,0.0,0.0,1.0,0
-0.0059743529323753,1,-0.1321549617644103,-1.0057476070746194,-1.0223976130812507,0.7168853643458143,0,1,-0.5529776166404979,1,1.0,0.0,0.0,0
-0.19492226193821346,0,1.4286755473164647,-1.3525912985477861,0.9736100574039411,-1.0457411022578735,1,0,-1.4409800927975396,0,0.0,1.0,0.0,1
-0.8037544131792476,0,-0.03460305494685562,-1.3525912985477861,1.0429019920314064,-1.0457411022578735,1,0,0.45525508927185393,0,0.0,1.0,0.0,1
0.5083838438057396,0,-0.3272587753995197,-0.6589039156014528,-1.0223976130812507,0.7168853643458143,0,1,-0.5791719142245243,1,1.0,0.0,0.0,0
0.3929156771910608,0,-1.5954335640277306,-0.31206022412828616,-1.0223976130812507,0.7168853643458143,1,1,-1.5300171092429753,1,1.0,0.0,0.0,0
0.22496198029698244,0,-0.42481068221707435,0.38162715881804715,-1.0223976130812507,0.7168853643458143,1,1,0.43164257299891445,1,1.0,0.0,0.0,0
1.7785336765672073,0,-0.8150183094872931,0.03478346734488051,-1.0223976130812507,0.7168853643458143,0,1,1.000788724663793,1,1.0,0.0,0.0,0
0.3089388287440216,1,-1.3027778435750665,-1.3525912985477861,-1.0223976130812507,0.7168853643458143,0,1,-1.444420675095783,1,1.0,0.0,0.0,0
-0.10044830743529438,0,0.16050075868825375,1.422158233237547,-1.0223976130812507,0.7168853643458143,0,1,-0.12762996974089455,1,1.0,0.0,0.0,0
0.5503722680292593,0,-0.8150183094872931,0.03478346734488051,-1.0223976130812507,0.7168853643458143,0,1,1.0700245662677763,1,1.0,0.0,0.0,0
-0.20541936799409335,1,-0.6199144958521837,-0.6589039156014528,-1.0223976130812507,0.7168853643458143,1,1,1.7022207634970243,1,1.0,0.0,0.0,0
0.3614243590234211,1,0.16050075868825375,-1.3525912985477861,-1.0223976130812507,0.7168853643458143,1,1,0.7963351013698475,1,0.0,0.0,1.0,0
0.13048802579406338,1,-1.2052259367575118,-0.31206022412828616,-1.0223976130812507,0.7168853643458143,1,1,1.698183184391345,1,1.0,0.0,0.0,0
0.23545908635286236,0,-0.22970686858196498,-0.6589039156014528,-1.0223976130812507,0.7168853643458143,1,1,-1.6910606848206562,1,1.0,0.0,0.0,0
0.8023028133703768,1,0.06294885187069905,-1.3525912985477861,-1.0223976130812507,0.7168853643458143,1,1,0.7308951601290967,1,1.0,0.0,0.0,0
0.8757825557615361,0,-0.1321549617644103,0.03478346734488051,-1.0223976130812507,0.7168853643458143,1,1,-1.2523783742701677,1,1.0,0.0,0.0,0
-0.341881746720532,1,1.5262274541340193,-0.6589039156014528,0.8577887288107805,-1.0457411022578735,1,0,0.18710567146925636,0,0.0,1.0,0.0,1
2.030464221908325,0,-1.4003297503926213,0.38162715881804715,-1.0223976130812507,0.7168853643458143,1,1,-1.5016648789966753,1,1.0,0.0,0.0,0
1.6525684038966486,0,-0.22970686858196498,0.38162715881804715,-1.0223976130812507,0.7168853643458143,1,1,-0.01833149582391997,1,1.0,0.0,0.0,0
-0.5308296557263702,1,-0.6199144958521837,0.38162715881804715,-1.0223976130812507,0.7168853643458143,0,1,-1.0960205556745333,1,1.0,0.0,0.0,0
1.0332391465997346,1,-0.7174664026697384,0.03478346734488051,-1.0223976130812507,0.7168853643458143,0,1,1.6472873414846052,1,1.0,0.0,0.0,0
-0.4678470193910908,0,-0.03460305494685562,-1.3525912985477861,-1.0223976130812507,0.7168853643458143,1,1,-1.5702074339855723,1,1.0,0.0,0.0,0
-0.7932573071233676,1,-0.03460305494685562,-1.3525912985477861,1.1216201296771415,-1.0457411022578735,1,0,0.1044317631056306,0,0.0,1.0,0.0,1
0.4873896316939799,0,0.3556045723233631,0.7284708502912138,-1.0223976130812507,0.7168853643458143,0,1,-0.47213113268045276,1,1.0,0.0,0.0,0
-0.5203325496704903,1,0.5507083859584725,-1.6994349900209527,-1.0223976130812507,0.7168853643458143,1,1,-0.3222415602268746,1,1.0,0.0,0.0,0
1.0437362526556144,1,-1.1076740299399572,1.0753145417643806,-1.0223976130812507,0.7168853643458143,1,1,1.0100738380437233,1,1.0,0.0,0.0,0
-0.3313846406646521,1,1.7213312677691288,-1.6994349900209527,1.3697066144015027,-1.0457411022578735,1,0,-0.9176076867578193,0,0.0,1.0,0.0,1
-0.08995120137941448,0,-1.1076740299399572,0.7284708502912138,-1.0223976130812507,0.7168853643458143,1,1,1.0990365985654214,1,0.0,0.0,1.0,0
0.29844172268814173,1,-0.03460305494685562,-0.31206022412828616,-1.0223976130812507,0.7168853643458143,1,1,-1.1073969795795522,1,0.0,0.0,1.0,0
0.26695040452050206,1,-0.1321549617644103,0.03478346734488051,-1.0223976130812507,0.7168853643458143,0,1,0.22278633680596077,1,1.0,0.0,0.0,0
-0.49933833755873047,1,-0.1321549617644103,0.38162715881804715,-1.0223976130812507,0.7168853643458143,0,1,-1.3477604553019265,1,1.0,0.0,0.0,0
-1.5700431552584801,1,0.16050075868825375,-0.6589039156014528,0.9122198967898769,-1.0457411022578735,1,0,-0.13252600284343297,0,0.0,1.0,0.0,1
0.6238520104204186,1,0.06294885187069905,-1.3525912985477861,0.11573119184992764,0.7168853643458143,1,1,-0.4031603916640197,0,1.0,0.0,0.0,0
0.26695040452050206,1,0.16050075868825375,-0.31206022412828616,-1.0223976130812507,0.7168853643458143,1,1,0.7118905015163386,1,1.0,0.0,0.0,0
1.4426262827790506,0,-1.0101221231224025,0.03478346734488051,-1.0223976130812507,0.7168853643458143,0,1,-0.22578016587368105,1,0.0,0.0,1.0,0
-0.20541936799409335,1,1.0384679200462459,-1.0057476070746194,0.7205240769639092,-1.0457411022578735,1,0,1.2027417623763461,0,0.0,1.0,0.0,1
0.9702565102644553,1,0.3556045723233631,-1.0057476070746194,-0.10866108512008534,0.7168853643458143,0,1,1.4891043539223265,0,1.0,0.0,0.0,0
0.9807536163203351,0,-0.03460305494685562,0.7284708502912138,0.5441917438755107,0.7168853643458143,0,1,1.3909007212836728,0,0.0,0.0,1.0,0
0.8127999194262567,0,0.06294885187069905,-0.6589039156014528,0.46976710317871584,0.7168853643458143,1,1,0.45035315733425224,0,0.0,0.0,1.0,0
-1.150158913023284,1,1.623779360951574,-0.31206022412828616,0.771395935166951,2.479511830949502,1,0,-1.4363894111571014,0,0.0,1.0,0.0,1
-0.6358007162851692,1,0.16050075868825375,0.03478346734488051,-0.017456288930668307,2.479511830949502,1,0,0.8485616520688078,0,0.0,1.0,0.0,1
-0.20541936799409335,0,0.16050075868825375,0.38162715881804715,-1.0223976130812507,0.7168853643458143,1,1,1.4208730492305932,1,0.0,0.0,1.0,0
1.2746725858849723,1,0.3556045723233631,0.38162715881804715,-1.0223976130812507,0.7168853643458143,1,1,0.11249130675358646,1,1.0,0.0,0.0,0
0.35092725296754124,1,-1.6929854708452852,1.0753145417643806,-1.0223976130812507,0.7168853643458143,1,1,0.972774809957888,1,1.0,0.0,0.0,0
-0.37337306488817174,1,0.06294885187069905,0.38162715881804715,-1.0223976130812507,0.7168853643458143,1,1,-0.7083754865771548,1,1.0,0.0,0.0,0
-0.21591647404997324,0,-0.3272587753995197,-1.0057476070746194,-1.0223976130812507,0.7168853643458143,1,1,-1.3286978493094288,1,1.0,0.0,0.0,0
0.4349041014145804,1,-0.22970686858196498,0.38162715881804715,-1.0223976130812507,0.7168853643458143,0,1,-1.3963172366109196,1,1.0,0.0,0.0,0
0.7393201770350974,0,-0.7174664026697384,-1.0057476070746194,-0.18170529929831272,0.7168853643458143,0,1,1.052592641179983,0,1.0,0.0,0.0,0
-0.04796277715589489,0,0.3556045723233631,-0.31206022412828616,-1.0223976130812507,0.7168853643458143,1,1,-1.0680638943677718,1,0.0,0.0,1.0,0
1.6945568281201682,1,-0.22970686858196498,-0.31206022412828616,-1.0223976130812507,0.7168853643458143,1,1,-1.5905441883517424,1,1.0,0.0,0.0,0
-0.23691068616173305,0,2.013986988221793,-0.6589039156014528,0.5195412243077744,-1.0457411022578735,0,0,-0.03078168120560833,0,0.0,1.0,0.0,1
0.6448462225321784,0,-0.1321549617644103,0.7284708502912138,-1.0223976130812507,0.7168853643458143,1,1,-0.7740229280160145,1,1.0,0.0,0.0,0
0.19347066212934275,1,0.06294885187069905,0.7284708502912138,-1.0223976130812507,0.7168853643458143,0,1,-1.1007642600363192,1,1.0,0.0,0.0,0
1.9044989492377662,1,-0.3272587753995197,-1.6994349900209527,-1.0223976130812507,0.7168853643458143,0,1,1.6931790638110296,1,0.0,0.0,1.0,0
-0.5728180799498898,1,-0.5223625890346291,0.03478346734488051,-1.0223976130812507,0.7168853643458143,0,1,-0.6189486265320944,1,0.0,0.0,1.0,0
-0.5728180799498898,1,-0.6199144958521837,1.7690019247107138,-1.0223976130812507,0.7168853643458143,1,1,0.2834791037819471,1,1.0,0.0,0.0,0
-0.4888412315028506,0,2.9895060563973397,0.03478346734488051,0.3634766773981154,2.479511830949502,0,0,1.6140158297858114,0,0.0,1.0,0.0,1
0.5293780559174995,0,0.3556045723233631,1.7690019247107138,-1.0223976130812507,0.7168853643458143,1,1,0.9235282119367868,1,1.0,0.0,0.0,0
-0.5728180799498898,0,-0.9125702163048478,-0.6589039156014528,0.4081946038459796,0.7168853643458143,1,1,-0.6458467939352913,0,1.0,0.0,0.0,0
0.4454012074704603,0,-1.3027778435750665,1.0753145417643806,-1.0223976130812507,0.7168853643458143,1,1,-0.8207906273493386,1,0.0,0.0,1.0,0
-0.21591647404997324,1,0.3556045723233631,-1.0057476070746194,-1.0223976130812507,0.7168853643458143,1,1,-0.7675916363406782,1,1.0,0.0,0.0,0
-2.703730609293509,1,0.7458121995935818,-1.0057476070746194,1.0338293521646251,-1.0457411022578735,1,0,0.6988570254439791,0,0.0,1.0,0.0,1
-1.2551299735820831,1,0.9409160132286912,-0.31206022412828616,1.101152608506217,-1.0457411022578735,1,0,1.158311563184429,0,0.0,1.0,0.0,1
1.6630655099525284,1,-0.3272587753995197,-0.31206022412828616,-1.0223976130812507,0.7168853643458143,0,1,1.7137281762394783,1,1.0,0.0,0.0,0
0.6973317528115779,1,-1.3027778435750665,-0.6589039156014528,-1.0223976130812507,0.7168853643458143,1,1,0.6036912928629244,1,1.0,0.0,0.0,0
-0.07945409532353459,1,-1.79053737766284,0.03478346734488051,-1.0223976130812507,0.7168853643458143,1,1,-0.7183405274457051,1,0.0,0.0,1.0,0
0.10949381368230357,1,-0.22970686858196498,1.422158233237547,-1.0223976130812507,0.7168853643458143,1,1,-1.0349214630597752,1,1.0,0.0,0.0,0
0.40341278324694074,0,-0.3272587753995197,0.7284708502912138,0.2639300459060641,0.7168853643458143,1,1,0.4903675579958438,0,0.0,0.0,1.0,0
-0.5413267617822501,0,-0.5223625890346291,-0.31206022412828616,-1.0223976130812507,0.7168853643458143,0,1,-0.2778169128797225,1,1.0,0.0,0.0,0
0.4558983135263402,1,-0.7174664026697384,0.7284708502912138,-1.0223976130812507,0.7168853643458143,0,1,0.788333331606482,1,0.0,0.0,1.0,0
-0.36287595883229185,0,-1.2052259367575118,1.0753145417643806,-1.0223976130812507,0.7168853643458143,1,1,0.43809624554846166,1,0.0,0.0,1.0,0
-0.4258585951675712,1,-0.8150183094872931,0.03478346734488051,-1.0223976130812507,0.7168853643458143,0,1,1.6724047546792817,1,0.0,0.0,1.0,0
-1.0871762766880049,1,0.7458121995935818,-0.6589039156014528,0.3031195010621812,-1.0457411022578735,1,0,0.22270496758111724,0,0.0,1.0,0.0,1
-0.5728180799498898,0,-0.3272587753995197,1.0753145417643806,-1.0223976130812507,0.7168853643458143,1,1,0.9217783398647738,1,1.0,0.0,0.0,0
1.5266031312260897,1,0.2580526655058084,0.03478346734488051,-1.0223976130812507,0.7168853643458143,1,1,0.6057182366877631,1,0.0,0.0,1.0,0
0.41390988930282063,0,-0.8150183094872931,1.0753145417643806,-1.0223976130812507,0.7168853643458143,1,1,1.6728546276004326,1,1.0,0.0,0.0,0
-0.5308296557263702,1,-0.5223625890346291,1.0753145417643806,-1.0223976130812507,0.7168853643458143,1,1,-0.6338964480776431,1,0.0,0.0,1.0,0
0.6448462225321784,1,-0.1321549617644103,1.0753145417643806,-1.0223976130812507,0.7168853643458143,1,1,-1.7275050758029094,1,1.0,0.0,0.0,0
0.7183259649233377,0,-0.9125702163048478,0.38162715881804715,-1.0223976130812507,0.7168853643458143,1,1,1.5799026931196039,1,1.0,0.0,0.0,0
0.6868346467556979,0,-0.9125702163048478,1.422158233237547,-1.0223976130812507,0.7168853643458143,1,1,0.7342221031047975,1,0.0,0.0,1.0,0
0.3824185711351809,1,-1.6929854708452852,-1.3525912985477861,-1.0223976130812507,0.7168853643458143,1,1,-1.669363208001502,1,1.0,0.0,0.0,0
0.6133549043645387,1,-0.03460305494685562,-1.0057476070746194,0.5368044485435918,0.7168853643458143,1,1,-1.6509614450312429,0,0.0,0.0,1.0,0
1.2641754798290923,1,-1.4978816572101759,0.38162715881804715,-1.0223976130812507,0.7168853643458143,1,1,1.1019001359983553,1,1.0,0.0,0.0,0
2.030464221908325,0,-1.0101221231224025,-1.0057476070746194,-1.0223976130812507,0.7168853643458143,1,1,-1.057277180473934,1,1.0,0.0,0.0,0
0.7708114952027372,1,-0.42481068221707435,-1.3525912985477861,-1.0223976130812507,0.7168853643458143,1,1,0.46632720268566613,1,1.0,0.0,0.0,0
1.0752275708232542,0,0.06294885187069905,0.38162715881804715,-1.0223976130812507,0.7168853643458143,1,1,0.7075836579395348,1,1.0,0.0,0.0,0
0.3194359347999015,1,-0.3272587753995197,1.422158233237547,-1.0223976130812507,0.7168853643458143,0,1,-0.46114646082169614,1,1.0,0.0,0.0,0
-1.3076155038614827,1,1.33112364049891,-0.6589039156014528,0.762201843538793,-1.0457411022578735,1,0,0.8499728616101276,0,0.0,1.0,0.0,1
1.3796436464437711,0,0.4531564791409178,1.7690019247107138,-1.0223976130812507,0.7168853643458143,1,1,0.2844956118594726,1,1.0,0.0,0.0,0
-0.4573499133352109,1,0.16050075868825375,-1.3525912985477861,1.3592298697549836,2.479511830949502,0,0,0.14309012568325893,0,0.0,1.0,0.0,1
0.40341278324694074,1,0.5507083859584725,1.0753145417643806,-1.0223976130812507,0.7168853643458143,1,1,-0.49861603463892074,1,0.0,0.0,1.0,0
-0.08995120137941448,0,1.2335717336813552,-1.0057476070746194,0.8553503511400599,-1.0457411022578735,1,0,-1.658484715173885,0,0.0,1.0,0.0,1
0.6763375406998181,0,-0.22970686858196498,-1.0057476070746194,-1.0223976130812507,0.7168853643458143,1,1,0.12603017419475135,1,0.0,0.0,1.0,0
-0.5728180799498898,0,-0.5223625890346291,1.0753145417643806,-1.0223976130812507,0.7168853643458143,1,1,0.2292760963464835,1,1.0,0.0,0.0,0
-0.5413267617822501,1,0.2580526655058084,1.7690019247107138,-1.0223976130812507,0.7168853643458143,0,1,-0.043382807366857526,1,1.0,0.0,0.0,0
1.1592044192702933,1,-0.1321549617644103,0.7284708502912138,-1.0223976130812507,0.7168853643458143,1,1,-1.3008555213058062,1,0.0,0.0,1.0,0
1.49511181305845,1,-0.3272587753995197,0.7284708502912138,-1.0223976130812507,0.7168853643458143,0,1,0.7124958260909222,1,0.0,0.0,1.0,0
1.6210770857290089,1,0.5507083859584725,-0.6589039156014528,-1.0223976130812507,0.7168853643458143,0,1,-0.36909149626078713,1,0.0,0.0,1.0,0
-0.10044830743529438,1,0.5507083859584725,-0.31206022412828616,0.4910838202196386,-1.0457411022578735,1,0,-1.0953456595452322,0,0.0,1.0,0.0,1
-0.8352457313468872,0,0.4531564791409178,-0.6589039156014528,1.0384240623679086,-1.0457411022578735,0,0,0.4411480252179742,0,0.0,1.0,0.0,1
1.2851696919408522,0,-1.2052259367575118,-1.6994349900209527,-1.0223976130812507,0.7168853643458143,0,1,0.21153205348578197,1,1.0,0.0,0.0,0
-0.15293383771469388,0,-0.5223625890346291,1.422158233237547,-1.0223976130812507,0.7168853643458143,1,1,0.8806879222895774,1,0.0,0.0,1.0,0
-0.19492226193821346,1,-1.4003297503926213,-1.3525912985477861,-1.0223976130812507,0.7168853643458143,0,1,1.0909989153062296,1,1.0,0.0,0.0,0
0.24595619240874225,1,-0.42481068221707435,1.422158233237547,-1.0223976130812507,0.7168853643458143,1,1,-0.06986666835443203,1,1.0,0.0,0.0,0
-0.5833151860057697,1,0.3556045723233631,-1.3525912985477861,0.5641380211474751,-1.0457411022578735,1,0,-1.0357460855025944,0,0.0,1.0,0.0,1
-0.016471458988255198,1,-0.1321549617644103,-0.31206022412828616,-1.0223976130812507,0.7168853643458143,1,1,0.7408652323569657,1,1.0,0.0,0.0,0
0.3614243590234211,1,-0.3272587753995197,0.38162715881804715,-1.0223976130812507,0.7168853643458143,0,1,1.3588931217447653,1,0.0,0.0,1.0,0
0.057008283402904085,1,-0.5223625890346291,-0.6589039156014528,-1.0223976130812507,0.7168853643458143,0,1,-0.5490909783143795,1,0.0,0.0,1.0,0
-0.2684020043293727,1,-0.9125702163048478,-1.0057476070746194,-1.0223976130812507,0.7168853643458143,1,1,-1.4075968502228409,1,1.0,0.0,0.0,0
-0.19492226193821346,1,1.1360198268638007,-1.3525912985477861,0.6309809470481842,-1.0457411022578735,1,0,1.1909812202116172,0,0.0,1.0,0.0,1
2.030464221908325,0,-0.9125702163048478,1.7690019247107138,-1.0223976130812507,0.7168853643458143,1,1,1.7360282017108342,1,1.0,0.0,0.0,0
0.15148223790582316,0,0.3556045723233631,-0.6589039156014528,-1.0223976130812507,0.7168853643458143,1,1,0.49855080368497984,1,0.0,0.0,1.0,0
-0.14243673165881396,1,-0.42481068221707435,0.38162715881804715,-1.0223976130812507,0.7168853643458143,1,1,0.28336286203217037,1,0.0,0.0,1.0,0
-0.12144251954705418,1,0.2580526655058084,-1.0057476070746194,0.4905192467135033,-1.0457411022578735,1,0,0.4210472242543359,0,0.0,1.0,0.0,1
0.9387651920968155,0,-0.1321549617644103,-0.31206022412828616,-1.0223976130812507,0.7168853643458143,0,1,1.2374706333260725,1,1.0,0.0,0.0,0
0.21446487424110255,1,-1.1076740299399572,-1.0057476070746194,-1.0223976130812507,0.7168853643458143,1,1,-1.3813808657451994,1,1.0,0.0,0.0,0
-0.25790489827349283,1,0.2580526655058084,-0.6589039156014528,1.0160381188123706,-1.0457411022578735,0,0,1.352063485207507,0,0.0,1.0,0.0,1
-0.16343094377057377,1,-0.6199144958521837,0.7284708502912138,-1.0223976130812507,0.7168853643458143,1,1,-1.3089572242749496,1,0.0,0.0,1.0,0
0.3614243590234211,1,-0.8150183094872931,1.422158233237547,-1.0223976130812507,0.7168853643458143,0,1,-1.5397793342824373,1,0.0,0.0,1.0,0
-0.5308296557263702,0,-0.22970686858196498,1.7690019247107138,-1.0223976130812507,0.7168853643458143,0,1,0.970321068066704,1,1.0,0.0,0.0,0
1.7680365705113275,0,-0.6199144958521837,-1.3525912985477861,-1.0223976130812507,0.7168853643458143,1,1,-0.9850787357069829,1,0.0,0.0,1.0,0
-0.4573499133352109,1,-0.9125702163048478,-1.6994349900209527,-1.0223976130812507,0.7168853643458143,0,1,0.5930707873217524,1,0.0,0.0,1.0,0
1.7890307826230871,0,-0.3272587753995197,-1.6994349900209527,-1.0223976130812507,0.7168853643458143,0,1,1.4712458042633376,1,0.0,0.0,1.0,0
0.10949381368230357,1,-0.5223625890346291,-0.31206022412828616,-1.0223976130812507,0.7168853643458143,1,1,0.5572861983908443,1,1.0,0.0,0.0,0
0.16197934396170308,1,-0.5223625890346291,-1.0057476070746194,-1.0223976130812507,0.7168853643458143,1,1,1.440432892319897,1,0.0,0.0,1.0,0
0.7603143891468572,1,0.5507083859584725,0.03478346734488051,-1.0223976130812507,0.7168853643458143,0,1,-1.570357854279686,1,1.0,0.0,0.0,0
0.27744751057638195,1,0.2580526655058084,0.38162715881804715,0.5190494574278227,0.7168853643458143,1,1,1.4686803314962493,0,1.0,0.0,0.0,0
0.13048802579406338,0,-0.5223625890346291,1.0753145417643806,-1.0223976130812507,0.7168853643458143,0,1,0.5000900526462031,1,0.0,0.0,1.0,0
-0.4258585951675712,0,0.2580526655058084,-1.3525912985477861,0.6457209062416027,-1.0457411022578735,1,0,-1.7258804672284171,0,0.0,1.0,0.0,1
0.057008283402904085,0,-1.5954335640277306,1.422158233237547,-1.0223976130812507,0.7168853643458143,1,1,-0.960052060475192,1,1.0,0.0,0.0,0
0.896776767873296,1,-1.1076740299399572,-1.6994349900209527,-1.0223976130812507,0.7168853643458143,0,1,0.5520849873213546,1,1.0,0.0,0.0,0
-1.8639621248231173,1,1.2335717336813552,-1.3525912985477861,0.7126348669258228,2.479511830949502,1,0,-0.23570009800351177,0,0.0,1.0,0.0,1
-0.14243673165881396,1,0.4531564791409178,-1.3525912985477861,-1.0223976130812507,0.7168853643458143,1,1,0.7989588685069728,1,0.0,0.0,1.0,0
0.8023028133703768,1,-1.5954335640277306,0.03478346734488051,-1.0223976130812507,0.7168853643458143,1,1,0.30341838076194044,1,1.0,0.0,0.0,0
1.2221870556055727,0,0.16050075868825375,1.7690019247107138,-1.0223976130812507,0.7168853643458143,0,1,-0.5276067270332487,1,1.0,0.0,0.0,0
0.6343491164762984,1,-0.03460305494685562,0.7284708502912138,-1.0223976130812507,0.7168853643458143,1,1,1.021304179033351,1,1.0,0.0,0.0,0
0.16197934396170308,1,0.4531564791409178,0.03478346734488051,-1.0223976130812507,0.7168853643458143,1,1,-0.6106701320062009,1,0.0,0.0,1.0,0
0.5713664801410191,1,0.2580526655058084,-0.6589039156014528,-1.0223976130812507,0.7168853643458143,1,1,1.631443590990031,1,1.0,0.0,0.0,0
2.030464221908325,0,-0.22970686858196498,0.38162715881804715,-1.0223976130812507,0.7168853643458143,1,1,1.5698073573942146,1,1.0,0.0,0.0,0
-0.28939621644113256,1,-0.42481068221707435,1.0753145417643806,-1.0223976130812507,0.7168853643458143,1,1,1.4032532288965185,1,0.0,0.0,1.0,0
-0.13193962560293407,1,-0.03460305494685562,-0.6589039156014528,-1.0223976130812507,0.7168853643458143,1,1,-0.343263620431281,1,1.0,0.0,0.0,0
-0.341881746720532,0,-1.0101221231224025,-1.0057476070746194,-1.0223976130812507,0.7168853643458143,0,1,0.08049567837995437,1,0.0,0.0,1.0,0
-0.19492226193821346,1,0.5507083859584725,1.422158233237547,0.22815847526540614,0.7168853643458143,1,1,0.20182014203950685,0,0.0,0.0,1.0,0
1.5895857675613692,1,-0.6199144958521837,-1.3525912985477861,-1.0223976130812507,0.7168853643458143,1,1,-0.9284228538560804,1,1.0,0.0,0.0,0
-0.27889911038525267,0,1.2335717336813552,-1.6994349900209527,0.7244657826040334,2.479511830949502,0,0,-0.19675945881858983,0,0.0,1.0,0.0,1
-0.3838701709440516,0,0.3556045723233631,-1.3525912985477861,-1.0223976130812507,0.7168853643458143,0,1,-0.5924458545732874,1,1.0,0.0,0.0,0
0.5818635861968989,1,-0.42481068221707435,-1.3525912985477861,-1.0223976130812507,0.7168853643458143,1,1,1.6540769006424623,1,1.0,0.0,0.0,0
-0.5413267617822501,0,-0.6199144958521837,0.03478346734488051,-1.0223976130812507,0.7168853643458143,1,1,-0.9989560921836919,1,1.0,0.0,0.0,0
0.20396776818522266,0,-0.22970686858196498,-0.31206022412828616,-1.0223976130812507,0.7168853643458143,1,1,-1.6749273709225334,1,0.0,0.0,1.0,0
0.19347066212934275,1,-0.3272587753995197,1.0753145417643806,-1.0223976130812507,0.7168853643458143,1,1,-0.7472547084793589,1,1.0,0.0,0.0,0
-0.4573499133352109,0,-0.6199144958521837,-1.6994349900209527,-1.0223976130812507,0.7168853643458143,0,1,0.46777779562579097,1,0.0,0.0,1.0,0
0.3824185711351809,0,0.06294885187069905,-0.31206022412828616,-1.0223976130812507,0.7168853643458143,0,1,0.7393978103873958,1,1.0,0.0,0.0,0
-0.18442515588233357,0,-0.03460305494685562,-0.31206022412828616,0.29119725494802784,0.7168853643458143,0,1,0.3341717838693012,0,1.0,0.0,0.0,0
0.5503722680292593,1,-0.7174664026697384,0.38162715881804715,-1.0223976130812507,0.7168853643458143,1,1,-0.49799648346212555,1,1.0,0.0,0.0,0
-1.1921473372468037,1,0.9409160132286912,-1.3525912985477861,0.602873401349585,-1.0457411022578735,0,0,-1.152057927319534,0,0.0,1.0,0.0,1
-0.10044830743529438,1,0.4531564791409178,1.422158233237547,-1.0223976130812507,0.7168853643458143,1,1,-0.3682472688661396,1,1.0,0.0,0.0,0
-1.2551299735820831,1,0.06294885187069905,-0.6589039156014528,1.1571196419292507,-1.0457411022578735,1,0,-1.179502430946682,0,0.0,1.0,0.0,1
0.371921465079301,1,-0.8150183094872931,-1.0057476070746194,-1.0223976130812507,0.7168853643458143,0,1,0.5338959294036723,1,1.0,0.0,0.0,0
0.6028577983086588,1,-0.42481068221707435,1.7690019247107138,-1.0223976130812507,0.7168853643458143,1,1,-0.33795935324333276,1,1.0,0.0,0.0,0
0.5398751619733794,0,-0.5223625890346291,1.0753145417643806,-1.0223976130812507,0.7168853643458143,0,1,-1.4654576558829966,1,1.0,0.0,0.0,0
0.7183259649233377,1,-0.7174664026697384,1.0753145417643806,-1.0223976130812507,0.7168853643458143,1,1,-0.695076909917245,1,1.0,0.0,0.0,0
-0.07945409532353459,0,-0.22970686858196498,-1.0057476070746194,-1.0223976130812507,0.7168853643458143,0,1,-0.428153582332069,1,1.0,0.0,0.0,0
-0.3838701709440516,1,-1.0101221231224025,1.0753145417643806,-1.0223976130812507,0.7168853643458143,1,1,1.7383469643761573,1,1.0,0.0,0.0,0
0.29844172268814173,1,-0.8150183094872931,-1.0057476070746194,-1.0223976130812507,0.7168853643458143,1,1,0.7143785954470084,1,1.0,0.0,0.0,0
1.201192843493813,0,0.2580526655058084,0.03478346734488051,-1.0223976130812507,0.7168853643458143,0,1,-0.11795830916916912,1,0.0,0.0,1.0,0
2.030464221908325,0,-0.9125702163048478,1.7690019247107138,-1.0223976130812507,0.7168853643458143,1,1,-0.08498781155375262,1,0.0,0.0,1.0,0
1.2536783737732125,0,-0.7174664026697384,-1.0057476070746194,-1.0223976130812507,0.7168853643458143,1,1,0.21922673683555768,1,1.0,0.0,0.0,0
0.14098513184994327,1,-1.3027778435750665,0.7284708502912138,-1.0223976130812507,0.7168853643458143,1,1,0.7808976765140448,1,1.0,0.0,0.0,0
-0.14243673165881396,0,-0.3272587753995197,0.38162715881804715,-1.0223976130812507,0.7168853643458143,1,1,-1.0091166620850756,1,0.0,0.0,1.0,0
0.6763375406998181,1,-0.5223625890346291,0.03478346734488051,-1.0223976130812507,0.7168853643458143,0,1,0.3107868932317454,1,0.0,0.0,1.0,0
0.27744751057638195,0,0.3556045723233631,1.0753145417643806,-1.0223976130812507,0.7168853643458143,0,1,1.707561638161395,1,1.0,0.0,0.0,0
0.3824185711351809,1,-0.7174664026697384,-1.3525912985477861,-1.0223976130812507,0.7168853643458143,0,1,1.4323285869235198,1,1.0,0.0,0.0,0
0.10949381368230357,1,0.3556045723233631,1.422158233237547,-1.0223976130812507,0.7168853643458143,0,1,-0.7213267259489259,1,1.0,0.0,0.0,0
0.7078288588674577,0,-0.42481068221707435,-1.0057476070746194,-1.0223976130812507,0.7168853643458143,1,1,0.33223922140547507,1,1.0,0.0,0.0,0
2.030464221908325,1,-0.3272587753995197,-1.0057476070746194,-1.0223976130812507,0.7168853643458143,1,1,-0.7412051061316479,1,1.0,0.0,0.0,0
1.9464873734612858,1,-0.9125702163048478,1.0753145417643806,-1.0223976130812507,0.7168853643458143,1,1,0.4115901771818251,1,1.0,0.0,0.0,0
1.0122449344879747,1,-0.3272587753995197,-0.31206022412828616,-1.0223976130812507,0.7168853643458143,1,1,0.11432966135154858,1,1.0,0.0,0.0,0
-0.8877312616262867,0,0.9409160132286912,-0.6589039156014528,1.4393037891984761,-1.0457411022578735,1,0,-1.0635568373891136,0,0.0,1.0,0.0,1
2.030464221908325,1,0.4531564791409178,0.7284708502912138,-1.0223976130812507,0.7168853643458143,1,1,1.2862496619208326,1,1.0,0.0,0.0,0
0.4663954195822201,1,0.4531564791409178,-1.0057476070746194,-1.0223976130812507,0.7168853643458143,1,1,1.1379578062936644,1,1.0,0.0,0.0,0
1.2536783737732125,1,-0.5223625890346291,-1.0057476070746194,-1.0223976130812507,0.7168853643458143,1,1,1.3395107641928068,1,0.0,0.0,1.0,0
0.14098513184994327,1,-0.5223625890346291,-1.3525912985477861,-1.0223976130812507,0.7168853643458143,1,1,-0.23075722121076508,1,1.0,0.0,0.0,0
0.40341278324694074,0,-0.22970686858196498,-1.0057476070746194,-1.0223976130812507,0.7168853643458143,0,1,1.1803903823409105,1,1.0,0.0,0.0,0
-0.5938122920616495,0,-1.0101221231224025,0.38162715881804715,-1.0223976130812507,0.7168853643458143,0,1,-0.8244555388751365,1,1.0,0.0,0.0,0
1.190695737437933,0,-0.5223625890346291,0.38162715881804715,-1.0223976130812507,0.7168853643458143,1,1,0.4583445173886822,1,1.0,0.0,0.0,0
0.057008283402904085,1,-0.7174664026697384,-0.6589039156014528,-1.0223976130812507,0.7168853643458143,0,1,-1.2488624950772924,1,1.0,0.0,0.0,0
-0.10044830743529438,0,0.3556045723233631,1.422158233237547,-1.0223976130812507,0.7168853643458143,1,1,-0.8388627495366489,1,1.0,0.0,0.0,0
0.057008283402904085,1,-1.2052259367575118,-1.6994349900209527,-1.0223976130812507,0.7168853643458143,0,1,-0.4646833329275907,1,1.0,0.0,0.0,0
0.18297355607346286,0,0.06294885187069905,0.38162715881804715,-1.0223976130812507,0.7168853643458143,1,1,-1.5638641043507386,1,0.0,0.0,1.0,0
1.2326841616614526,0,-1.2052259367575118,0.03478346734488051,-1.0223976130812507,0.7168853643458143,1,1,-0.6071901663091522,1,1.0,0.0,0.0,0
0.9492622981526954,1,-0.1321549617644103,-1.3525912985477861,-1.0223976130812507,0.7168853643458143,0,1,1.4025026888822885,1,0.0,0.0,1.0,0
2.030464221908325,0,-0.42481068221707435,-0.31206022412828616,0.12735963423364136,0.7168853643458143,1,1,0.9418597093717329,0,1.0,0.0,0.0,0
0.6973317528115779,1,-1.0101221231224025,-0.31206022412828616,-1.0223976130812507,0.7168853643458143,1,1,0.41937715995082664,1,1.0,0.0,0.0,0
0.08849960157054378,0,0.5507083859584725,0.7284708502912138,-1.0223976130812507,0.7168853643458143,1,1,-0.5753971802694595,1,1.0,0.0,0.0,0
-0.3943672769999315,1,0.06294885187069905,0.03478346734488051,-1.0223976130812507,0.7168853643458143,1,1,1.018954360736371,1,1.0,0.0,0.0,0
0.5713664801410191,1,-0.6199144958521837,0.03478346734488051,-1.0223976130812507,0.7168853643458143,1,1,0.8328922641988985,1,0.0,0.0,1.0,0
-0.31039042855289234,0,0.06294885187069905,0.03478346734488051,0.9844063780379558,-1.0457411022578735,1,0,-0.11417715589359438,0,0.0,1.0,0.0,1
-0.32088753460877223,0,0.06294885187069905,-1.6994349900209527,-1.0223976130812507,0.7168853643458143,1,1,-0.2848533556344938,1,1.0,0.0,0.0,0
1.6735626160084083,1,-0.7174664026697384,1.0753145417643806,-1.0223976130812507,0.7168853643458143,1,1,-1.2371281506800504,1,1.0,0.0,0.0,0
-0.05845988321177479,1,-0.42481068221707435,-0.6589039156014528,-1.0223976130812507,0.7168853643458143,1,1,0.10211994024626413,1,1.0,0.0,0.0,0
-0.28939621644113256,0,0.16050075868825375,0.38162715881804715,-1.0223976130812507,0.7168853643458143,1,1,0.6877814421271883,1,1.0,0.0,0.0,0
0.6448462225321784,1,-0.6199144958521837,1.0753145417643806,-1.0223976130812507,0.7168853643458143,1,1,-1.0117244676685004,1,0.0,0.0,1.0,0
0.9492622981526954,1,0.2580526655058084,0.03478346734488051,-1.0223976130812507,0.7168853643458143,1,1,-1.3352783468128366,1,1.0,0.0,0.0,0
0.7498172830909774,1,-0.1321549617644103,-1.6994349900209527,-1.0223976130812507,0.7168853643458143,1,1,-0.47728185666160616,1,1.0,0.0,0.0,0
0.7603143891468572,0,-0.42481068221707435,1.422158233237547,-0.16385994420624053,0.7168853643458143,1,1,-0.9864524702961359,0,0.0,0.0,1.0,0
0.6868346467556979,0,-0.6199144958521837,-0.31206022412828616,-1.0223976130812507,0.7168853643458143,1,1,0.24207552746294878,1,0.0,0.0,1.0,0
1.0332391465997346,1,-0.42481068221707435,-0.6589039156014528,-1.0223976130812507,0.7168853643458143,1,1,1.0253983175575787,1,1.0,0.0,0.0,0
-1.150158913023284,0,0.3556045723233631,-1.3525912985477861,1.276220329156194,-1.0457411022578735,1,0,-0.23432462846286958,0,0.0,1.0,0.0,1
0.26695040452050206,1,-0.8150183094872931,1.422158233237547,-1.0223976130812507,0.7168853643458143,1,1,-1.694356919154998,1,1.0,0.0,0.0,0
1.6525684038966486,0,-0.7174664026697384,-0.31206022412828616,-1.0223976130812507,0.7168853643458143,1,1,0.7341544399967186,1,1.0,0.0,0.0,0
0.11999091973818347,0,-0.6199144958521837,-1.0057476070746194,-1.0223976130812507,0.7168853643458143,1,1,-1.0246845552928663,1,1.0,0.0,0.0,0
1.5266031312260897,1,0.16050075868825375,-0.31206022412828616,-1.0223976130812507,0.7168853643458143,1,1,-0.30891713278977556,1,0.0,0.0,1.0,0
0.4768925256381,0,-0.03460305494685562,1.422158233237547,-1.0223976130812507,0.7168853643458143,1,1,1.0203915945500293,1,0.0,0.0,1.0,0
-1.7589910642643183,0,1.33112364049891,-1.3525912985477861,1.0948176266452208,-1.0457411022578735,1,0,-1.083884916997838,0,0.0,1.0,0.0,1
2.030464221908325,1,0.16050075868825375,1.422158233237547,-1.0223976130812507,0.7168853643458143,0,1,0.3386403249248991,1,1.0,0.0,0.0,0
-0.15293383771469388,1,-0.22970686858196498,-0.31206022412828616,-1.0223976130812507,0.7168853643458143,1,1,1.6570747233206609,1,1.0,0.0,0.0,0
1.4741176009466903,1,-0.7174664026697384,1.422158233237547,-1.0223976130812507,0.7168853643458143,1,1,-1.3006015244077864,1,1.0,0.0,0.0,0
0.9282680860409356,0,-0.03460305494685562,0.7284708502912138,-1.0223976130812507,0.7168853643458143,1,1,1.639827744061617,1,0.0,0.0,1.0,0
2.030464221908325,0,-0.22970686858196498,1.7690019247107138,-1.0223976130812507,0.7168853643458143,1,1,0.017981385835451284,1,1.0,0.0,0.0,0
0.7288230709792175,1,-0.7174664026697384,1.422158233237547,-1.0223976130812507,0.7168853643458143,1,1,0.1111009166301371,1,1.0,0.0,0.0,0
0.057008283402904085,0,-0.8150183094872931,1.422158233237547,-1.0223976130812507,0.7168853643458143,0,1,1.0092424492900958,1,0.0,0.0,1.0,0
0.18297355607346286,1,-0.22970686858196498,-1.0057476070746194,-1.0223976130812507,0.7168853643458143,1,1,1.4412859679671397,1,0.0,0.0,1.0,0
1.400637858555531,1,-0.1321549617644103,1.0753145417643806,-1.0223976130812507,0.7168853643458143,1,1,0.8623541694176948,1,0.0,0.0,1.0,0
-0.20541936799409335,1,0.2580526655058084,-1.0057476070746194,-1.0223976130812507,0.7168853643458143,0,1,0.04861004593073812,1,1.0,0.0,0.0,0
0.41390988930282063,0,-0.5223625890346291,-0.31206022412828616,-1.0223976130812507,0.7168853643458143,1,1,-0.4570202256949187,1,1.0,0.0,0.0,0
1.1382102071585336,1,0.5507083859584725,0.38162715881804715,-1.0223976130812507,0.7168853643458143,1,1,1.044204150729674,1,1.0,0.0,0.0,0
0.5818635861968989,1,-1.4978816572101759,-1.0057476070746194,-1.0223976130812507,0.7168853643458143,0,1,-0.5711083801881432,1,1.0,0.0,0.0,0
0.06750538945878398,1,-1.0101221231224025,-0.31206022412828616,-1.0223976130812507,0.7168853643458143,1,1,0.4208303553181852,1,1.0,0.0,0.0,0
-1.045187852464485,1,1.8188831745866834,-1.3525912985477861,0.911216389530755,-1.0457411022578735,1,0,0.5665855383729863,0,0.0,1.0,0.0,1
-3.2075916999757443,0,1.8188831745866834,-0.31206022412828616,1.6055102024895316,-1.0457411022578735,1,0,1.2128712766460732,0,0.0,1.0,0.0,1
1.8940018431818861,0,-0.03460305494685562,-1.0057476070746194,-1.0223976130812507,0.7168853643458143,1,1,-0.9250483732095754,1,1.0,0.0,0.0,0
-0.446852807279331,1,0.5507083859584725,0.38162715881804715,-1.0223976130812507,0.7168853643458143,0,1,0.09050981837564934,1,1.0,0.0,0.0,0
0.015019859179384495,0,-0.9125702163048478,1.0753145417643806,-1.0223976130812507,0.7168853643458143,0,1,0.5334538637642224,1,1.0,0.0,0.0,0
-0.2684020043293727,1,-0.6199144958521837,1.7690019247107138,-1.0223976130812507,0.7168853643458143,0,1,1.6764671435912566,1,1.0,0.0,0.0,0
0.7498172830909774,1,0.3556045723233631,1.0753145417643806,-1.0223976130812507,0.7168853643458143,0,1,-1.0043701818009068,1,0.0,0.0,1.0,0
1.2851696919408522,0,-0.03460305494685562,0.7284708502912138,-1.0223976130812507,0.7168853643458143,1,1,0.6736688262285433,1,0.0,0.0,1.0,0
0.8023028133703768,0,-0.03460305494685562,0.03478346734488051,-1.0223976130812507,0.7168853643458143,1,1,-1.7079226783442456,1,0.0,0.0,1.0,0
0.32993304085578146,0,-1.4003297503926213,-0.6589039156014528,-1.0223976130812507,0.7168853643458143,1,1,0.04305369029140834,1,0.0,0.0,1.0,0
0.6973317528115779,1,-0.42481068221707435,0.03478346734488051,-1.0223976130812507,0.7168853643458143,0,1,-1.520191905464455,1,1.0,0.0,0.0,0
-0.31039042855289234,0,-0.3272587753995197,0.7284708502912138,-1.0223976130812507,0.7168853643458143,0,1,1.618862937256354,1,1.0,0.0,0.0,0
0.10949381368230357,0,-0.1321549617644103,1.422158233237547,0.13392141195673174,0.7168853643458143,1,1,-0.5548170122093539,0,1.0,0.0,0.0,0
1.4741176009466903,0,-0.9125702163048478,-1.3525912985477861,-1.0223976130812507,0.7168853643458143,1,1,0.5770757490573193,1,1.0,0.0,0.0,0
2.030464221908325,0,-1.4003297503926213,-1.3525912985477861,-1.0223976130812507,0.7168853643458143,0,1,-0.5319489636204325,1,0.0,0.0,1.0,0
1.1801986313820532,1,-0.7174664026697384,-0.31206022412828616,-0.03504553221824545,0.7168853643458143,1,1,-1.6064885660326909,0,1.0,0.0,0.0,0
1.1697015253261733,1,-1.3027778435750665,0.38162715881804715,-1.0223976130812507,0.7168853643458143,1,1,-1.3619011774146967,1,1.0,0.0,0.0,0
0.5293780559174995,1,0.5507083859584725,-0.6589039156014528,-1.0223976130812507,0.7168853643458143,1,1,0.6135378365447621,1,0.0,0.0,1.0,0
0.06750538945878398,0,0.06294885187069905,1.0753145417643806,-1.0223976130812507,0.7168853643458143,1,1,0.025248577138286724,1,1.0,0.0,0.0,0
1.3691465403878913,0,0.16050075868825375,0.38162715881804715,-1.0223976130812507,0.7168853643458143,1,1,-0.2699867298186399,1,1.0,0.0,0.0,0
1.9674815855730454,0,-1.0101221231224025,-0.31206022412828616,-1.0223976130812507,0.7168853643458143,0,1,0.40953113675443575,1,1.0,0.0,0.0,0
0.6448462225321784,0,0.06294885187069905,-0.6589039156014528,-1.0223976130812507,0.7168853643458143,1,1,0.7918578855568031,1,1.0,0.0,0.0,0
0.6658404346439382,1,-0.5223625890346291,1.422158233237547,-1.0223976130812507,0.7168853643458143,1,1,0.7502428186512711,1,1.0,0.0,0.0,0
-0.3313846406646521,0,-1.4003297503926213,-1.3525912985477861,-1.0223976130812507,0.7168853643458143,1,1,1.4097511427090403,1,1.0,0.0,0.0,0
1.0122449344879747,1,-0.3272587753995197,-0.6589039156014528,-1.0223976130812507,0.7168853643458143,1,1,1.4769669802941416,1,1.0,0.0,0.0,0
-1.1816502311909238,1,0.8433641064111366,0.03478346734488051,0.6728565156959738,-1.0457411022578735,0,0,0.0036168549805735153,0,0.0,1.0,0.0,1
0.8547883436497763,1,-1.9856411912979492,-0.31206022412828616,-1.0223976130812507,0.7168853643458143,1,1,-0.9006906952720222,1,1.0,0.0,0.0,0
0.13048802579406338,1,-0.9125702163048478,0.7284708502912138,-1.0223976130812507,0.7168853643458143,1,1,0.666776731437674,1,1.0,0.0,0.0,0
0.9387651920968155,1,-0.22970686858196498,-1.0057476070746194,-1.0223976130812507,0.7168853643458143,1,1,-1.4448164175304707,1,0.0,0.0,1.0,0
2.030464221908325,0,-0.6199144958521837,1.422158233237547,-1.0223976130812507,0.7168853643458143,1,1,-1.4016445786536742,1,0.0,0.0,1.0,0
1.8730076310701265,1,-1.3027778435750665,0.7284708502912138,-1.0223976130812507,0.7168853643458143,1,1,-0.2821718146127777,1,1.0,0.0,0.0,0
-0.12144251954705418,1,-0.6199144958521837,-0.31206022412828616,-1.0223976130812507,0.7168853643458143,0,1,-0.036182932181803094,1,1.0,0.0,0.0,0
1.5266031312260897,1,0.16050075868825375,0.03478346734488051,-1.0223976130812507,0.7168853643458143,1,1,1.3069403463908011,1,0.0,0.0,1.0,0
1.4846147070025701,1,-0.22970686858196498,-1.3525912985477861,-1.0223976130812507,0.7168853643458143,1,1,1.02935522141901,1,1.0,0.0,0.0,0
0.7603143891468572,0,0.3556045723233631,-1.3525912985477861,-1.0223976130812507,0.7168853643458143,1,1,0.8643937783884049,1,0.0,0.0,1.0,0
1.6945568281201682,1,-1.2052259367575118,-0.31206022412828616,-1.0223976130812507,0.7168853643458143,1,1,1.1680271180288313,1,0.0,0.0,1.0,0
0.3929156771910608,1,-0.03460305494685562,-1.3525912985477861,-1.0223976130812507,0.7168853643458143,0,1,0.9914309168164648,1,1.0,0.0,0.0,0
-0.28939621644113256,1,-0.6199144958521837,-1.0057476070746194,-1.0223976130812507,0.7168853643458143,0,1,-0.3773201976789403,1,1.0,0.0,0.0,0
0.3824185711351809,1,-0.7174664026697384,-1.0057476070746194,-1.0223976130812507,0.7168853643458143,1,1,0.13958899357804197,1,1.0,0.0,0.0,0
1.0332391465997346,1,-1.4978816572101759,0.03478346734488051,0.33522818966874035,0.7168853643458143,1,1,-0.639537989835093,0,1.0,0.0,0.0,0
0.4663954195822201,0,0.06294885187069905,1.422158233237547,-1.0223976130812507,0.7168853643458143,1,1,0.17922517481498662,1,0.0,0.0,1.0,0
-0.35237885277641195,0,0.9409160132286912,-1.3525912985477861,0.7184592359438955,-1.0457411022578735,1,0,0.3320983433445514,0,0.0,1.0,0.0,1
-0.8877312616262867,1,0.06294885187069905,-0.31206022412828616,0.7863351461227345,-1.0457411022578735,1,0,-0.8733683322297144,0,0.0,1.0,0.0,1
-0.15293383771469388,0,-0.5223625890346291,-0.31206022412828616,0.34042870898944877,0.7168853643458143,0,1,-0.6879800908506494,0,1.0,0.0,0.0,0
1.4426262827790506,0,0.2580526655058084,0.7284708502912138,-1.0223976130812507,0.7168853643458143,1,1,-0.4413461534559883,1,1.0,0.0,0.0,0
-0.35237885277641195,1,-1.6929854708452852,1.7690019247107138,-1.0223976130812507,0.7168853643458143,0,1,0.6269713924305318,1,1.0,0.0,0.0,0
-0.36287595883229185,1,-0.22970686858196498,1.422158233237547,-1.0223976130812507,0.7168853643458143,1,1,0.08915898514615385,1,0.0,0.0,1.0,0
-0.13193962560293407,1,-0.5223625890346291,1.0753145417643806,-1.0223976130812507,0.7168853643458143,1,1,0.9642957550398423,1,1.0,0.0,0.0,0
-0.27889911038525267,1,0.16050075868825375,1.0753145417643806,-1.0223976130812507,0.7168853643458143,1,1,-0.9927010715796589,1,1.0,0.0,0.0,0
1.211689949549693,1,0.4531564791409178,0.38162715881804715,-1.0223976130812507,0.7168853643458143,1,1,-0.7293342210522054,1,1.0,0.0,0.0,0
1.2641754798290923,1,0.06294885187069905,1.0753145417643806,-1.0223976130812507,0.7168853643458143,1,1,-1.4070472175910604,1,1.0,0.0,0.0,0
0.40341278324694074,0,-1.4978816572101759,-1.3525912985477861,-1.0223976130812507,0.7168853643458143,1,1,0.7294206248584211,1,1.0,0.0,0.0,0
0.4349041014145804,0,0.06294885187069905,-0.31206022412828616,-1.0223976130812507,0.7168853643458143,0,1,-0.9066473042199118,1,1.0,0.0,0.0,0
2.030464221908325,0,-0.6199144958521837,1.0753145417643806,-1.0223976130812507,0.7168853643458143,1,1,-0.7654572990186574,1,1.0,0.0,0.0,0
-2.3573261094494726,0,0.6482602927760271,-0.6589039156014528,0.7529748922828882,-1.0457411022578735,1,0,-0.9831433973207742,0,0.0,1.0,0.0,1
-1.150158913023284,1,0.2580526655058084,-0.6589039156014528,1.412940703149362,-1.0457411022578735,1,0,1.311315894046578,0,0.0,1.0,0.0,1
0.5608693740851391,0,-0.03460305494685562,-0.31206022412828616,-1.0223976130812507,0.7168853643458143,1,1,0.6363328436759877,1,0.0,0.0,1.0,0
1.3061639040526118,0,-1.8880892844803947,-0.6589039156014528,-1.0223976130812507,0.7168853643458143,1,1,0.42651544435801425,1,1.0,0.0,0.0,0
-0.04796277715589489,1,-0.22970686858196498,-1.3525912985477861,-1.0223976130812507,0.7168853643458143,1,1,0.8952587388765217,1,1.0,0.0,0.0,0
-0.37337306488817174,1,-0.42481068221707435,0.38162715881804715,-1.0223976130812507,0.7168853643458143,1,1,-0.010157792367974346,1,1.0,0.0,0.0,0
0.057008283402904085,1,0.5507083859584725,1.0753145417643806,-1.0223976130812507,0.7168853643458143,1,1,1.3116451878392288,1,1.0,0.0,0.0,0
-0.037465671100014995,0,-0.8150183094872931,-1.0057476070746194,0.39899535776641015,0.7168853643458143,1,1,-0.05300883871441703,0,0.0,0.0,1.0,0
1.0752275708232542,1,0.2580526655058084,1.422158233237547,-1.0223976130812507,0.7168853643458143,0,1,1.5715279087860596,1,1.0,0.0,0.0,0
-0.5728180799498898,1,-0.42481068221707435,0.03478346734488051,-1.0223976130812507,0.7168853643458143,1,1,-0.3868796068893144,1,1.0,0.0,0.0,0
1.3061639040526118,1,-0.5223625890346291,-0.6589039156014528,-1.0223976130812507,0.7168853643458143,1,1,-0.9916510789383916,1,0.0,0.0,1.0,0
1.9359902674054057,1,0.2580526655058084,-1.3525912985477861,-1.0223976130812507,0.7168853643458143,0,1,1.6201004781536041,1,0.0,0.0,1.0,0
1.600082873617249,1,-0.03460305494685562,-0.6589039156014528,-1.0223976130812507,0.7168853643458143,1,1,-0.34095786990212684,1,1.0,0.0,0.0,0
1.0017478284320949,0,-0.8150183094872931,-0.6589039156014528,-1.0223976130812507,0.7168853643458143,1,1,0.09156501587138406,1,1.0,0.0,0.0,0
-0.3943672769999315,0,-0.03460305494685562,0.38162715881804715,-1.0223976130812507,0.7168853643458143,1,1,0.3106028148787407,1,0.0,0.0,1.0,0
0.5608693740851391,1,-0.8150183094872931,0.38162715881804715,-1.0223976130812507,0.7168853643458143,1,1,-1.5739903222126361,1,1.0,0.0,0.0,0
0.4663954195822201,1,0.06294885187069905,-1.0057476070746194,-1.0223976130812507,0.7168853643458143,1,1,-0.29818073248912447,1,1.0,0.0,0.0,0
1.4426262827790506,1,-0.3272587753995197,0.38162715881804715,-1.0223976130812507,0.7168853643458143,1,1,-0.5375348134350788,1,1.0,0.0,0.0,0
0.5188809498616196,1,-0.3272587753995197,0.03478346734488051,-1.0223976130812507,0.7168853643458143,1,1,-0.31220868275509644,1,1.0,0.0,0.0,0
0.21446487424110255,0,-0.1321549617644103,-0.6589039156014528,-1.0223976130812507,0.7168853643458143,1,1,-1.0663247789949923,1,1.0,0.0,0.0,0
0.24595619240874225,1,-0.7174664026697384,-1.3525912985477861,-1.0223976130812507,0.7168853643458143,1,1,-1.6753630172414729,1,1.0,0.0,0.0,0
0.9807536163203351,0,-0.22970686858196498,0.38162715881804715,-1.0223976130812507,0.7168853643458143,1,1,-0.6921970639403126,1,0.0,0.0,1.0,0
1.1697015253261733,0,0.16050075868825375,1.0753145417643806,-1.0223976130812507,0.7168853643458143,0,1,-0.5314702905045605,1,1.0,0.0,0.0,0
0.004522753123504598,0,-0.1321549617644103,-1.0057476070746194,-1.0223976130812507,0.7168853643458143,1,1,-1.596955701580102,1,1.0,0.0,0.0,0
0.17247645001758297,0,-0.1321549617644103,1.0753145417643806,-1.0223976130812507,0.7168853643458143,1,1,1.4505093170740544,1,0.0,0.0,1.0,0
0.6343491164762984,0,-0.22970686858196498,0.03478346734488051,-1.0223976130812507,0.7168853643458143,1,1,0.7952668917379435,1,1.0,0.0,0.0,0
0.22496198029698244,1,0.16050075868825375,-1.3525912985477861,-1.0223976130812507,0.7168853643458143,1,1,1.520334348203772,1,1.0,0.0,0.0,0
0.4978867377498598,1,0.5507083859584725,-0.6589039156014528,-1.0223976130812507,0.7168853643458143,0,1,0.9224952218201137,1,1.0,0.0,0.0,0
-0.11094541349117427,0,0.5507083859584725,-1.0057476070746194,0.798796193485967,-1.0457411022578735,0,0,-0.8092008044111474,0,0.0,1.0,0.0,1
0.18297355607346286,0,-1.2052259367575118,1.7690019247107138,-1.0223976130812507,0.7168853643458143,1,1,0.6715908748299219,1,1.0,0.0,0.0,0
1.5790886615054893,1,0.3556045723233631,0.03478346734488051,-1.0223976130812507,0.7168853643458143,1,1,-0.43048848004624196,1,0.0,0.0,1.0,0
0.991250722376215,1,0.3556045723233631,-0.31206022412828616,-1.0223976130812507,0.7168853643458143,1,1,-0.3169931584768786,1,1.0,0.0,0.0,0
-0.8667370495145269,1,1.5262274541340193,-1.3525912985477861,0.5847361754463524,-1.0457411022578735,0,0,-1.6450376266664992,0,0.0,1.0,0.0,1
0.6973317528115779,0,-0.3272587753995197,-1.6994349900209527,-1.0223976130812507,0.7168853643458143,0,1,-0.6666138162707846,1,1.0,0.0,0.0,0
1.6210770857290089,1,-0.8150183094872931,0.38162715881804715,-1.0223976130812507,0.7168853643458143,1,1,1.4031890356914183,1,1.0,0.0,0.0,0
-0.24740779221761294,1,-0.3272587753995197,-0.6589039156014528,-1.0223976130812507,0.7168853643458143,1,1,-1.1010670090711856,1,1.0,0.0,0.0,0
0.781308601258617,1,-1.8880892844803947,0.38162715881804715,-1.0223976130812507,0.7168853643458143,1,1,0.8998877629448712,1,1.0,0.0,0.0,0
0.14098513184994327,0,-0.5223625890346291,0.7284708502912138,-1.0223976130812507,0.7168853643458143,1,1,-0.19996703713183325,1,1.0,0.0,0.0,0
0.03601407129114429,1,0.2580526655058084,-0.6589039156014528,-1.0223976130812507,0.7168853643458143,1,1,0.1553177167888822,1,1.0,0.0,0.0,0
-0.16343094377057377,1,-0.8150183094872931,-1.0057476070746194,0.38711080357820155,0.7168853643458143,0,1,-1.603703101416771,0,1.0,0.0,0.0,0
1.1592044192702933,0,-1.4003297503926213,0.03478346734488051,-1.0223976130812507,0.7168853643458143,1,1,-0.5598299810422643,1,0.0,0.0,1.0,0
1.1277131011026538,0,0.5507083859584725,-1.3525912985477861,-1.0223976130812507,0.7168853643458143,1,1,-1.531029279941778,1,1.0,0.0,0.0,0
-0.21591647404997324,0,-1.4003297503926213,1.422158233237547,-1.0223976130812507,0.7168853643458143,0,1,-1.0562886051153846,1,1.0,0.0,0.0,0
-0.22641358010585316,0,2.599298429127121,0.03478346734488051,0.8674423719975702,-1.0457411022578735,1,0,0.9730692312256056,0,0.0,1.0,0.0,1
1.2536783737732125,1,-0.8150183094872931,0.38162715881804715,-1.0223976130812507,0.7168853643458143,0,1,-0.6211950417203177,1,0.0,0.0,1.0,0
-0.4783441254469707,1,-0.8150183094872931,1.422158233237547,-1.0223976130812507,0.7168853643458143,1,1,0.8531464348741828,1,1.0,0.0,0.0,0
0.3614243590234211,0,-0.42481068221707435,0.7284708502912138,-1.0223976130812507,0.7168853643458143,0,1,1.0729895983628286,1,1.0,0.0,0.0,0
0.4454012074704603,1,-0.3272587753995197,0.03478346734488051,-1.0223976130812507,0.7168853643458143,1,1,-0.36982867714855044,1,1.0,0.0,0.0,0
-0.04796277715589489,0,-0.42481068221707435,0.38162715881804715,0.5470659948436927,0.7168853643458143,1,1,0.08012266380977517,0,1.0,0.0,0.0,0
2.030464221908325,1,0.5507083859584725,1.0753145417643806,-1.0223976130812507,0.7168853643458143,1,1,1.4556886677547798,1,0.0,0.0,1.0,0
-1.5385518370908404,0,0.5507083859584725,-0.31206022412828616,0.9599865201708718,-1.0457411022578735,1,0,-1.2361931853225174,0,0.0,1.0,0.0,1
-0.04796277715589489,1,-0.03460305494685562,0.38162715881804715,-1.0223976130812507,0.7168853643458143,1,1,0.7978453766412008,1,1.0,0.0,0.0,0
-0.35237885277641195,1,0.16050075868825375,0.38162715881804715,-1.0223976130812507,0.7168853643458143,1,1,-0.5828489704107465,1,1.0,0.0,0.0,0
2.030464221908325,0,-0.7174664026697384,-0.31206022412828616,-1.0223976130812507,0.7168853643458143,1,1,-1.1560120552585826,1,1.0,0.0,0.0,0
0.7183259649233377,0,-1.3027778435750665,1.422158233237547,-1.0223976130812507,0.7168853643458143,1,1,1.1952797360212728,1,1.0,0.0,0.0,0
1.1697015253261733,1,-0.8150183094872931,0.38162715881804715,-1.0223976130812507,0.7168853643458143,1,1,1.730453802576016,1,1.0,0.0,0.0,0
0.6973317528115779,1,-0.03460305494685562,0.38162715881804715,-1.0223976130812507,0.7168853643458143,1,1,-0.09191790178223529,1,0.0,0.0,1.0,0
-0.23691068616173305,1,-1.3027778435750665,1.422158233237547,-1.0223976130812507,0.7168853643458143,1,1,-1.5872325129491467,1,0.0,0.0,1.0,0
0.27744751057638195,0,-0.5223625890346291,1.422158233237547,-1.0223976130812507,0.7168853643458143,1,1,-1.0570918876548867,1,1.0,0.0,0.0,0
2.030464221908325,1,-0.8150183094872931,-1.0057476070746194,-1.0223976130812507,0.7168853643458143,0,1,-1.2452872805434867,1,0.0,0.0,1.0,0
-0.17392804982645366,0,-0.5223625890346291,0.38162715881804715,0.3422293843746375,0.7168853643458143,1,1,0.2313589056092746,0,1.0,0.0,0.0,0
0.015019859179384495,0,-1.4003297503926213,-1.0057476070746194,-1.0223976130812507,0.7168853643458143,1,1,-0.2605744444945504,1,1.0,0.0,0.0,0
0.04651117734702419,1,-0.5223625890346291,1.422158233237547,-1.0223976130812507,0.7168853643458143,1,1,-0.2695906403936542,1,1.0,0.0,0.0,0
-0.5938122920616495,0,-1.1076740299399572,0.38162715881804715,-1.0223976130812507,0.7168853643458143,1,1,1.254675453263929,1,0.0,0.0,1.0,0
2.030464221908325,0,0.2580526655058084,0.03478346734488051,-1.0223976130812507,0.7168853643458143,1,1,-1.1257437445876037,1,1.0,0.0,0.0,0
-1.1291647009115244,1,1.5262274541340193,0.03478346734488051,0.4736389015715755,-1.0457411022578735,1,0,-1.684533276832818,0,0.0,1.0,0.0,1
-0.6148065041734093,1,0.2580526655058084,-0.6589039156014528,0.4520481932228249,-1.0457411022578735,1,0,1.5919076899491622,0,0.0,1.0,0.0,1
0.22496198029698244,1,-1.1076740299399572,-1.0057476070746194,-1.0223976130812507,0.7168853643458143,1,1,-1.5006004862580475,1,0.0,0.0,1.0,0
0.9072738739291758,1,0.3556045723233631,0.7284708502912138,0.21792769459716604,0.7168853643458143,1,1,-0.3345886894901041,0,1.0,0.0,0.0,0
-2.0109216096054356,1,1.4286755473164647,-1.3525912985477861,0.8692565778177134,-1.0457411022578735,0,0,-0.4305249140275151,0,0.0,1.0,0.0,1
0.781308601258617,1,-0.1321549617644103,1.0753145417643806,-1.0223976130812507,0.7168853643458143,1,1,1.2253049799886142,1,1.0,0.0,0.0,0
-0.3838701709440516,0,-0.9125702163048478,-0.6589039156014528,-1.0223976130812507,0.7168853643458143,0,1,0.9312988861617896,1,1.0,0.0,0.0,0
-0.55182386783813,0,0.2580526655058084,1.7690019247107138,-1.0223976130812507,0.7168853643458143,1,1,1.1539297697032913,1,0.0,0.0,1.0,0
0.6658404346439382,1,-0.5223625890346291,-1.0057476070746194,-1.0223976130812507,0.7168853643458143,0,1,0.7168380626781059,1,1.0,0.0,0.0,0
-0.341881746720532,0,-1.4978816572101759,0.38162715881804715,-1.0223976130812507,0.7168853643458143,0,1,1.682120483018833,1,0.0,0.0,1.0,0
0.11999091973818347,1,-1.3027778435750665,1.0753145417643806,-1.0223976130812507,0.7168853643458143,1,1,0.6141464575271752,1,0.0,0.0,1.0,0
0.23545908635286236,1,-0.9125702163048478,-0.6589039156014528,-1.0223976130812507,0.7168853643458143,1,1,-0.6250431641233758,1,1.0,0.0,0.0,0
1.1382102071585336,1,0.2580526655058084,-1.0057476070746194,-1.0223976130812507,0.7168853643458143,0,1,1.5875153132639401,1,1.0,0.0,0.0,0
2.030464221908325,1,0.06294885187069905,1.0753145417643806,-1.0223976130812507,0.7168853643458143,1,1,-1.086481618891732,1,0.0,0.0,1.0,0
-0.23691068616173305,0,-0.1321549617644103,0.7284708502912138,-0.19152420708347484,0.7168853643458143,1,1,1.4677562963330983,0,1.0,0.0,0.0,0
1.400637858555531,1,-0.1321549617644103,0.38162715881804715,-1.0223976130812507,0.7168853643458143,1,1,0.34300685083293164,1,0.0,0.0,1.0,0
-0.27889911038525267,1,-0.7174664026697384,-1.6994349900209527,-1.0223976130812507,0.7168853643458143,1,1,-1.131855805188926,1,1.0,0.0,0.0,0
-0.36287595883229185,1,-1.2052259367575118,1.422158233237547,-1.0223976130812507,0.7168853643458143,1,1,0.9286150897031373,1,1.0,0.0,0.0,0
0.24595619240874225,0,0.4531564791409178,-0.31206022412828616,-1.0223976130812507,0.7168853643458143,1,1,-0.710502190112623,1,1.0,0.0,0.0,0
-1.8114765945437177,1,1.5262274541340193,-0.6589039156014528,1.1422804595461664,-1.0457411022578735,0,0,-0.8632913869901104,0,0.0,1.0,0.0,1
-1.1816502311909238,1,0.5507083859584725,-1.0057476070746194,0.7316610746208841,-1.0457411022578735,0,0,-0.5289070731744083,0,0.0,1.0,0.0,1
-0.07945409532353459,1,-0.1321549617644103,1.422158233237547,0.38500730417260376,0.7168853643458143,1,1,-1.7256911840209448,0,1.0,0.0,0.0,0
-0.2684020043293727,1,-0.9125702163048478,0.7284708502912138,-1.0223976130812507,0.7168853643458143,0,1,0.4539259429359735,1,1.0,0.0,0.0,0
0.7288230709792175,0,-0.3272587753995197,1.422158233237547,-1.0223976130812507,0.7168853643458143,0,1,0.014632061985539808,1,0.0,0.0,1.0,0
-0.2684020043293727,1,0.16050075868825375,-0.6589039156014528,0.7164154959593464,-1.0457411022578735,1,0,-0.8200072967519623,0,0.0,1.0,0.0,1
-0.20541936799409335,0,0.7458121995935818,-1.0057476070746194,1.2890648999197427,-1.0457411022578735,1,0,1.1673248096660007,0,0.0,1.0,0.0,1
-0.3838701709440516,1,0.2580526655058084,-0.6589039156014528,-1.0223976130812507,0.7168853643458143,1,1,0.6522628212595756,1,1.0,0.0,0.0,0
0.6973317528115779,0,-1.79053737766284,-0.31206022412828616,-1.0223976130812507,0.7168853643458143,1,1,0.7056346134365608,1,1.0,0.0,0.0,0
-0.026968565044135095,1,-0.6199144958521837,0.38162715881804715,-1.0223976130812507,0.7168853643458143,1,1,0.6624905337835918,1,1.0,0.0,0.0,0
0.06750538945878398,1,-1.5954335640277306,0.38162715881804715,-1.0223976130812507,0.7168853643458143,0,1,0.5571543420776646,1,1.0,0.0,0.0,0
1.1277131011026538,1,-0.8150183094872931,0.03478346734488051,-1.0223976130812507,0.7168853643458143,0,1,0.09441692912934031,1,1.0,0.0,0.0,0
0.7393201770350974,0,0.2580526655058084,1.7690019247107138,-1.0223976130812507,0.7168853643458143,0,1,-0.9064262714001871,1,0.0,0.0,1.0,0
0.7078288588674577,0,-0.9125702163048478,0.38162715881804715,-1.0223976130812507,0.7168853643458143,0,1,-0.6069571623241519,1,1.0,0.0,0.0,0
-0.17392804982645366,0,-1.79053737766284,-0.31206022412828616,-1.0223976130812507,0.7168853643458143,0,1,-0.3713280222255219,1,1.0,0.0,0.0,0
0.8232970254821367,1,-0.9125702163048478,1.7690019247107138,-1.0223976130812507,0.7168853643458143,1,1,-0.08134042303799549,1,0.0,0.0,1.0,0
0.7078288588674577,1,-1.0101221231224025,1.422158233237547,-1.0223976130812507,0.7168853643458143,1,1,0.00913608265803431,1,1.0,0.0,0.0,0
-0.36287595883229185,1,-0.3272587753995197,1.0753145417643806,-1.0223976130812507,0.7168853643458143,1,1,0.5562063645839628,1,1.0,0.0,0.0,0
-0.36287595883229185,0,-1.4978816572101759,1.0753145417643806,-1.0223976130812507,0.7168853643458143,1,1,0.5495594184385184,1,0.0,0.0,1.0,0
0.6448462225321784,1,0.06294885187069905,0.38162715881804715,-1.0223976130812507,0.7168853643458143,0,1,-0.6215378681345848,1,0.0,0.0,1.0,0
0.6763375406998181,0,0.16050075868825375,0.7284708502912138,-1.0223976130812507,0.7168853643458143,1,1,0.3967291032107365,1,1.0,0.0,0.0,0
0.21446487424110255,0,-1.1076740299399572,-1.0057476070746194,-1.0223976130812507,0.7168853643458143,0,1,0.25976231692450646,1,1.0,0.0,0.0,0
0.15148223790582316,0,-0.7174664026697384,0.38162715881804715,-1.0223976130812507,0.7168853643458143,1,1,-1.4550550602488688,1,1.0,0.0,0.0,0
0.5188809498616196,1,-0.42481068221707435,1.0753145417643806,-1.0223976130812507,0.7168853643458143,1,1,-1.0797234623558294,1,1.0,0.0,0.0,0
-0.49933833755873047,1,0.16050075868825375,0.38162715881804715,-1.0223976130812507,0.7168853643458143,1,1,-0.03985651846504713,1,1.0,0.0,0.0,0
0.22496198029698244,1,-0.7174664026697384,-1.0057476070746194,-1.0223976130812507,0.7168853643458143,1,1,-0.7097743779629013,1,1.0,0.0,0.0,0
1.2536783737732125,0,0.4531564791409178,-0.31206022412828616,-1.0223976130812507,0.7168853643458143,0,1,1.0830242107860961,1,1.0,0.0,0.0,0
0.9282680860409356,0,-0.5223625890346291,-1.3525912985477861,-1.0223976130812507,0.7168853643458143,1,1,1.2963106456067364,1,1.0,0.0,0.0,0
0.886279661817416,1,-1.3027778435750665,-0.31206022412828616,-1.0223976130812507,0.7168853643458143,1,1,-0.4483107692191065,1,0.0,0.0,1.0,0
0.5713664801410191,0,-0.42481068221707435,0.38162715881804715,-1.0223976130812507,0.7168853643458143,1,1,1.3115672885173637,1,1.0,0.0,0.0,0
0.04651117734702419,0,-1.1076740299399572,-0.6589039156014528,-1.0223976130812507,0.7168853643458143,1,1,-0.39598220337258055,1,1.0,0.0,0.0,0
0.781308601258617,1,-0.8150183094872931,0.7284708502912138,-1.0223976130812507,0.7168853643458143,0,1,0.7524914892764303,1,1.0,0.0,0.0,0
0.04651117734702419,0,0.2580526655058084,-1.3525912985477861,-1.0223976130812507,0.7168853643458143,0,1,0.5480203429724437,1,1.0,0.0,0.0,0
0.40341278324694074,0,-0.7174664026697384,0.03478346734488051,-1.0223976130812507,0.7168853643458143,0,1,-1.487108982992538,1,0.0,0.0,1.0,0
-0.3838701709440516,1,-0.03460305494685562,-1.6994349900209527,-1.0223976130812507,0.7168853643458143,1,1,-1.0704350525680693,1,0.0,0.0,1.0,0
2.030464221908325,1,-1.5954335640277306,-1.0057476070746194,-1.0223976130812507,0.7168853643458143,1,1,-1.561961036062229,1,0.0,0.0,1.0,0
-0.016471458988255198,0,0.06294885187069905,0.38162715881804715,0.5018906108330823,0.7168853643458143,1,1,0.8542018058650663,0,1.0,0.0,0.0,0
0.06750538945878398,1,-0.3272587753995197,0.03478346734488051,-1.0223976130812507,0.7168853643458143,1,1,-0.6432969357316057,1,0.0,0.0,1.0,0
0.25645329846462217,1,-0.03460305494685562,-0.6589039156014528,-1.0223976130812507,0.7168853643458143,1,1,0.22169817523193125,1,1.0,0.0,0.0,0
-1.1186675948556444,1,1.0384679200462459,-1.6994349900209527,0.7302279760519584,2.479511830949502,1,0,-0.6639085064136663,0,0.0,1.0,0.0,1
1.2851696919408522,0,-0.42481068221707435,0.03478346734488051,-1.0223976130812507,0.7168853643458143,0,1,0.20755259525499115,1,0.0,0.0,1.0,0
0.4454012074704603,1,-1.0101221231224025,0.7284708502912138,-1.0223976130812507,0.7168853643458143,1,1,-1.3364128315916284,1,1.0,0.0,0.0,0
1.5895857675613692,1,-1.3027778435750665,0.7284708502912138,-1.0223976130812507,0.7168853643458143,0,1,-1.3278145855062742,1,0.0,0.0,1.0,0
-0.21591647404997324,1,-0.7174664026697384,0.38162715881804715,-1.0223976130812507,0.7168853643458143,1,1,-1.6886456323476822,1,1.0,0.0,0.0,0
0.9492622981526954,0,-1.3027778435750665,-0.31206022412828616,-1.0223976130812507,0.7168853643458143,0,1,-1.0006148793025214,1,1.0,0.0,0.0,0
0.20396776818522266,1,-0.03460305494685562,-1.3525912985477861,-1.0223976130812507,0.7168853643458143,0,1,-1.1115629450954327,1,1.0,0.0,0.0,0
0.4558983135263402,1,-0.9125702163048478,1.0753145417643806,-1.0223976130812507,0.7168853643458143,0,1,0.9088267535027048,1,0.0,0.0,1.0,0
-0.4153614891116913,0,0.06294885187069905,0.03478346734488051,0.3201580234317907,2.479511830949502,1,0,-1.5919913113888888,0,0.0,1.0,0.0,1
-0.22641358010585316,0,0.2580526655058084,1.7690019247107138,-1.0223976130812507,0.7168853643458143,1,1,-0.6544134639035418,1,0.0,0.0,1.0,0
-0.12144251954705418,0,0.2580526655058084,-1.0057476070746194,1.2146510513555902,-1.0457411022578735,1,0,0.5243530022324455,0,0.0,1.0,0.0,1
1.6210770857290089,1,0.3556045723233631,1.7690019247107138,-1.0223976130812507,0.7168853643458143,1,1,-1.6640929458627423,1,1.0,0.0,0.0,0
0.7393201770350974,1,-1.0101221231224025,0.03478346734488051,-1.0223976130812507,0.7168853643458143,0,1,-1.3890113558898747,1,1.0,0.0,0.0,0
-0.27889911038525267,1,-0.42481068221707435,1.422158233237547,-1.0223976130812507,0.7168853643458143,1,1,0.24797210708931203,1,1.0,0.0,0.0,0
-0.28939621644113256,1,-0.9125702163048478,0.38162715881804715,-1.0223976130812507,0.7168853643458143,1,1,-0.18860327837268537,1,0.0,0.0,1.0,0
-0.4258585951675712,1,-0.7174664026697384,0.7284708502912138,0.2125076278616611,0.7168853643458143,1,1,1.112025312889359,0,0.0,0.0,1.0,0
0.8652854497056562,1,-0.9125702163048478,-1.3525912985477861,-1.0223976130812507,0.7168853643458143,1,1,1.1237483801019215,1,1.0,0.0,0.0,0
0.4663954195822201,0,-0.1321549617644103,-0.6589039156014528,-1.0223976130812507,0.7168853643458143,1,1,1.1199922101277913,1,1.0,0.0,0.0,0
-0.16343094377057377,1,-1.3027778435750665,1.7690019247107138,-1.0223976130812507,0.7168853643458143,1,1,1.406955094889037,1,0.0,0.0,1.0,0
-1.171153125135044,1,1.4286755473164647,0.03478346734488051,0.8206658865173497,-1.0457411022578735,1,0,1.4033097883150667,0,0.0,1.0,0.0,1
-0.446852807279331,0,-0.3272587753995197,-1.3525912985477861,-1.0223976130812507,0.7168853643458143,1,1,-1.6719899245561594,1,1.0,0.0,0.0,0
0.6868346467556979,0,-0.03460305494685562,-0.6589039156014528,-1.0223976130812507,0.7168853643458143,0,1,1.1844706412532242,1,1.0,0.0,0.0,0
1.2431812677173326,1,-0.9125702163048478,1.7690019247107138,-1.0223976130812507,0.7168853643458143,1,1,-0.547718631686418,1,0.0,0.0,1.0,0
-0.026968565044135095,1,-0.9125702163048478,0.7284708502912138,-1.0223976130812507,0.7168853643458143,1,1,0.8582898720590816,1,1.0,0.0,0.0,0
0.371921465079301,0,-0.8150183094872931,0.7284708502912138,-1.0223976130812507,0.7168853643458143,1,1,-1.403354893831733,1,1.0,0.0,0.0,0
1.316661010108492,1,0.06294885187069905,1.0753145417643806,-1.0223976130812507,0.7168853643458143,1,1,-1.1409724547792548,1,1.0,0.0,0.0,0
-0.5413267617822501,1,-0.3272587753995197,0.38162715881804715,-1.0223976130812507,0.7168853643458143,1,1,-0.945670700590869,1,1.0,0.0,0.0,0
-0.341881746720532,0,-0.6199144958521837,-1.0057476070746194,0.2560492118515208,0.7168853643458143,1,1,0.7938848293816423,0,1.0,0.0,0.0,0
1.0752275708232542,1,-0.7174664026697384,1.0753145417643806,-1.0223976130812507,0.7168853643458143,1,1,-0.010875888789356535,1,0.0,0.0,1.0,0
-0.7512688828998481,1,1.1360198268638007,-1.0057476070746194,1.004681573740599,-1.0457411022578735,1,0,-1.56621531060891,0,0.0,1.0,0.0,1
-0.341881746720532,0,-0.03460305494685562,-0.6589039156014528,-1.0223976130812507,0.7168853643458143,1,1,1.1095576913862621,1,1.0,0.0,0.0,0
-2.3678232155053522,0,0.5507083859584725,-1.0057476070746194,1.2140495913065434,-1.0457411022578735,1,0,-1.0761088644232184,0,0.0,1.0,0.0,1
0.5188809498616196,1,0.3556045723233631,1.422158233237547,-1.0223976130812507,0.7168853643458143,1,1,-1.2318028905790828,1,0.0,0.0,1.0,0
1.5790886615054893,0,-0.22970686858196498,-0.31206022412828616,-1.0223976130812507,0.7168853643458143,0,1,0.820523101051756,1,1.0,0.0,0.0,0
1.5371002372819698,0,-1.2052259367575118,-0.31206022412828616,-1.0223976130812507,0.7168853643458143,1,1,1.4138962888070505,1,1.0,0.0,0.0,0
0.23545908635286236,0,-1.0101221231224025,1.422158233237547,-1.0223976130812507,0.7168853643458143,0,1,-0.6584460116499025,1,0.0,0.0,1.0,0
0.3089388287440216,1,-0.6199144958521837,0.38162715881804715,-1.0223976130812507,0.7168853643458143,1,1,1.3771984214122248,1,1.0,0.0,0.0,0
1.2326841616614526,0,-1.0101221231224025,-1.3525912985477861,0.1254990383507974,0.7168853643458143,0,1,-0.5370375763382724,0,1.0,0.0,0.0,0
-0.5938122920616495,0,-1.1076740299399572,-0.6589039156014528,-1.0223976130812507,0.7168853643458143,0,1,0.4508333919064645,1,1.0,0.0,0.0,0
1.201192843493813,1,-1.1076740299399572,-1.0057476070746194,-1.0223976130812507,0.7168853643458143,1,1,1.7317197966776896,1,1.0,0.0,0.0,0
-2.2418579428347933,1,2.013986988221793,-0.31206022412828616,0.7645749851838403,-1.0457411022578735,1,0,-0.46612993547929044,0,0.0,1.0,0.0,1
-0.27889911038525267,1,-1.2052259367575118,0.7284708502912138,-1.0223976130812507,0.7168853643458143,1,1,-1.6144932852135878,1,0.0,0.0,1.0,0
-0.43635570122345113,1,-0.8150183094872931,0.7284708502912138,-1.0223976130812507,0.7168853643458143,1,1,0.9825590688812627,1,1.0,0.0,0.0,0
0.32993304085578146,1,-1.2052259367575118,-1.3525912985477861,-1.0223976130812507,0.7168853643458143,1,1,0.0819301362712297,1,1.0,0.0,0.0,0
1.5266031312260897,1,-0.03460305494685562,0.7284708502912138,-1.0223976130812507,0.7168853643458143,0,1,-0.7277941046152375,1,0.0,0.0,1.0,0
-0.4258585951675712,1,-0.7174664026697384,-1.3525912985477861,-1.0223976130812507,0.7168853643458143,1,1,-0.7808471862036558,1,1.0,0.0,0.0,0
0.4873896316939799,1,-0.7174664026697384,0.38162715881804715,-1.0223976130812507,0.7168853643458143,1,1,-0.5559898394160566,1,0.0,0.0,1.0,0
0.40341278324694074,0,-0.42481068221707435,1.422158233237547,-1.0223976130812507,0.7168853643458143,1,1,-0.5588537238392884,1,0.0,0.0,1.0,0
0.3194359347999015,0,-0.7174664026697384,-1.0057476070746194,-1.0223976130812507,0.7168853643458143,0,1,0.7928343162549285,1,1.0,0.0,0.0,0
0.4349041014145804,1,-0.22970686858196498,-1.0057476070746194,0.3028658054067852,0.7168853643458143,1,1,-0.11215333498143615,0,1.0,0.0,0.0,0
-0.8457428374027671,1,2.4041946154920115,-0.6589039156014528,1.3751239428346955,-1.0457411022578735,1,0,-0.5256812778705282,0,0.0,1.0,0.0,1
0.32993304085578146,0,-0.6199144958521837,0.03478346734488051,-1.0223976130812507,0.7168853643458143,0,1,1.351425890535224,1,1.0,0.0,0.0,0
-0.08995120137941448,1,-0.3272587753995197,0.7284708502912138,-1.0223976130812507,0.7168853643458143,1,1,-0.3691499641259733,1,0.0,0.0,1.0,0
-0.2684020043293727,1,-0.5223625890346291,-1.0057476070746194,-1.0223976130812507,0.7168853643458143,1,1,1.0159048365037944,1,0.0,0.0,1.0,0
0.9177709799850557,0,0.5507083859584725,-0.6589039156014528,-1.0223976130812507,0.7168853643458143,1,1,1.54935557574431,1,1.0,0.0,0.0,0
0.5818635861968989,0,-0.5223625890346291,0.38162715881804715,-1.0223976130812507,0.7168853643458143,1,1,1.5783296126043413,1,1.0,0.0,0.0,0
0.6133549043645387,0,-0.3272587753995197,-0.31206022412828616,-0.37535481728573994,0.7168853643458143,1,1,1.7374473920290041,0,0.0,0.0,1.0,0
-0.31039042855289234,1,-0.5223625890346291,0.03478346734488051,-1.0223976130812507,0.7168853643458143,1,1,0.0698180929347876,1,1.0,0.0,0.0,0
0.23545908635286236,0,-0.5223625890346291,0.38162715881804715,-1.0223976130812507,0.7168853643458143,1,1,-0.02945531079211044,1,1.0,0.0,0.0,0
0.9177709799850557,1,-0.22970686858196498,1.7690019247107138,-1.0223976130812507,0.7168853643458143,1,1,1.4426855533334815,1,1.0,0.0,0.0,0
-1.0766791706321248,0,0.4531564791409178,-1.0057476070746194,0.9241666265482337,-1.0457411022578735,1,0,-1.597925018977121,0,0.0,1.0,0.0,1
-0.15293383771469388,1,-0.6199144958521837,-0.6589039156014528,-1.0223976130812507,0.7168853643458143,1,1,-0.1911010880316947,1,1.0,0.0,0.0,0
0.34043014691166135,0,-1.0101221231224025,-0.6589039156014528,-1.0223976130812507,0.7168853643458143,1,1,1.608914378426951,1,0.0,0.0,1.0,0
-0.55182386783813,0,-1.0101221231224025,0.38162715881804715,-1.0223976130812507,0.7168853643458143,1,1,-0.5318901487649484,1,0.0,0.0,1.0,0
0.9387651920968155,0,-0.6199144958521837,-0.31206022412828616,-1.0223976130812507,0.7168853643458143,1,1,-0.4650339666235593,1,1.0,0.0,0.0,0
-0.446852807279331,0,0.06294885187069905,0.38162715881804715,-1.0223976130812507,0.7168853643458143,1,1,1.1156669760652018,1,0.0,0.0,1.0,0
0.015019859179384495,1,-0.22970686858196498,-1.3525912985477861,-1.0223976130812507,0.7168853643458143,0,1,-0.2565332219907439,1,0.0,0.0,1.0,0
-0.08995120137941448,0,0.5507083859584725,-1.0057476070746194,-1.0223976130812507,0.7168853643458143,1,1,-0.7123950221873464,1,1.0,0.0,0.0,0
0.5713664801410191,1,-1.0101221231224025,1.0753145417643806,-1.0223976130812507,0.7168853643458143,1,1,-0.6146450793631199,1,1.0,0.0,0.0,0
0.5083838438057396,1,-1.3027778435750665,1.422158233237547,-1.0223976130812507,0.7168853643458143,0,1,0.21890889372273534,1,1.0,0.0,0.0,0
1.9989729037406851,1,-0.7174664026697384,0.03478346734488051,-1.0223976130812507,0.7168853643458143,1,1,-0.4057520621985951,1,0.0,0.0,1.0,0
0.28794461663226184,1,-0.42481068221707435,1.422158233237547,-1.0223976130812507,0.7168853643458143,1,1,-0.5977955774902528,1,1.0,0.0,0.0,0
1.2221870556055727,1,-0.5223625890346291,1.422158233237547,-1.0223976130812507,0.7168853643458143,1,1,-1.7105806240257087,1,1.0,0.0,0.0,0
0.896776767873296,0,-0.9125702163048478,-0.31206022412828616,-1.0223976130812507,0.7168853643458143,1,1,1.3940852247421094,1,1.0,0.0,0.0,0
0.004522753123504598,0,-1.0101221231224025,0.7284708502912138,-1.0223976130812507,0.7168853643458143,0,1,-1.6401535647292365,1,1.0,0.0,0.0,0
0.7393201770350974,1,-0.42481068221707435,1.7690019247107138,-1.0223976130812507,0.7168853643458143,1,1,1.7162787284237595,1,1.0,0.0,0.0,0
1.1487073132144134,1,0.2580526655058084,-1.6994349900209527,-1.0223976130812507,0.7168853643458143,0,1,-1.1351853505918605,1,0.0,0.0,1.0,0
1.600082873617249,0,-0.5223625890346291,-0.6589039156014528,-1.0223976130812507,0.7168853643458143,0,1,0.7237032657208927,1,0.0,0.0,1.0,0
0.34043014691166135,0,0.16050075868825375,-1.3525912985477861,-1.0223976130812507,0.7168853643458143,1,1,0.3423584994614156,1,1.0,0.0,0.0,0
-0.5413267617822501,1,-0.6199144958521837,1.422158233237547,-1.0223976130812507,0.7168853643458143,1,1,-0.7631942282961377,1,1.0,0.0,0.0,0
0.886279661817416,0,0.5507083859584725,0.7284708502912138,-1.0223976130812507,0.7168853643458143,1,1,1.5757028960496842,1,1.0,0.0,0.0,0
1.4321291767231707,1,-0.3272587753995197,-1.0057476070746194,-1.0223976130812507,0.7168853643458143,1,1,-0.34715494312642037,1,1.0,0.0,0.0,0
-1.0871762766880049,1,1.4286755473164647,0.03478346734488051,1.03934799778337,-1.0457411022578735,1,0,1.1392567644736327,0,0.0,1.0,0.0,1
-0.22641358010585316,1,-1.4003297503926213,-0.31206022412828616,-1.0223976130812507,0.7168853643458143,1,1,-0.5039138825063589,1,0.0,0.0,1.0,0
-0.14243673165881396,1,0.06294885187069905,0.7284708502912138,-1.0223976130812507,0.7168853643458143,1,1,1.2262460176763592,1,1.0,0.0,0.0,0
-0.5623209738940099,1,-0.7174664026697384,-0.31206022412828616,-1.0223976130812507,0.7168853643458143,0,1,-1.5633042355051718,1,1.0,0.0,0.0,0
1.0647304647673743,0,0.3556045723233631,0.7284708502912138,-1.0223976130812507,0.7168853643458143,0,1,-0.4077838638876038,1,1.0,0.0,0.0,0
-0.29989332249701245,1,0.3556045723233631,0.7284708502912138,-1.0223976130812507,0.7168853643458143,0,1,1.2709258763875733,1,0.0,0.0,1.0,0
2.030464221908325,0,0.3556045723233631,-0.6589039156014528,-1.0223976130812507,0.7168853643458143,1,1,1.3388587694231637,1,1.0,0.0,0.0,0
0.28794461663226184,0,-0.42481068221707435,0.38162715881804715,-1.0223976130812507,0.7168853643458143,1,1,0.5415583426557486,1,1.0,0.0,0.0,0
-0.4153614891116913,1,0.2580526655058084,0.7284708502912138,-1.0223976130812507,0.7168853643458143,0,1,-1.4784725679744215,1,1.0,0.0,0.0,0
1.3376552222202516,1,-0.7174664026697384,0.7284708502912138,-1.0223976130812507,0.7168853643458143,1,1,0.7545442838784584,1,1.0,0.0,0.0,0
0.5398751619733794,1,-0.6199144958521837,1.7690019247107138,0.3727522737892134,0.7168853643458143,1,1,1.2563763997039463,0,1.0,0.0,0.0,0
-0.4678470193910908,0,-1.2052259367575118,-0.31206022412828616,-1.0223976130812507,0.7168853643458143,1,1,1.3891258659102153,1,0.0,0.0,1.0,0
-0.15293383771469388,0,-0.22970686858196498,0.38162715881804715,-1.0223976130812507,0.7168853643458143,1,1,-0.030795734312670856,1,0.0,0.0,1.0,0
-0.3313846406646521,0,1.0384679200462459,-0.31206022412828616,1.0475134542017763,-1.0457411022578735,1,0,0.4701548526611517,0,0.0,1.0,0.0,1
2.030464221908325,0,-0.42481068221707435,-1.0057476070746194,-1.0223976130812507,0.7168853643458143,1,1,1.2490444947105634,1,1.0,0.0,0.0,0
0.6238520104204186,0,-0.03460305494685562,-1.3525912985477861,-1.0223976130812507,0.7168853643458143,1,1,-0.0009047755905940551,1,1.0,0.0,0.0,0
0.5923606922527789,1,-0.03460305494685562,1.422158233237547,0.1419742758271244,0.7168853643458143,1,1,-1.2765203977376125,0,1.0,0.0,0.0,0
-0.8142515192351274,0,0.06294885187069905,0.03478346734488051,0.8756211977743248,2.479511830949502,0,0,-1.628817738689065,0,0.0,1.0,0.0,1
-0.06895698926765469,1,0.2580526655058084,1.422158233237547,-1.0223976130812507,0.7168853643458143,0,1,1.5941785679533838,1,0.0,0.0,1.0,0
-0.12144251954705418,0,-0.9125702163048478,-0.31206022412828616,-1.0223976130812507,0.7168853643458143,1,1,-0.4401138174132056,1,0.0,0.0,1.0,0
0.5188809498616196,0,-0.1321549617644103,0.7284708502912138,-1.0223976130812507,0.7168853643458143,1,1,0.1940662968439492,1,0.0,0.0,1.0,0
1.8940018431818861,0,-0.9125702163048478,1.422158233237547,-1.0223976130812507,0.7168853643458143,1,1,-1.0036234586799526,1,1.0,0.0,0.0,0
0.4873896316939799,0,0.16050075868825375,0.7284708502912138,-1.0223976130812507,0.7168853643458143,0,1,0.39565378027772696,1,1.0,0.0,0.0,0
-0.7617659889557279,0,1.5262274541340193,-1.3525912985477861,0.22360032945182093,-1.0457411022578735,0,0,0.667598404462962,0,0.0,1.0,0.0,1
-0.23691068616173305,1,-0.3272587753995197,-0.6589039156014528,-1.0223976130812507,0.7168853643458143,1,1,-1.3913986491390216,1,0.0,0.0,1.0,0
-0.0059743529323753,1,-0.22970686858196498,1.0753145417643806,0.5527073808366669,0.7168853643458143,0,1,-1.3573436333477025,0,1.0,0.0,0.0,0
0.41390988930282063,0,-0.22970686858196498,0.7284708502912138,-1.0223976130812507,0.7168853643458143,1,1,-0.30214214722442767,1,0.0,0.0,1.0,0
-0.5833151860057697,1,-0.3272587753995197,-1.0057476070746194,-1.0223976130812507,0.7168853643458143,1,1,0.3343176932895432,1,1.0,0.0,0.0,0
0.16197934396170308,0,-0.42481068221707435,1.0753145417643806,-1.0223976130812507,0.7168853643458143,1,1,-1.44813555322447,1,1.0,0.0,0.0,0
1.085724676879134,0,-0.6199144958521837,0.7284708502912138,-1.0223976130812507,0.7168853643458143,1,1,0.10852885104738978,1,1.0,0.0,0.0,0
0.25645329846462217,0,-0.6199144958521837,-0.6589039156014528,-1.0223976130812507,0.7168853643458143,1,1,-0.6945654462182271,1,0.0,0.0,1.0,0
1.49511181305845,1,-0.03460305494685562,-1.0057476070746194,-1.0223976130812507,0.7168853643458143,1,1,-0.7012026766353322,1,0.0,0.0,1.0,0
-0.29989332249701245,1,-1.3027778435750665,0.7284708502912138,-1.0223976130812507,0.7168853643458143,1,1,1.6701361321119963,1,1.0,0.0,0.0,0
1.2221870556055727,0,0.06294885187069905,-0.31206022412828616,-1.0223976130812507,0.7168853643458143,0,1,1.4290420683175178,1,0.0,0.0,1.0,0
-0.8037544131792476,0,0.3556045723233631,-1.0057476070746194,0.9641820825429988,-1.0457411022578735,0,0,0.06597101150262301,0,0.0,1.0,0.0,1
0.35092725296754124,0,-1.2052259367575118,-1.0057476070746194,-1.0223976130812507,0.7168853643458143,1,1,-0.1120390016782973,1,0.0,0.0,1.0,0
-0.05845988321177479,0,-1.3027778435750665,1.0753145417643806,-1.0223976130812507,0.7168853643458143,1,1,0.46926256711025316,1,1.0,0.0,0.0,0
-0.026968565044135095,0,-0.22970686858196498,-1.0057476070746194,-1.0223976130812507,0.7168853643458143,1,1,0.8143602063717998,1,0.0,0.0,1.0,0
0.6238520104204186,0,-1.4978816572101759,-1.0057476070746194,0.49920949071621457,0.7168853643458143,0,1,1.4953073259816834,0,1.0,0.0,0.0,0
-0.37337306488817174,1,-0.6199144958521837,-1.3525912985477861,-1.0223976130812507,0.7168853643458143,1,1,1.1982591682136858,1,1.0,0.0,0.0,0
0.23545908635286236,1,0.06294885187069905,0.03478346734488051,-1.0223976130812507,0.7168853643458143,1,1,0.006019068812527457,1,0.0,0.0,1.0,0
0.10949381368230357,0,-1.4003297503926213,-0.31206022412828616,-1.0223976130812507,0.7168853643458143,0,1,-1.1342776239727081,1,1.0,0.0,0.0,0
0.9702565102644553,0,-1.2052259367575118,0.38162715881804715,-1.0223976130812507,0.7168853643458143,0,1,-1.1236385544506016,1,1.0,0.0,0.0,0
-0.07945409532353459,0,0.3556045723233631,0.7284708502912138,-1.0223976130812507,0.7168853643458143,0,1,-1.331394831399399,1,1.0,0.0,0.0,0
-0.6358007162851692,1,0.9409160132286912,-1.0057476070746194,1.0929646013628869,-1.0457411022578735,0,0,-1.710203966057402,0,0.0,1.0,0.0,1
0.5083838438057396,0,-1.4978816572101759,0.03478346734488051,-1.0223976130812507,0.7168853643458143,1,1,-0.46118272130782073,1,0.0,0.0,1.0,0
-1.1081704887997645,1,1.5262274541340193,0.03478346734488051,0.6365954332478563,-1.0457411022578735,1,0,1.3353323070262042,0,0.0,1.0,0.0,1
0.886279661817416,1,-0.9125702163048478,1.0753145417643806,-1.0223976130812507,0.7168853643458143,1,1,0.2824658921122511,1,1.0,0.0,0.0,0
0.6763375406998181,1,0.2580526655058084,0.7284708502912138,-1.0223976130812507,0.7168853643458143,0,1,-0.6713353132535087,1,1.0,0.0,0.0,0
1.0227420405438548,1,-1.0101221231224025,1.0753145417643806,-1.0223976130812507,0.7168853643458143,1,1,-0.8171272772798809,1,1.0,0.0,0.0,0
-0.37337306488817174,1,-0.5223625890346291,-0.31206022412828616,-1.0223976130812507,0.7168853643458143,1,1,-1.0308106690012513,1,0.0,0.0,1.0,0
1.0227420405438548,1,-0.3272587753995197,-0.31206022412828616,-1.0223976130812507,0.7168853643458143,1,1,-1.5624140318960604,1,0.0,0.0,1.0,0
0.22496198029698244,0,-0.7174664026697384,-1.3525912985477861,-1.0223976130812507,0.7168853643458143,0,1,0.5332033367691811,1,1.0,0.0,0.0,0
2.030464221908325,1,-0.03460305494685562,-1.3525912985477861,-1.0223976130812507,0.7168853643458143,1,1,-0.3419061943861267,1,1.0,0.0,0.0,0
0.5293780559174995,0,-0.3272587753995197,1.422158233237547,-1.0223976130812507,0.7168853643458143,1,1,-0.5085135858945411,1,1.0,0.0,0.0,0
-0.4153614891116913,0,-0.3272587753995197,0.03478346734488051,-1.0223976130812507,0.7168853643458143,0,1,-1.5032887935905717,1,1.0,0.0,0.0,0
-0.0059743529323753,1,0.16050075868825375,-1.0057476070746194,-1.0223976130812507,0.7168853643458143,1,1,1.4025325300479028,1,1.0,0.0,0.0,0
1.8205221007907268,1,0.16050075868825375,-0.31206022412828616,-1.0223976130812507,0.7168853643458143,0,1,-0.3138716337574999,1,0.0,0.0,1.0,0
0.8547883436497763,1,-0.9125702163048478,-1.0057476070746194,-1.0223976130812507,0.7168853643458143,1,1,1.2267411728313786,1,1.0,0.0,0.0,0
0.025516965235264394,1,-0.3272587753995197,0.38162715881804715,-1.0223976130812507,0.7168853643458143,1,1,-0.7084587642486367,1,1.0,0.0,0.0,0
-0.9507138979615661,1,2.599298429127121,-0.31206022412828616,0.9121390363333636,-1.0457411022578735,1,0,0.1361858862319653,0,0.0,1.0,0.0,1
0.3824185711351809,1,-0.1321549617644103,-1.3525912985477861,-1.0223976130812507,0.7168853643458143,1,1,-0.29227096723144336,1,1.0,0.0,0.0,0
0.29844172268814173,1,-1.4978816572101759,1.0753145417643806,-1.0223976130812507,0.7168853643458143,1,1,0.2173099624302834,1,1.0,0.0,0.0,0
-0.5938122920616495,0,0.2580526655058084,-1.3525912985477861,-1.0223976130812507,0.7168853643458143,1,1,-0.1478171712886955,1,1.0,0.0,0.0,0
-0.7932573071233676,0,1.5262274541340193,-1.0057476070746194,1.4341654454479156,-1.0457411022578735,1,0,1.5247511877049917,0,0.0,1.0,0.0,1
-0.14243673165881396,1,-0.5223625890346291,-0.31206022412828616,-1.0223976130812507,0.7168853643458143,1,1,0.9243549163213932,1,1.0,0.0,0.0,0
-0.27889911038525267,0,-1.0101221231224025,-1.3525912985477861,-1.0223976130812507,0.7168853643458143,1,1,0.5821485737166073,1,1.0,0.0,0.0,0
-0.06895698926765469,1,-1.79053737766284,1.0753145417643806,-1.0223976130812507,0.7168853643458143,1,1,0.23866062244674535,1,0.0,0.0,1.0,0
0.35092725296754124,0,0.3556045723233631,0.03478346734488051,-1.0223976130812507,0.7168853643458143,0,1,0.36084336660800787,1,1.0,0.0,0.0,0
-0.5938122920616495,0,-0.03460305494685562,1.422158233237547,-1.0223976130812507,0.7168853643458143,1,1,-0.708862313965026,1,1.0,0.0,0.0,0
-0.3838701709440516,1,0.5507083859584725,1.0753145417643806,-1.0223976130812507,0.7168853643458143,1,1,-1.4588530425538888,1,0.0,0.0,1.0,0
0.886279661817416,0,-1.6929854708452852,1.422158233237547,-1.0223976130812507,0.7168853643458143,0,1,0.6861027030662333,1,1.0,0.0,0.0,0
0.5608693740851391,1,-1.4978816572101759,0.38162715881804715,-1.0223976130812507,0.7168853643458143,1,1,0.598115852757213,1,0.0,0.0,1.0,0
0.4663954195822201,0,0.06294885187069905,1.422158233237547,-1.0223976130812507,0.7168853643458143,0,1,0.8012229802003862,1,1.0,0.0,0.0,0
0.40341278324694074,0,-0.7174664026697384,1.0753145417643806,-1.0223976130812507,0.7168853643458143,0,1,0.5539838917262904,1,0.0,0.0,1.0,0
0.34043014691166135,0,-0.9125702163048478,-1.3525912985477861,0.22686084212263116,0.7168853643458143,1,1,0.4039773835423397,0,1.0,0.0,0.0,0
1.9569844795171656,0,-1.1076740299399572,0.03478346734488051,-1.0223976130812507,0.7168853643458143,1,1,-0.5589906115117868,1,1.0,0.0,0.0,0
-0.5308296557263702,0,0.2580526655058084,-0.31206022412828616,1.114614263749653,-1.0457411022578735,1,0,0.9848061780500816,0,0.0,1.0,0.0,1
0.7708114952027372,0,-0.1321549617644103,-1.3525912985477861,-1.0223976130812507,0.7168853643458143,1,1,0.4276832402053985,1,1.0,0.0,0.0,0
2.030464221908325,0,-0.03460305494685562,-0.6589039156014528,-1.0223976130812507,0.7168853643458143,0,1,1.3818394166458499,1,0.0,0.0,1.0,0
-0.05845988321177479,1,0.16050075868825375,-0.31206022412828616,-1.0223976130812507,0.7168853643458143,1,1,0.8328152323527778,1,1.0,0.0,0.0,0
-0.13193962560293407,0,1.2335717336813552,-0.31206022412828616,0.5168510839009369,-1.0457411022578735,0,0,-0.4699076188518868,0,0.0,1.0,0.0,1
-0.5833151860057697,0,0.2580526655058084,-1.3525912985477861,-1.0223976130812507,0.7168853643458143,0,1,1.0564718192146978,1,1.0,0.0,0.0,0
0.6028577983086588,1,-0.3272587753995197,-0.6589039156014528,-1.0223976130812507,0.7168853643458143,1,1,-0.07096523963739713,1,1.0,0.0,0.0,0
0.7183259649233377,0,-0.6199144958521837,-1.6994349900209527,-1.0223976130812507,0.7168853643458143,1,1,0.6733620868052519,1,0.0,0.0,1.0,0
-1.6225286855378795,0,1.8188831745866834,-0.6589039156014528,0.6119711691669959,-1.0457411022578735,1,0,-0.9740937168579288,0,0.0,1.0,0.0,1
0.9702565102644553,1,-0.8150183094872931,-1.3525912985477861,-1.0223976130812507,0.7168853643458143,0,1,0.46562697626462274,1,1.0,0.0,0.0,0
0.5713664801410191,0,-0.9125702163048478,1.422158233237547,-1.0223976130812507,0.7168853643458143,0,1,-1.6738605492518208,1,1.0,0.0,0.0,0
2.030464221908325,1,-1.0101221231224025,1.0753145417643806,0.06711746659482,0.7168853643458143,1,1,1.640078791542105,0,1.0,0.0,0.0,0
-0.2684020043293727,1,-0.9125702163048478,-0.6589039156014528,-1.0223976130812507,0.7168853643458143,1,1,1.7045872373283009,1,0.0,0.0,1.0,0
-0.446852807279331,0,-0.1321549617644103,1.422158233237547,-1.0223976130812507,0.7168853643458143,1,1,-0.6539120629231614,1,0.0,0.0,1.0,0
-0.29989332249701245,0,-0.03460305494685562,-0.6589039156014528,-1.0223976130812507,0.7168853643458143,1,1,-0.8811624282998217,1,1.0,0.0,0.0,0
1.0017478284320949,1,-0.22970686858196498,-1.0057476070746194,-1.0223976130812507,0.7168853643458143,1,1,-0.9393507928011398,1,0.0,0.0,1.0,0
-0.9297196858498064,1,0.16050075868825375,-1.3525912985477861,0.5768133003974865,-1.0457411022578735,0,0,0.6052782529901009,0,0.0,1.0,0.0,1
-0.28939621644113256,0,-0.5223625890346291,0.38162715881804715,-1.0223976130812507,0.7168853643458143,1,1,-0.7041108023215386,1,1.0,0.0,0.0,0
0.3089388287440216,0,-0.22970686858196498,0.03478346734488051,-1.0223976130812507,0.7168853643458143,1,1,0.9241311075792857,1,0.0,0.0,1.0,0
1.7680365705113275,1,-0.42481068221707435,1.422158233237547,-1.0223976130812507,0.7168853643458143,1,1,-1.175959660005724,1,1.0,0.0,0.0,0
0.9072738739291758,1,-0.22970686858196498,-0.31206022412828616,-1.0223976130812507,0.7168853643458143,1,1,1.5822308245229688,1,1.0,0.0,0.0,0
-0.5098354436146104,0,-0.3272587753995197,0.38162715881804715,-1.0223976130812507,0.7168853643458143,1,1,0.7590355527985649,1,0.0,0.0,1.0,0
0.8023028133703768,1,-0.22970686858196498,0.03478346734488051,-1.0223976130812507,0.7168853643458143,1,1,0.16332712033879979,1,1.0,0.0,0.0,0
0.40341278324694074,0,0.3556045723233631,-1.6994349900209527,-1.0223976130812507,0.7168853643458143,0,1,0.7115214773345847,1,1.0,0.0,0.0,0
0.7183259649233377,1,-0.03460305494685562,0.38162715881804715,-1.0223976130812507,0.7168853643458143,1,1,1.023338062664147,1,1.0,0.0,0.0,0
1.2851696919408522,1,-1.1076740299399572,-1.3525912985477861,-1.0223976130812507,0.7168853643458143,1,1,1.5772341642340568,1,1.0,0.0,0.0,0
0.19347066212934275,1,-0.22970686858196498,-0.6589039156014528,-0.15100248731416382,0.7168853643458143,0,1,-0.7848068659874697,0,0.0,0.0,1.0,0
-0.29989332249701245,0,-0.1321549617644103,1.422158233237547,-1.0223976130812507,0.7168853643458143,1,1,-1.128132078807644,1,1.0,0.0,0.0,0
2.030464221908325,0,-1.1076740299399572,0.7284708502912138,-0.31916404845613794,0.7168853643458143,1,1,-1.677491976213877,0,1.0,0.0,0.0,0
1.6210770857290089,1,0.06294885187069905,0.7284708502912138,-1.0223976130812507,0.7168853643458143,1,1,1.3498925404090645,1,0.0,0.0,1.0,0
-1.779985276376078,0,2.209090801856902,0.03478346734488051,0.7553731618785652,-1.0457411022578735,0,0,-1.5324680752117763,0,0.0,1.0,0.0,1
-0.21591647404997324,0,0.9409160132286912,-0.6589039156014528,0.9196774215222737,-1.0457411022578735,1,0,1.569201685829333,0,0.0,1.0,0.0,1
-0.0059743529323753,1,0.06294885187069905,1.7690019247107138,-1.0223976130812507,0.7168853643458143,1,1,-0.014208730600120607,1,1.0,0.0,0.0,0
0.4558983135263402,1,-0.1321549617644103,-0.6589039156014528,0.2276931249489369,0.7168853643458143,1,1,1.3126616959167543,0,1.0,0.0,0.0,0
-0.5098354436146104,0,0.2580526655058084,0.03478346734488051,-1.0223976130812507,0.7168853643458143,1,1,-0.47279787453775435,1,1.0,0.0,0.0,0
0.991250722376215,0,0.06294885187069905,-0.6589039156014528,-1.0223976130812507,0.7168853643458143,1,1,-0.2695814451507615,1,1.0,0.0,0.0,0
0.7708114952027372,1,-1.2052259367575118,0.38162715881804715,-1.0223976130812507,0.7168853643458143,1,1,1.4937080476989337,1,0.0,0.0,1.0,0
-1.2971183978056027,0,1.0384679200462459,-1.3525912985477861,0.6252002297905004,2.479511830949502,1,0,-0.5257638615614145,0,0.0,1.0,0.0,1
-0.5728180799498898,0,0.4531564791409178,-1.0057476070746194,0.8081009447428599,4.242138297553191,1,0,0.2672300686194943,0,0.0,1.0,0.0,1
0.3824185711351809,0,-1.0101221231224025,1.0753145417643806,-1.0223976130812507,0.7168853643458143,1,1,1.0207004159151076,1,1.0,0.0,0.0,0
-0.5308296557263702,1,0.16050075868825375,0.03478346734488051,-1.0223976130812507,0.7168853643458143,1,1,-0.49991481932374005,1,1.0,0.0,0.0,0
0.781308601258617,1,-0.9125702163048478,1.7690019247107138,-1.0223976130812507,0.7168853643458143,1,1,1.0884919104043274,1,1.0,0.0,0.0,0
0.6868346467556979,1,0.16050075868825375,0.38162715881804715,-1.0223976130812507,0.7168853643458143,1,1,0.21130807124852546,1,1.0,0.0,0.0,0
0.17247645001758297,0,-0.1321549617644103,1.7690019247107138,-1.0223976130812507,0.7168853643458143,1,1,-1.0809139860677222,1,1.0,0.0,0.0,0
-0.28939621644113256,0,0.4531564791409178,-1.6994349900209527,-1.0223976130812507,0.7168853643458143,1,1,-1.0140777558684588,1,1.0,0.0,0.0,0
0.14098513184994327,1,-1.3027778435750665,0.38162715881804715,-1.0223976130812507,0.7168853643458143,1,1,-0.37049316356891626,1,0.0,0.0,1.0,0
-0.4048643830558114,0,0.16050075868825375,-1.6994349900209527,1.2376099444008064,-1.0457411022578735,1,0,1.0566722061117009,0,0.0,1.0,0.0,1
0.26695040452050206,1,-0.22970686858196498,0.03478346734488051,-1.0223976130812507,0.7168853643458143,1,1,0.833555709648371,1,0.0,0.0,1.0,0
0.14098513184994327,1,-0.03460305494685562,0.7284708502912138,-1.0223976130812507,0.7168853643458143,1,1,-0.37907301916848474,1,1.0,0.0,0.0,0
-1.0976733827438847,1,1.1360198268638007,-0.31206022412828616,0.9294571876920318,-1.0457411022578735,1,0,0.30867320183244645,0,0.0,1.0,0.0,1
0.6133549043645387,1,0.3556045723233631,0.38162715881804715,-1.0223976130812507,0.7168853643458143,1,1,0.5036925059183895,1,0.0,0.0,1.0,0
1.7995278886789672,1,-0.42481068221707435,1.422158233237547,-1.0223976130812507,0.7168853643458143,1,1,-0.30985591504058474,1,0.0,0.0,1.0,0
1.400637858555531,0,0.16050075868825375,1.422158233237547,-1.0223976130812507,0.7168853643458143,1,1,-0.5049838270897521,1,1.0,0.0,0.0,0
-0.341881746720532,0,1.33112364049891,-1.6994349900209527,1.1315740196586348,-1.0457411022578735,0,0,-1.6456712309503572,0,0.0,1.0,0.0,1
0.9072738739291758,1,-0.1321549617644103,1.0753145417643806,0.09134902590878809,0.7168853643458143,0,1,0.10525204816972698,0,1.0,0.0,0.0,0
0.7288230709792175,0,0.5507083859584725,-1.0057476070746194,-1.0223976130812507,0.7168853643458143,1,1,-1.266163257832502,1,1.0,0.0,0.0,0
0.5293780559174995,0,0.5507083859584725,0.38162715881804715,-1.0223976130812507,0.7168853643458143,1,1,1.6105304857391465,1,1.0,0.0,0.0,0
0.5503722680292593,1,-0.03460305494685562,0.03478346734488051,-1.0223976130812507,0.7168853643458143,1,1,-0.31682504167757475,1,1.0,0.0,0.0,0
-0.19492226193821346,0,-0.42481068221707435,0.7284708502912138,-1.0223976130812507,0.7168853643458143,1,1,1.7220464011544747,1,1.0,0.0,0.0,0
0.5293780559174995,1,-0.1321549617644103,-1.3525912985477861,-1.0223976130812507,0.7168853643458143,0,1,-1.6252695893984905,1,1.0,0.0,0.0,0
-0.11094541349117427,1,0.16050075868825375,0.03478346734488051,0.4865749638476731,0.7168853643458143,1,1,1.383791237071206,0,1.0,0.0,0.0,0
1.610579979673129,1,-0.5223625890346291,0.38162715881804715,-1.0223976130812507,0.7168853643458143,1,1,-0.3773162072905152,1,1.0,0.0,0.0,0
0.7078288588674577,1,-0.8150183094872931,1.7690019247107138,-1.0223976130812507,0.7168853643458143,1,1,-0.7885017921740308,1,1.0,0.0,0.0,0
-0.13193962560293407,1,-0.7174664026697384,0.03478346734488051,-1.0223976130812507,0.7168853643458143,1,1,-1.0035209230469406,1,1.0,0.0,0.0,0
1.5580944493937294,1,-1.2052259367575118,-1.0057476070746194,-1.0223976130812507,0.7168853643458143,1,1,-1.2955144731462866,1,0.0,0.0,1.0,0
1.3481523282761316,1,0.2580526655058084,0.7284708502912138,-1.0223976130812507,0.7168853643458143,1,1,1.7244597186759598,1,0.0,0.0,1.0,0
-0.06895698926765469,0,0.4531564791409178,0.38162715881804715,-1.0223976130812507,0.7168853643458143,1,1,-1.447152529710686,1,1.0,0.0,0.0,0
0.34043014691166135,0,-0.7174664026697384,-0.31206022412828616,-1.0223976130812507,0.7168853643458143,1,1,0.6401348163694326,1,0.0,0.0,1.0,0
0.4768925256381,1,-0.8150183094872931,-1.0057476070746194,-1.0223976130812507,0.7168853643458143,1,1,0.795019140665285,1,0.0,0.0,1.0,0
0.06750538945878398,1,-1.4003297503926213,0.7284708502912138,-1.0223976130812507,0.7168853643458143,1,1,1.1554292882754116,1,1.0,0.0,0.0,0
0.025516965235264394,0,-0.03460305494685562,1.422158233237547,-1.0223976130812507,0.7168853643458143,1,1,0.5741920861871103,1,1.0,0.0,0.0,0
-0.15293383771469388,1,1.0384679200462459,-0.31206022412828616,0.9216135623336134,-1.0457411022578735,1,0,-1.300231459255139,0,0.0,1.0,0.0,1
1.831019206846607,1,-0.8150183094872931,-1.0057476070746194,-1.0223976130812507,0.7168853643458143,0,1,-1.6704673311292324,1,1.0,0.0,0.0,0
0.23545908635286236,0,0.16050075868825375,0.7284708502912138,-1.0223976130812507,0.7168853643458143,1,1,1.1111267815130996,1,0.0,0.0,1.0,0
2.030464221908325,1,-0.9125702163048478,0.38162715881804715,-1.0223976130812507,0.7168853643458143,1,1,-1.5448193683585796,1,1.0,0.0,0.0,0
2.030464221908325,0,-0.5223625890346291,-0.6589039156014528,-1.0223976130812507,0.7168853643458143,1,1,-1.5363762269363606,1,1.0,0.0,0.0,0
-0.29989332249701245,1,-1.0101221231224025,-0.31206022412828616,-1.0223976130812507,0.7168853643458143,1,1,1.3365580502533279,1,0.0,0.0,1.0,0
0.27744751057638195,1,-0.7174664026697384,-1.0057476070746194,-1.0223976130812507,0.7168853643458143,0,1,-0.3884006388599009,1,1.0,0.0,0.0,0
-0.4048643830558114,1,-0.5223625890346291,-0.31206022412828616,-1.0223976130812507,0.7168853643458143,1,1,-0.38452475723301566,1,0.0,0.0,1.0,0
0.7708114952027372,1,-1.1076740299399572,0.03478346734488051,-1.0223976130812507,0.7168853643458143,1,1,0.28398241320896556,1,1.0,0.0,0.0,0
0.8547883436497763,1,-0.22970686858196498,0.03478346734488051,-1.0223976130812507,0.7168853643458143,1,1,-0.04913885592259479,1,0.0,0.0,1.0,0
0.015019859179384495,1,-1.3027778435750665,-0.6589039156014528,-1.0223976130812507,0.7168853643458143,0,1,1.2879375962246808,1,1.0,0.0,0.0,0
0.5713664801410191,0,-1.0101221231224025,0.03478346734488051,-1.0223976130812507,0.7168853643458143,1,1,-0.0998230347476517,1,0.0,0.0,1.0,0
-0.5098354436146104,0,-1.0101221231224025,1.422158233237547,-1.0223976130812507,0.7168853643458143,1,1,0.43978261839596944,1,1.0,0.0,0.0,0
-0.20541936799409335,0,1.623779360951574,-1.3525912985477861,0.9649365653683162,-1.0457411022578735,1,0,-0.3171772368298833,0,0.0,1.0,0.0,1
0.40341278324694074,1,-0.1321549617644103,-1.0057476070746194,-1.0223976130812507,0.7168853643458143,1,1,-0.0003636442211110386,1,1.0,0.0,0.0,0
-0.16343094377057377,0,-1.2052259367575118,-0.31206022412828616,0.45222392780062626,0.7168853643458143,0,1,-1.241466570373958,0,1.0,0.0,0.0,0
-1.6750142158172792,1,0.2580526655058084,0.03478346734488051,0.27495863900679696,-1.0457411022578735,0,0,-0.1905738362741251,0,0.0,1.0,0.0,1
-0.016471458988255198,0,-0.9125702163048478,1.422158233237547,-1.0223976130812507,0.7168853643458143,0,1,-0.24250024036545334,1,0.0,0.0,1.0,0
-0.37337306488817174,1,1.2335717336813552,-0.31206022412828616,0.7491040603496681,-1.0457411022578735,0,0,1.353730079608038,0,0.0,1.0,0.0,1
-0.07945409532353459,1,0.2580526655058084,-1.6994349900209527,-1.0223976130812507,0.7168853643458143,0,1,0.535291697876738,1,1.0,0.0,0.0,0
-0.27889911038525267,1,-0.8150183094872931,-0.6589039156014528,-1.0223976130812507,0.7168853643458143,0,1,-1.5480437757012684,1,0.0,0.0,1.0,0
1.2746725858849723,1,-1.4003297503926213,-0.31206022412828616,-1.0223976130812507,0.7168853643458143,1,1,1.0946778799390904,1,1.0,0.0,0.0,0
1.600082873617249,1,-0.22970686858196498,1.422158233237547,0.08712366436443987,0.7168853643458143,0,1,0.16345845616653276,0,1.0,0.0,0.0,0
-0.0059743529323753,1,-0.8150183094872931,-0.6589039156014528,-1.0223976130812507,0.7168853643458143,0,1,-1.433236657310917,1,1.0,0.0,0.0,0
0.5503722680292593,0,-0.22970686858196498,1.0753145417643806,-1.0223976130812507,0.7168853643458143,1,1,-0.5211284181725548,1,1.0,0.0,0.0,0
1.2431812677173326,1,-0.8150183094872931,-0.31206022412828616,-1.0223976130812507,0.7168853643458143,0,1,-0.7330600293752745,1,0.0,0.0,1.0,0
0.8652854497056562,1,-0.7174664026697384,-1.3525912985477861,-1.0223976130812507,0.7168853643458143,1,1,-0.7155609616648488,1,0.0,0.0,1.0,0
-0.27889911038525267,0,-0.7174664026697384,-1.3525912985477861,-1.0223976130812507,0.7168853643458143,1,1,1.2160122328221312,1,0.0,0.0,1.0,0
-0.04796277715589489,0,0.16050075868825375,1.0753145417643806,0.33694075615011854,0.7168853643458143,0,1,0.1416169783737744,0,1.0,0.0,0.0,0
0.8337941315380165,0,-1.0101221231224025,-1.0057476070746194,-1.0223976130812507,0.7168853643458143,1,1,0.30738985821588105,1,0.0,0.0,1.0,0
0.781308601258617,1,-0.5223625890346291,-0.31206022412828616,-1.0223976130812507,0.7168853643458143,1,1,-0.42972145799286404,1,1.0,0.0,0.0,0
1.3481523282761316,0,0.16050075868825375,-0.6589039156014528,-1.0223976130812507,0.7168853643458143,1,1,-0.04998030739485951,1,1.0,0.0,0.0,0
-2.6512450790141093,0,1.5262274541340193,-0.31206022412828616,0.9984061902240445,-1.0457411022578735,1,0,-0.27755667015634167,0,0.0,1.0,0.0,1
0.5188809498616196,1,-1.0101221231224025,-0.6589039156014528,-1.0223976130812507,0.7168853643458143,0,1,1.419711846198868,1,0.0,0.0,1.0,0
1.5685915554496093,1,-1.9856411912979492,-0.6589039156014528,-1.0223976130812507,0.7168853643458143,1,1,-0.22066969276707707,1,0.0,0.0,1.0,0
-0.5308296557263702,1,0.9409160132286912,-0.31206022412828616,1.1103140015832356,-1.0457411022578735,0,0,-1.1038056299968966,0,0.0,1.0,0.0,1
1.600082873617249,1,0.4531564791409178,-1.0057476070746194,-1.0223976130812507,0.7168853643458143,1,1,0.575907779714786,1,1.0,0.0,0.0,0
